userId,movieId,rating,timestamp
240,24,4.0,1420056240
488,94,3.5,1420057620
139,171,2.5,1420060560
165,65,3.5,1420070520
66,178,5.0,1420073340
190,100,3.5,1420094520
402,275,2.5,1420097760
207,243,4.5,1420098720
395,56,3.5,1420099440
293,207,1.5,1420104420
113,175,3.5,1420106640
498,146,3.0,1420106940
447,98,5.0,1420108260
87,70,4.0,1420111020
322,101,3.5,1420111080
459,94,2.5,1420112220
138,176,3.0,1420126800
492,263,3.5,1420127400
34,294,3.0,1420130160
364,197,4.0,1420131420
128,34,4.0,1420132920
154,189,3.0,1420145880
84,249,3.0,1420152240
484,65,3.5,1420158060
318,178,3.0,1420164540
35,172,3.0,1420165500
460,26,4.5,1420175280
466,5,2.0,1420176180
140,153,2.5,1420176480
327,296,2.5,1420183260
265,15,2.5,1420186440
390,117,3.0,1420189140
171,256,2.5,1420189500
467,182,4.5,1420194600
141,279,2.5,1420197840
42,150,3.5,1420199760
323,169,2.5,1420204920
274,218,3.0,1420208520
152,256,4.5,1420208820
290,26,3.0,1420213680
274,250,3.5,1420222200
117,57,2.5,1420224600
382,134,3.0,1420225740
230,256,3.0,1420227120
146,82,2.5,1420233360
234,197,4.5,1420236660
419,220,3.5,1420237080
97,279,2.5,1420245180
128,42,3.5,1420248840
133,243,4.0,1420258980
395,10,3.0,1420261560
186,13,4.0,1420267440
481,134,3.5,1420273920
252,71,4.5,1420274820
7,189,2.0,1420284600
470,173,2.5,1420287480
381,269,4.5,1420290480
477,279,2.5,1420292820
192,289,3.0,1420294500
320,90,3.5,1420298700
487,152,2.5,1420300980
398,24,2.5,1420303620
454,250,4.0,1420304160
438,42,1.0,1420308360
279,3,2.0,1420310460
15,82,3.0,1420311780
203,180,3.0,1420320540
85,2,2.0,1420323540
219,171,1.5,1420324320
79,24,3.0,1420326420
440,222,2.5,1420327020
27,40,3.5,1420337640
214,233,2.0,1420342200
431,182,3.5,1420344840
216,289,1.5,1420345860
117,250,4.0,1420346640
116,220,2.5,1420353960
144,155,2.0,1420355160
422,1,4.0,1420356420
220,43,4.5,1420356600
158,30,3.0,1420358100
42,21,3.0,1420360320
270,245,5.0,1420361100
292,70,3.5,1420369620
335,87,4.5,1420371660
267,31,4.0,1420374240
138,270,3.0,1420378140
157,30,5.0,1420379940
484,184,3.0,1420384320
17,121,4.0,1420385940
169,80,2.5,1420386060
85,172,4.0,1420390560
328,71,5.0,1420391700
174,250,3.5,1420393140
253,73,2.5,1420395060
179,203,5.0,1420398900
231,150,1.5,1420399560
316,235,3.0,1420400580
365,253,2.5,1420403280
114,154,2.5,1420408380
40,294,3.5,1420410660
182,92,4.5,1420417740
239,197,4.0,1420422960
18,231,3.5,1420426440
43,93,4.0,1420428360
325,262,3.0,1420431000
247,206,5.0,1420432680
88,186,3.0,1420438440
428,150,0.5,1420449420
317,250,4.0,1420455000
52,48,3.5,1420460820
361,194,2.0,1420465620
91,208,2.5,1420470900
494,103,3.0,1420478040
276,71,4.0,1420480380
172,83,3.0,1420482720
25,253,2.5,1420488420
422,300,4.0,1420492980
276,43,2.5,1420494480
491,151,2.0,1420495920
466,63,4.0,1420497600
357,79,3.0,1420506240
223,251,4.0,1420517220
450,235,3.5,1420520100
169,147,3.0,1420521180
95,218,3.0,1420522320
320,293,3.5,1420537080
499,233,3.0,1420537380
490,176,3.0,1420543500
459,255,3.5,1420544760
353,197,4.5,1420548180
24,149,0.5,1420549560
192,290,3.0,1420551120
498,245,4.5,1420561080
240,79,4.0,1420561140
13,96,4.5,1420561320
161,216,5.0,1420564380
134,65,4.0,1420564680
413,51,5.0,1420564860
193,288,3.5,1420565760
191,158,2.5,1420569720
420,233,3.0,1420576740
285,185,4.0,1420579380
298,198,4.0,1420584360
272,198,1.0,1420587900
150,68,3.0,1420588020
389,229,4.0,1420588080
403,147,4.0,1420595100
239,59,3.5,1420600440
271,210,2.5,1420604460
155,26,3.5,1420607760
163,208,2.5,1420608720
283,188,2.5,1420615980
176,245,3.0,1420621200
412,152,4.5,1420623780
241,165,1.5,1420624800
121,172,5.0,1420626420
153,154,3.5,1420641720
194,101,3.5,1420642620
248,146,3.5,1420644360
451,164,4.0,1420669440
428,21,2.5,1420673820
63,15,3.0,1420675560
446,240,4.5,1420675740
109,3,2.0,1420680480
91,172,5.0,1420681200
324,256,5.0,1420681680
41,38,3.0,1420684500
231,66,4.0,1420684500
127,273,2.5,1420687380
213,150,4.5,1420696200
59,105,5.0,1420700880
376,65,3.0,1420707660
473,155,3.0,1420709820
210,107,3.0,1420710180
26,264,3.5,1420714620
443,178,2.5,1420716060
367,141,5.0,1420716960
304,129,4.0,1420717500
209,175,3.5,1420718880
384,38,4.0,1420719000
419,185,4.5,1420720320
94,3,2.0,1420721460
247,233,4.0,1420724940
308,64,4.5,1420725300
157,42,3.5,1420727940
479,101,1.5,1420736760
80,129,3.5,1420738560
14,289,1.5,1420745040
238,37,2.5,1420746180
475,106,3.5,1420748640
209,255,3.5,1420751760
236,273,2.0,1420753800
111,222,3.5,1420756980
340,279,4.0,1420757700
280,65,4.0,1420764720
317,34,3.0,1420766100
474,174,2.5,1420780980
312,176,3.5,1420781700
21,203,1.5,1420787460
482,239,3.0,1420788120
376,216,3.5,1420788720
418,252,2.5,1420789500
25,280,3.5,1420790880
372,182,4.5,1420793100
228,71,5.0,1420801200
479,221,1.5,1420808880
244,259,2.5,1420809240
495,36,5.0,1420810080
222,63,3.0,1420811580
460,252,4.5,1420812360
236,203,3.0,1420813740
420,209,3.0,1420815180
210,140,3.5,1420815720
476,121,1.5,1420819020
476,18,2.5,1420822080
229,297,3.5,1420823340
284,289,2.0,1420828380
21,94,2.5,1420837920
413,169,3.0,1420839480
77,120,3.0,1420842660
350,191,4.5,1420856340
348,21,2.5,1420860300
350,222,3.5,1420877760
189,173,4.0,1420878900
197,184,3.0,1420879260
248,59,4.0,1420881720
9,30,5.0,1420882560
5,107,3.5,1420887960
377,250,3.5,1420899780
298,269,5.0,1420900740
209,192,4.0,1420902900
395,207,2.0,1420904940
308,243,4.0,1420906740
141,290,2.5,1420917120
389,207,1.5,1420924980
379,13,5.0,1420926120
492,270,2.5,1420929540
192,74,3.0,1420932480
471,134,4.5,1420945200
114,101,2.5,1420947060
267,82,3.0,1420947420
431,56,3.5,1420950900
215,78,5.0,1420957080
466,146,3.0,1420958700
194,154,3.5,1420961820
301,23,1.5,1420965420
303,37,4.0,1420967460
54,245,3.5,1420969920
190,84,4.0,1420982940
332,173,4.0,1420983780
89,10,3.5,1420985940
142,197,4.0,1420987860
425,4,4.0,1420994100
462,137,3.5,1420994340
167,45,3.0,1420994580
212,94,1.5,1420999020
99,273,2.0,1421001660
38,269,4.0,1421008020
57,250,3.5,1421009040
112,299,3.0,1421011020
293,124,2.5,1421013000
1,52,2.5,1421013480
461,265,2.0,1421014620
74,137,4.0,1421014920
318,35,1.5,1421018340
141,173,3.0,1421024520
119,45,2.0,1421026320
67,279,1.5,1421038260
301,269,2.5,1421038560
317,139,2.0,1421039460
445,36,4.0,1421050200
118,73,3.5,1421055420
444,40,3.5,1421056740
54,103,1.5,1421062020
134,70,3.0,1421066400
368,174,5.0,1421072100
483,198,3.0,1421073480
108,5,1.5,1421075820
397,290,3.5,1421077620
214,129,3.0,1421077680
180,10,4.0,1421077680
267,290,1.0,1421085480
129,23,5.0,1421089860
135,275,1.0,1421091060
239,55,2.5,1421094120
125,205,4.0,1421099460
204,233,2.5,1421101080
347,206,3.5,1421101920
37,76,3.5,1421103420
369,129,3.5,1421107620
336,86,5.0,1421115180
118,98,3.0,1421117400
317,205,3.0,1421125380
92,134,4.5,1421127420
143,217,3.5,1421129220
399,243,3.5,1421132280
485,220,2.0,1421135040
433,153,4.0,1421136000
214,152,4.0,1421138520
90,57,4.5,1421142240
419,172,5.0,1421145660
51,94,4.0,1421146620
293,63,2.0,1421148480
465,273,3.0,1421150700
340,79,3.5,1421153820
85,81,2.0,1421154480
312,256,3.5,1421157000
67,256,2.5,1421158920
228,173,5.0,1421160660
42,254,3.0,1421164560
323,63,2.0,1421167620
347,169,4.5,1421168160
154,284,2.5,1421172780
442,24,4.5,1421179020
218,170,2.5,1421182680
118,21,3.0,1421184120
385,245,3.5,1421185560
170,173,3.5,1421188020
4,93,3.5,1421199900
186,172,4.5,1421200740
483,267,4.5,1421211480
180,104,4.0,1421213820
417,272,3.0,1421223420
41,172,4.5,1421227500
178,3,1.5,1421233500
313,146,3.0,1421234580
211,135,2.0,1421234640
104,222,4.0,1421235540
286,15,3.5,1421238120
195,19,3.0,1421241060
128,137,3.5,1421241180
121,300,4.5,1421241780
241,190,2.5,1421246100
229,117,4.0,1421249460
97,197,3.5,1421253240
322,170,3.0,1421254800
286,243,3.5,1421262060
240,220,2.5,1421269080
306,300,3.0,1421281140
362,172,4.5,1421281140
471,128,2.5,1421282340
361,159,4.5,1421284920
441,208,1.5,1421306400
423,269,4.5,1421310060
145,101,3.0,1421311680
179,73,4.5,1421313780
291,182,3.5,1421316660
166,299,3.5,1421316720
278,271,2.0,1421319480
490,88,3.0,1421323380
49,279,4.0,1421332200
252,197,3.5,1421332800
64,275,1.5,1421342160
347,147,3.5,1421348040
318,159,4.0,1421358240
495,236,3.0,1421365260
394,226,2.5,1421370360
38,5,2.5,1421386440
496,137,3.0,1421386920
496,80,2.0,1421388960
211,101,2.5,1421392740
183,73,2.5,1421395800
85,20,2.5,1421399220
480,284,3.0,1421401320
153,27,2.5,1421404740
74,200,2.0,1421413260
44,59,3.0,1421416440
443,249,3.0,1421423280
86,6,3.5,1421426640
428,243,1.5,1421428140
184,42,2.5,1421434440
131,233,3.0,1421434440
190,64,3.0,1421440380
53,279,4.0,1421440500
263,2,2.0,1421441160
167,30,4.5,1421453940
441,15,2.5,1421460300
308,32,3.5,1421464380
179,107,5.0,1421465160
2,62,3.0,1421467200
11,244,4.0,1421467260
477,28,3.0,1421467380
36,280,2.0,1421471100
444,28,4.5,1421480040
344,94,3.5,1421486460
439,78,3.5,1421486940
212,204,3.0,1421493420
264,159,3.0,1421493900
356,183,5.0,1421497320
451,51,2.5,1421497620
203,186,3.0,1421498580
100,178,2.5,1421504160
472,103,3.0,1421504940
108,64,4.0,1421511360
284,203,2.0,1421523060
500,163,2.0,1421534760
274,13,4.0,1421537400
169,289,3.0,1421539260
261,160,2.0,1421542200
82,34,2.5,1421542380
158,65,3.5,1421542800
384,217,3.5,1421544780
403,72,3.5,1421549760
262,107,2.0,1421552940
181,151,2.0,1421557980
146,126,2.5,1421559000
342,31,3.5,1421559060
482,72,2.0,1421564880
157,18,4.0,1421577300
194,121,4.5,1421583960
296,164,4.5,1421605320
20,149,2.5,1421608380
222,101,2.0,1421614320
214,124,3.5,1421617080
186,47,3.5,1421617920
488,185,4.0,1421620200
453,188,4.5,1421621400
97,64,3.5,1421621820
88,294,3.5,1421622960
38,119,3.0,1421626620
450,48,2.5,1421628060
384,198,4.0,1421628180
270,206,5.0,1421632320
208,269,4.0,1421632980
39,289,1.5,1421633280
411,176,3.0,1421636820
269,252,2.0,1421639760
483,5,3.0,1421651580
136,171,2.0,1421662500
198,160,2.0,1421666580
366,24,3.5,1421671080
497,1,4.0,1421675340
355,241,4.0,1421680380
176,64,3.0,1421687280
26,137,4.0,1421690520
492,195,2.5,1421696040
28,274,4.5,1421699100
360,70,1.0,1421709120
138,233,3.0,1421715660
353,94,3.5,1421716020
32,37,2.5,1421738640
475,251,4.0,1421747100
166,240,1.5,1421749260
302,183,2.0,1421754780
94,36,3.5,1421763060
364,175,3.0,1421775420
436,276,3.0,1421778480
232,243,4.0,1421781540
396,171,1.5,1421788800
498,260,2.5,1421793000
108,73,2.5,1421793360
134,231,4.0,1421796300
150,160,3.5,1421796600
81,13,4.0,1421806020
298,243,4.0,1421808960
187,156,3.5,1421809800
277,24,2.5,1421814360
85,121,4.0,1421815800
310,143,3.0,1421817960
375,31,3.5,1421820180
479,289,1.5,1421832240
73,15,4.0,1421839680
154,288,1.5,1421848080
439,291,3.5,1421848800
249,241,3.0,1421851320
427,67,4.0,1421858640
347,150,3.5,1421861760
255,216,3.5,1421862420
237,184,3.5,1421863680
346,251,3.0,1421866200
339,64,3.5,1421872860
226,211,5.0,1421873760
462,64,4.0,1421876880
488,244,3.5,1421880600
289,256,3.5,1421881620
102,293,2.0,1421884200
154,14,2.0,1421885940
489,230,5.0,1421886120
45,191,2.5,1421892060
178,165,2.5,1421898360
490,251,2.5,1421898360
418,141,3.5,1421900520
305,47,2.0,1421901960
387,5,2.0,1421917500
134,93,4.0,1421918940
43,147,4.5,1421926200
343,129,4.5,1421926740
417,65,3.5,1421933520
17,275,1.5,1421948040
135,222,2.5,1421955060
168,14,3.5,1421959740
9,53,4.0,1421961420
448,220,4.0,1421962200
186,230,4.5,1421969100
90,290,3.5,1421969760
461,245,3.0,1421972580
400,10,3.5,1421973000
425,121,5.0,1421973660
264,200,2.5,1421975160
152,197,4.0,1421976180
339,40,3.0,1421979360
85,217,3.5,1421985060
27,296,4.5,1421986680
375,290,1.5,1421988780
233,267,3.5,1421991000
455,255,3.5,1421994180
429,24,3.5,1421996400
348,51,3.5,1422000000
431,251,3.0,1422005520
320,52,3.5,1422006120
174,1,5.0,1422006660
237,282,4.5,1422024300
18,169,3.5,1422025860
275,265,2.5,1422027420
436,251,3.0,1422028320
272,256,2.0,1422028500
315,277,1.5,1422029820
147,28,4.5,1422032760
107,174,2.0,1422034080
308,275,1.5,1422036540
2,288,3.0,1422038340
424,203,3.0,1422039540
56,142,4.5,1422041460
164,88,2.5,1422042240
396,92,2.5,1422044640
293,64,3.0,1422047160
98,58,3.5,1422052320
130,123,4.0,1422053040
455,182,4.0,1422055200
254,42,2.5,1422066840
9,137,4.0,1422068100
94,207,2.5,1422070860
28,258,2.5,1422092040
23,222,2.5,1422092040
115,94,3.0,1422093660
356,111,4.0,1422106800
444,200,3.0,1422107460
290,105,3.0,1422111120
9,222,2.5,1422114600
398,251,3.0,1422115860
2,52,3.0,1422116760
468,250,4.0,1422120420
33,250,4.0,1422130260
438,217,3.0,1422130860
204,294,4.5,1422133200
438,64,2.5,1422135780
408,189,3.5,1422149280
323,275,1.0,1422150660
311,283,2.0,1422158640
342,35,1.5,1422159000
131,275,1.5,1422163380
282,118,3.5,1422164580
2,18,2.5,1422165600
97,249,3.0,1422165960
197,73,3.0,1422166440
49,256,3.0,1422171960
346,89,3.0,1422172020
319,148,3.0,1422172740
161,146,3.0,1422175380
106,105,3.0,1422180960
402,38,3.5,1422183720
280,170,1.5,1422185640
166,231,3.5,1422187320
431,127,3.0,1422191280
441,127,3.0,1422194580
446,250,4.5,1422207000
131,251,4.5,1422207780
399,64,3.0,1422208380
16,220,3.5,1422212760
246,249,3.0,1422233640
133,201,2.0,1422243900
121,294,4.0,1422244440
316,152,4.5,1422246000
19,121,4.0,1422250440
348,3,1.0,1422254280
360,217,1.0,1422256560
49,65,4.0,1422259440
96,106,2.5,1422262680
182,217,5.0,1422263520
58,60,2.5,1422276540
465,160,3.0,1422290100
278,187,2.5,1422291660
59,184,3.5,1422292800
339,31,4.5,1422308160
210,174,3.0,1422316680
480,279,3.0,1422317460
332,34,2.0,1422318960
437,278,2.0,1422319200
345,174,2.0,1422336600
420,184,3.0,1422338040
304,71,4.5,1422339000
84,202,3.5,1422339060
313,275,1.0,1422346200
311,64,3.5,1422347100
116,198,3.0,1422349680
444,141,5.0,1422349920
31,38,3.5,1422352800
345,235,3.0,1422355920
161,257,4.0,1422356700
126,201,3.5,1422359460
264,81,2.5,1422361560
292,170,2.5,1422363420
106,252,4.0,1422369900
20,264,3.5,1422369960
29,63,2.0,1422371160
370,197,4.5,1422376080
138,245,3.0,1422380820
156,290,4.0,1422385500
464,40,3.0,1422386640
191,198,1.5,1422391260
222,233,1.5,1422391980
283,228,4.0,1422396780
220,220,3.5,1422401520
473,14,4.0,1422404700
128,18,3.0,1422407700
463,213,3.0,1422412620
456,134,3.5,1422419760
145,48,2.5,1422422340
213,240,4.5,1422424200
457,294,3.5,1422434100
80,60,3.0,1422436440
40,146,2.5,1422442080
482,103,2.5,1422442080
413,86,4.5,1422456180
380,284,1.5,1422467100
301,172,3.0,1422467400
57,55,2.5,1422486180
300,269,3.5,1422488040
335,180,3.5,1422490860
58,114,4.0,1422491760
140,245,3.5,1422496500
446,269,5.0,1422504420
135,197,3.5,1422505320
323,174,3.0,1422509640
69,289,2.5,1422513900
156,13,5.0,1422518100
33,262,3.5,1422519960
172,52,3.5,1422522780
128,264,4.0,1422525420
448,27,3.0,1422528300
87,257,4.0,1422530160
114,198,2.5,1422531540
455,221,4.0,1422535380
176,40,3.0,1422545640
353,215,2.5,1422553800
147,157,4.5,1422553800
334,269,3.5,1422557760
202,159,4.5,1422558300
251,94,4.0,1422560100
147,73,3.0,1422568080
198,279,4.5,1422568920
59,251,4.0,1422578220
15,202,4.0,1422581280
261,217,2.5,1422584760
370,121,3.5,1422585720
329,151,3.5,1422585780
457,238,4.0,1422585960
111,182,4.5,1422592020
439,55,3.0,1422594060
367,105,4.5,1422595980
60,48,2.5,1422602160
43,81,3.5,1422604860
230,129,2.5,1422605700
356,203,4.5,1422607140
455,150,3.0,1422613680
461,159,3.0,1422614640
274,138,3.0,1422617400
99,146,3.5,1422618900
1,106,3.0,1422619560
141,51,3.0,1422619740
345,279,3.0,1422621420
417,195,3.0,1422625020
301,299,2.0,1422630060
450,250,3.5,1422631680
417,15,3.5,1422634860
4,288,2.5,1422635040
121,180,4.0,1422638160
405,176,3.5,1422639780
324,262,5.0,1422648000
72,243,4.0,1422648900
68,294,2.5,1422649620
196,66,2.0,1422649920
163,15,3.0,1422656700
332,47,2.5,1422656700
306,119,3.0,1422657840
66,186,4.5,1422659100
122,253,2.0,1422665580
98,201,2.5,1422668400
157,249,4.0,1422670860
4,208,4.0,1422670920
89,238,5.0,1422674400
5,205,2.5,1422682080
76,217,2.5,1422686640
147,208,3.0,1422688380
239,231,3.0,1422689460
249,215,3.5,1422690360
323,145,2.0,1422691380
416,45,2.5,1422693180
178,242,2.5,1422693720
70,64,3.0,1422695580
56,249,3.5,1422699660
500,233,3.5,1422704400
384,79,5.0,1422708300
465,231,3.5,1422709440
142,170,1.5,1422712080
235,223,2.5,1422712680
446,80,2.5,1422713340
496,165,2.5,1422713880
410,207,1.5,1422718260
247,50,4.5,1422723900
234,142,4.0,1422724560
66,248,3.0,1422727680
165,205,2.0,1422738420
70,198,2.5,1422743340
47,36,4.0,1422744060
117,215,2.5,1422757380
421,192,4.5,1422766260
219,138,4.0,1422771060
46,175,2.5,1422772440
76,178,2.0,1422776340
14,91,2.5,1422776940
407,116,3.0,1422777540
67,258,2.0,1422779160
307,157,3.5,1422779340
225,66,4.5,1422787380
148,141,3.5,1422790860
50,60,2.5,1422791820
273,144,4.0,1422795540
288,275,2.0,1422802800
497,123,5.0,1422802860
463,174,2.5,1422805800
205,143,4.0,1422807060
304,206,4.5,1422808380
429,172,5.0,1422813720
257,101,3.5,1422816120
387,262,4.0,1422821220
155,289,2.0,1422821520
439,106,3.5,1422826560
374,300,4.0,1422828480
325,80,2.5,1422831780
440,81,2.0,1422839880
276,65,3.0,1422845820
436,170,1.0,1422849480
391,265,3.5,1422859320
46,68,2.0,1422861180
351,172,4.5,1422866040
386,137,3.5,1422866760
153,24,4.0,1422878700
482,245,3.5,1422878820
412,101,4.5,1422884520
320,94,4.5,1422884640
211,208,2.5,1422888480
419,153,5.0,1422888720
236,77,2.5,1422889200
45,43,2.5,1422893160
280,77,3.0,1422894660
261,109,2.5,1422898140
425,172,4.5,1422900840
368,275,2.0,1422902760
390,250,3.0,1422905340
448,248,2.0,1422906060
464,237,3.5,1422907980
466,3,2.5,1422912900
16,182,4.0,1422918360
64,220,3.5,1422918600
490,169,3.0,1422920220
479,106,1.5,1422921120
262,151,3.5,1422922500
400,103,3.0,1422925260
222,172,3.0,1422929220
155,198,1.5,1422929700
116,71,4.5,1422930660
488,217,3.5,1422933000
174,37,4.5,1422939600
64,3,3.0,1422943380
217,119,3.0,1422943620
398,262,3.5,1422952320
480,221,2.0,1422953520
172,290,2.5,1422954360
35,258,2.5,1422957480
500,171,2.5,1422957660
275,239,2.5,1422958140
469,105,2.5,1422959880
420,210,4.0,1422960780
68,178,2.0,1422960960
142,289,1.5,1422961260
296,178,3.0,1422964320
116,229,4.0,1422965220
22,56,4.5,1422966000
128,178,3.5,1422977640
497,48,4.5,1422978060
417,294,4.0,1422982800
481,52,4.5,1422983880
98,107,2.5,1422984060
499,272,3.0,1422984300
120,251,2.0,1422984840
473,24,3.5,1422987180
379,145,4.0,1422989100
441,200,1.5,1422989280
489,271,3.5,1422992340
110,72,2.0,1423001520
90,240,3.0,1423004340
121,285,5.0,1423006380
232,269,4.5,1423008180
71,217,5.0,1423011000
187,134,4.5,1423011300
278,165,3.0,1423015440
405,269,3.5,1423021920
41,61,4.0,1423028580
101,255,4.0,1423043160
373,231,2.0,1423046640
465,243,4.5,1423060200
466,241,3.5,1423066320
393,142,2.5,1423073040
306,255,3.5,1423079160
26,172,4.0,1423098900
68,31,3.0,1423102200
449,169,4.0,1423104840
382,289,2.5,1423105080
27,273,4.0,1423106400
123,153,3.0,1423113660
17,61,4.0,1423117740
457,137,4.5,1423118220
245,121,4.0,1423119000
357,71,2.5,1423120500
124,5,2.5,1423131360
451,236,2.0,1423134540
153,132,4.0,1423138920
235,47,1.0,1423150320
32,230,3.5,1423152960
93,229,2.5,1423158000
2,289,3.0,1423158480
396,194,2.0,1423159080
495,235,4.0,1423164420
375,137,3.0,1423165980
127,88,3.5,1423174020
125,185,5.0,1423174740
487,213,3.5,1423177440
408,65,4.0,1423185300
124,233,2.0,1423186260
245,180,3.5,1423187580
500,58,4.0,1423188120
275,206,3.5,1423189980
296,219,2.5,1423190580
138,48,2.0,1423198800
203,196,3.0,1423198860
294,134,4.0,1423202520
453,201,2.5,1423204320
341,136,3.0,1423205220
124,242,2.5,1423205700
108,120,4.0,1423207080
195,184,2.0,1423207860
8,233,2.0,1423208460
238,146,2.5,1423212720
366,283,3.0,1423216740
249,18,2.5,1423244700
461,32,3.5,1423251780
451,120,2.5,1423251900
486,289,2.5,1423254000
358,192,3.5,1423254840
188,269,4.0,1423256160
54,8,3.0,1423258440
392,236,2.0,1423268280
400,231,4.5,1423272060
413,82,4.0,1423272120
495,147,3.0,1423278660
293,197,3.0,1423288440
100,47,3.0,1423288920
178,299,2.5,1423294680
386,217,4.0,1423296900
240,256,3.0,1423299420
255,19,3.0,1423301760
205,127,2.5,1423308120
162,275,2.5,1423310700
136,253,3.0,1423312380
68,79,2.5,1423316520
193,135,2.0,1423317600
267,210,3.0,1423318440
454,71,4.0,1423321380
490,133,2.0,1423322820
79,226,4.0,1423323420
429,233,2.5,1423327020
353,10,2.5,1423328040
397,14,2.5,1423331220
333,137,3.5,1423332000
179,264,5.0,1423336020
3,132,5.0,1423346820
11,288,2.5,1423347600
228,116,2.5,1423348500
374,86,4.5,1423350780
36,95,2.5,1423356600
201,193,5.0,1423356900
457,264,4.5,1423360920
392,66,2.0,1423363560
123,27,2.0,1423368240
283,242,2.5,1423373100
132,154,3.0,1423377480
300,253,1.0,1423395120
74,245,3.5,1423401540
429,291,1.0,1423406160
68,216,4.0,1423415700
184,55,2.0,1423416360
282,116,3.0,1423418820
402,105,2.5,1423422480
26,94,3.5,1423423980
342,101,3.0,1423426380
285,155,3.0,1423429200
275,157,2.0,1423439280
119,240,2.5,1423440540
459,170,3.0,1423451700
27,179,4.0,1423454220
71,15,4.0,1423457580
250,14,2.5,1423459860
38,267,3.5,1423461960
234,296,3.5,1423464960
387,175,4.0,1423467720
440,254,3.0,1423472100
60,249,4.5,1423473420
159,74,3.5,1423477440
319,252,4.5,1423478400
82,137,4.5,1423481700
475,68,2.0,1423487880
68,43,2.5,1423493040
335,250,3.5,1423494480
67,104,3.0,1423495140
303,134,3.0,1423495620
392,36,2.5,1423497840
193,294,2.0,1423499400
364,296,3.5,1423501740
368,94,4.0,1423502580
52,30,4.0,1423506780
184,103,4.0,1423512180
79,38,2.5,1423518660
81,14,4.0,1423519440
259,43,3.5,1423524060
238,81,3.0,1423531980
255,134,3.5,1423534800
334,24,3.0,1423539480
53,79,4.5,1423541100
283,174,3.0,1423542660
219,10,3.0,1423544820
440,217,4.0,1423547580
373,14,3.0,1423561920
19,197,3.5,1423566000
363,154,2.5,1423567680
226,172,4.5,1423567980
291,36,5.0,1423575540
190,94,3.5,1423579680
309,14,3.0,1423586520
426,66,3.0,1423590600
402,168,3.0,1423603260
406,210,2.5,1423604340
29,223,2.5,1423608300
474,81,1.5,1423612440
91,222,3.5,1423620900
478,151,3.5,1423621260
361,15,3.0,1423627020
43,123,5.0,1423628280
329,100,4.5,1423628700
288,47,3.5,1423634580
411,106,3.0,1423635000
45,215,3.0,1423647780
164,118,3.0,1423650960
168,127,2.5,1423658280
442,89,5.0,1423661640
152,231,2.5,1423667460
411,163,2.5,1423669860
178,171,2.0,1423672440
255,5,2.0,1423674420
287,293,4.0,1423674900
84,280,3.0,1423678140
48,299,4.0,1423694220
181,206,2.5,1423698600
152,37,4.5,1423701180
486,9,3.5,1423704780
181,13,3.5,1423707180
270,253,4.5,1423707840
132,14,3.5,1423711320
283,137,3.5,1423716720
206,80,2.5,1423717260
344,238,3.5,1423719480
69,228,3.5,1423722000
262,73,3.0,1423725480
15,220,2.0,1423726620
214,123,4.0,1423726680
82,278,3.5,1423727400
162,171,3.5,1423730580
213,159,5.0,1423733220
392,291,2.0,1423733640
411,206,3.0,1423736760
32,152,3.0,1423737000
30,89,5.0,1423761300
454,154,3.0,1423764060
261,121,3.5,1423776120
252,229,3.0,1423797840
464,243,3.5,1423802220
322,240,2.0,1423806240
135,206,3.5,1423808460
414,19,3.5,1423809240
129,267,3.0,1423810200
64,60,2.5,1423816080
182,244,4.0,1423822500
187,231,4.0,1423824960
46,240,3.0,1423828680
418,40,2.5,1423833660
131,101,4.5,1423834980
238,175,3.0,1423835040
324,168,4.5,1423847400
69,3,3.0,1423864740
294,243,4.0,1423865460
147,134,3.5,1423877700
390,73,2.5,1423878540
383,231,3.0,1423881120
431,247,1.0,1423882320
9,40,3.5,1423890360
232,159,4.0,1423894380
322,142,4.0,1423895100
321,21,3.5,1423895760
156,94,5.0,1423898700
73,150,2.5,1423901520
234,184,3.0,1423909500
173,101,3.0,1423910580
24,228,3.0,1423915200
29,72,1.5,1423915980
199,169,4.0,1423918020
316,173,5.0,1423921620
205,240,2.0,1423930560
154,93,3.5,1423931460
497,101,4.0,1423945080
381,243,4.5,1423946820
312,240,3.0,1423950000
145,80,2.0,1423955100
81,105,3.5,1423956840
181,82,2.5,1423963380
44,250,3.5,1423969140
219,136,3.0,1423983240
134,289,3.0,1423985040
74,88,2.0,1423985760
82,171,2.0,1423992840
261,30,3.5,1423993860
209,160,3.0,1423995720
232,52,3.5,1423996740
220,171,3.5,1423998060
90,134,4.5,1424002620
169,294,5.0,1424006580
489,252,4.0,1424007780
29,239,1.5,1424011380
64,242,3.0,1424011680
491,184,2.5,1424012880
142,291,2.0,1424017260
202,6,4.0,1424024700
139,201,2.5,1424027880
486,233,2.5,1424034840
362,60,3.0,1424035260
219,106,2.0,1424042760
292,42,2.0,1424061600
375,208,2.0,1424066940
465,266,4.0,1424069400
329,250,4.5,1424078220
224,208,2.5,1424081760
262,284,4.0,1424082540
467,250,4.5,1424082600
488,7,3.5,1424087520
497,37,4.0,1424088900
86,251,4.0,1424092860
199,290,2.5,1424101740
69,134,4.0,1424101860
169,89,5.0,1424102400
351,129,4.0,1424104680
208,185,4.5,1424108700
126,51,5.0,1424110980
124,132,4.5,1424115540
248,94,2.0,1424118960
83,137,2.5,1424119920
411,222,2.5,1424121780
462,299,1.5,1424123400
315,151,1.0,1424134440
316,47,3.0,1424151000
408,244,3.0,1424151180
410,182,3.5,1424152500
333,174,3.0,1424155020
380,18,1.5,1424169480
82,139,3.0,1424169540
467,256,3.5,1424183580
400,276,3.5,1424186880
43,226,4.0,1424194320
280,59,3.5,1424195700
200,230,4.0,1424200560
482,289,3.0,1424205240
38,171,2.5,1424217180
46,109,3.5,1424217240
177,48,3.0,1424225580
259,171,1.5,1424225820
243,37,2.0,1424232900
430,215,3.5,1424235600
62,190,3.0,1424244060
429,31,4.0,1424244480
32,185,4.0,1424249280
448,207,2.5,1424251200
269,170,2.5,1424251500
448,251,3.5,1424256240
5,34,3.5,1424258520
125,52,4.0,1424264460
28,107,3.5,1424269140
112,81,3.0,1424283180
126,156,3.5,1424287860
218,88,3.5,1424292000
318,48,2.5,1424294940
354,206,4.0,1424296740
88,48,2.5,1424299440
333,73,2.0,1424307720
211,229,3.0,1424308560
31,49,4.5,1424317020
408,281,3.5,1424327340
98,245,2.5,1424331600
370,28,5.0,1424344560
317,101,3.0,1424349720
230,300,4.0,1424350500
151,105,3.5,1424356860
257,142,2.5,1424360820
84,165,3.0,1424362800
281,180,3.0,1424365920
438,94,2.0,1424366820
17,52,3.0,1424371260
485,91,1.5,1424374920
16,65,3.5,1424376420
211,149,2.5,1424385360
499,203,4.0,1424390400
417,153,3.5,1424391420
366,48,3.0,1424394840
377,35,3.5,1424396220
394,183,2.5,1424397060
167,157,3.5,1424401440
332,269,3.5,1424403780
421,18,2.0,1424408700
93,215,2.0,1424413440
315,73,3.5,1424414700
357,40,1.5,1424417340
279,56,2.5,1424421960
209,38,2.0,1424423400
252,3,2.0,1424432280
220,13,4.5,1424437680
24,132,5.0,1424438100
493,14,3.5,1424439240
223,160,1.5,1424441760
421,81,3.0,1424442780
318,52,3.0,1424443440
433,229,3.5,1424448420
321,56,4.0,1424453580
124,51,2.0,1424454120
19,24,3.0,1424456700
101,67,4.0,1424460540
215,280,5.0,1424464500
355,294,3.5,1424468640
123,141,3.5,1424470440
26,223,2.0,1424475900
185,186,4.5,1424486340
51,180,3.5,1424493000
245,165,3.0,1424495460
474,289,1.0,1424497980
30,211,5.0,1424499720
215,141,4.5,1424500980
22,205,2.5,1424502000
168,59,3.5,1424505180
410,244,2.5,1424507460
66,253,3.0,1424507760
453,154,2.5,1424510520
203,256,3.0,1424513100
31,59,4.0,1424524200
249,73,2.5,1424526060
255,94,2.5,1424536560
100,40,3.5,1424539680
391,21,4.0,1424539920
9,42,2.5,1424541780
336,101,3.5,1424545800
229,48,3.0,1424555880
18,56,3.5,1424558220
67,241,3.5,1424559840
146,220,2.5,1424560920
118,42,3.0,1424562060
432,30,3.0,1424565300
37,30,3.5,1424586960
112,258,3.0,1424587980
223,92,3.5,1424594880
262,169,4.0,1424599440
105,52,3.5,1424610360
133,18,2.5,1424616660
369,94,3.0,1424618700
31,231,4.0,1424620920
197,231,3.0,1424624520
320,277,3.0,1424628240
486,178,3.5,1424631600
424,18,3.5,1424633340
124,155,3.0,1424638200
116,79,3.0,1424639160
494,150,2.5,1424644380
213,3,3.0,1424644860
385,256,3.5,1424652000
72,170,3.5,1424670780
201,275,0.5,1424675940
439,203,3.5,1424676300
152,251,3.5,1424679900
396,106,2.5,1424680800
166,218,3.5,1424683380
242,103,2.5,1424687880
399,198,2.0,1424692980
367,275,3.0,1424693820
339,98,4.5,1424697360
6,137,4.5,1424702280
182,210,5.0,1424703720
398,120,3.0,1424706900
433,284,4.0,1424710140
239,272,2.5,1424726640
43,66,4.0,1424733000
295,288,3.5,1424736000
310,129,3.0,1424736720
30,142,5.0,1424737440
74,146,3.5,1424752860
91,223,3.5,1424753700
87,269,4.5,1424758500
484,38,3.0,1424761740
326,184,2.5,1424762220
393,159,3.5,1424762760
149,258,2.5,1424764680
117,72,2.5,1424766420
320,66,3.0,1424768820
410,64,3.0,1424769120
325,54,3.5,1424774700
49,269,4.0,1424775120
220,116,3.0,1424781420
27,89,3.5,1424782500
211,104,3.5,1424785560
154,51,3.5,1424785980
244,216,4.5,1424787000
271,45,2.5,1424790420
301,226,3.0,1424791740
399,221,3.0,1424796540
374,154,2.5,1424804640
108,220,3.5,1424818680
44,14,3.0,1424820060
408,74,3.0,1424828220
169,233,3.0,1424829120
284,31,4.0,1424831460
383,189,4.0,1424837520
219,89,3.5,1424843700
114,146,3.5,1424845560
399,146,2.5,1424849580
40,138,5.0,1424861040
490,266,4.0,1424864400
335,36,3.5,1424865900
120,172,4.0,1424867340
329,172,5.0,1424874240
52,40,3.5,1424878860
392,198,2.5,1424880180
246,84,4.0,1424882700
365,58,2.5,1424899320
453,106,4.0,1424903220
38,129,4.0,1424910540
451,73,2.0,1424913360
4,60,3.0,1424920620
296,220,3.5,1424923260
288,180,4.0,1424924220
452,154,3.0,1424929860
316,30,4.0,1424938560
31,289,3.0,1424939700
161,182,4.5,1424942160
188,251,3.0,1424945820
60,268,2.0,1424947620
192,24,3.5,1424951700
8,132,3.0,1424960220
453,43,4.5,1424960880
246,153,3.5,1424964000
415,81,3.0,1424964960
12,14,3.5,1424966160
220,247,2.5,1424971020
202,269,4.5,1424976180
430,182,4.0,1424977320
184,140,3.0,1424978160
30,247,4.0,1424979300
304,220,4.0,1424982420
2,203,2.5,1424986260
103,77,2.5,1424987100
414,228,3.5,1424987700
219,201,1.5,1424988600
293,82,2.0,1424991180
293,262,3.0,1424993760
306,180,3.0,1424996640
233,3,2.5,1425001020
292,233,2.0,1425011400
267,215,4.0,1425012360
6,147,3.0,1425018660
180,17,3.0,1425024000
430,162,3.0,1425027360
194,78,3.5,1425030000
240,26,3.5,1425032940
461,280,3.0,1425038940
60,241,4.0,1425046920
48,231,3.0,1425048960
86,156,2.5,1425051660
369,58,3.5,1425059640
323,73,3.0,1425059880
397,281,4.5,1425059940
221,277,1.5,1425067500
22,284,4.0,1425074940
443,252,3.5,1425076440
208,265,2.5,1425076500
229,141,4.5,1425085260
72,222,3.5,1425090780
359,159,3.5,1425094860
445,24,2.5,1425094980
274,248,3.0,1425100080
62,101,4.5,1425101220
94,175,4.0,1425101520
42,156,1.5,1425111720
35,154,1.5,1425113880
32,220,3.5,1425116640
64,27,3.0,1425118080
483,241,5.0,1425119820
286,56,3.5,1425121860
147,93,3.0,1425135120
114,156,2.5,1425137580
246,170,1.5,1425140160
234,215,3.5,1425144300
268,201,2.5,1425153720
236,121,2.0,1425161580
367,208,3.5,1425164340
65,245,2.5,1425168120
373,92,3.0,1425168180
48,267,3.0,1425171420
120,121,1.0,1425173160
161,300,3.0,1425175200
323,52,2.5,1425178500
449,146,3.0,1425179340
250,176,3.0,1425181380
332,216,3.5,1425186120
408,129,4.5,1425187080
482,127,3.0,1425189360
148,138,4.5,1425198660
277,13,3.5,1425202020
59,175,4.0,1425204660
441,28,4.0,1425209700
197,45,2.5,1425210000
407,290,2.5,1425217740
473,275,2.0,1425230400
462,134,3.5,1425232500
283,275,1.5,1425233760
133,205,2.0,1425237420
252,94,3.5,1425250740
89,30,5.0,1425252360
315,1,2.5,1425257340
53,281,4.0,1425260760
444,154,3.5,1425260880
493,30,3.0,1425261720
126,223,4.5,1425264420
126,47,2.5,1425274620
348,243,2.5,1425275820
403,3,2.0,1425279660
16,237,4.5,1425281640
483,173,4.5,1425284400
19,285,4.5,1425287040
476,262,3.5,1425291660
495,60,3.5,1425296880
331,254,3.5,1425299280
498,148,3.5,1425304800
119,40,2.5,1425305400
21,170,2.0,1425313620
236,226,3.5,1425314040
486,156,1.0,1425315420
17,262,3.5,1425316800
167,170,3.0,1425320700
206,148,3.5,1425320880
347,30,4.5,1425323880
447,101,3.5,1425325980
23,99,3.0,1425337200
449,215,3.0,1425339120
129,233,4.0,1425344760
312,137,4.5,1425353460
98,203,3.5,1425357060
116,187,1.5,1425363780
226,290,3.0,1425365100
44,273,3.0,1425368100
159,40,3.5,1425369420
232,103,4.0,1425374340
151,124,5.0,1425378300
398,294,3.5,1425387480
66,51,4.0,1425390720
400,149,3.0,1425393120
262,272,3.0,1425397500
3,6,4.0,1425399600
154,58,3.0,1425405480
111,177,3.5,1425405480
483,50,3.0,1425409020
444,86,4.5,1425409620
383,211,3.5,1425410220
134,52,4.0,1425410880
108,207,1.0,1425415800
418,43,3.5,1425423360
303,47,2.0,1425424140
33,267,5.0,1425427380
302,207,1.0,1425427920
34,50,1.5,1425430740
481,21,4.5,1425435420
121,51,4.5,1425444000
73,146,3.5,1425445620
432,299,3.5,1425457320
300,243,3.5,1425462840
392,14,2.5,1425469020
189,81,2.5,1425469680
399,220,2.5,1425471120
436,155,3.5,1425477060
153,21,3.5,1425507120
134,174,3.5,1425512220
92,151,3.5,1425514080
448,1,2.5,1425515040
408,179,4.5,1425516420
129,169,3.5,1425521520
381,121,4.0,1425526020
27,289,2.5,1425528840
151,215,3.0,1425537720
196,73,3.5,1425538020
207,294,2.5,1425540120
468,185,4.0,1425544200
151,156,3.0,1425544320
34,192,4.5,1425550980
309,106,3.0,1425552360
372,65,4.5,1425552840
175,37,3.0,1425567720
140,183,2.5,1425569880
266,269,5.0,1425570480
387,205,2.5,1425581220
176,144,4.0,1425582600
178,43,4.0,1425583920
390,81,3.0,1425599040
391,73,3.5,1425599640
385,24,4.0,1425606240
95,294,1.5,1425610440
237,175,4.5,1425612240
154,101,2.0,1425618720
499,289,2.0,1425621840
315,253,2.5,1425624000
485,250,3.0,1425627180
236,64,3.5,1425627360
24,98,3.0,1425630660
320,101,3.5,1425636600
282,94,3.0,1425636600
61,58,3.0,1425643080
287,290,3.5,1425654060
176,168,2.5,1425657600
3,212,4.0,1425669000
136,100,3.5,1425675000
198,171,2.0,1425680820
179,206,5.0,1425682800
64,68,4.5,1425683460
393,154,2.0,1425692640
37,154,3.5,1425703800
349,189,3.0,1425711780
401,243,3.0,1425717000
77,294,3.5,1425729120
436,51,3.0,1425742140
44,248,1.5,1425756180
62,60,4.0,1425757080
212,200,1.5,1425757320
448,140,3.0,1425758460
420,255,3.0,1425759600
364,30,4.0,1425762120
49,137,5.0,1425787980
385,146,2.5,1425788760
104,105,4.0,1425799260
129,185,4.0,1425800700
202,243,4.0,1425800880
10,156,1.5,1425802740
311,221,3.0,1425807720
250,43,3.5,1425808620
221,197,3.5,1425809580
256,47,3.0,1425815220
310,273,2.0,1425820440
150,103,3.5,1425821760
191,175,3.0,1425825960
329,73,3.0,1425828180
225,200,4.5,1425833340
440,70,2.0,1425836940
126,101,3.0,1425840240
21,79,3.5,1425844500
76,14,2.5,1425858180
179,26,5.0,1425864000
76,122,3.5,1425877440
122,81,3.0,1425882960
256,64,3.5,1425883020
148,250,3.5,1425883200
72,92,4.0,1425888660
428,106,1.5,1425906120
305,244,3.0,1425908400
104,151,4.5,1425915300
311,280,2.0,1425915600
192,134,2.5,1425919860
53,139,5.0,1425924300
175,134,3.5,1425930420
182,141,5.0,1425948480
361,134,4.5,1425954480
45,158,3.5,1425956220
236,31,3.0,1425956700
176,63,3.0,1425962760
12,253,3.5,1425966480
62,251,4.5,1425966900
163,172,4.0,1425970980
221,226,2.0,1425971400
272,240,1.5,1425973020
236,197,4.0,1425984360
295,185,3.5,1425994440
252,32,2.5,1425994860
321,194,2.5,1426002060
492,300,4.5,1426008540
185,42,3.5,1426017660
195,159,3.0,1426026960
294,171,2.5,1426027980
194,291,3.5,1426032120
9,221,2.5,1426033080
120,141,3.0,1426035480
482,129,3.5,1426040100
320,106,4.0,1426041180
138,147,2.5,1426042500
64,273,3.5,1426056300
235,169,2.5,1426057980
479,283,2.0,1426058400
291,48,2.0,1426059540
408,64,4.0,1426077360
61,107,2.0,1426081620
336,174,4.5,1426099620
200,73,2.5,1426103880
223,219,2.5,1426104000
193,200,2.0,1426104600
123,265,2.0,1426113420
386,176,3.5,1426117380
466,215,2.5,1426120440
287,30,4.5,1426121160
91,258,3.0,1426121340
269,254,3.5,1426123560
169,215,5.0,1426125600
205,101,3.0,1426132680
361,31,3.5,1426133880
334,72,2.0,1426145100
131,127,3.5,1426148940
80,185,4.0,1426153380
125,64,4.0,1426155540
271,133,0.5,1426160160
239,101,2.5,1426167660
115,65,2.5,1426168680
95,182,3.0,1426176420
295,240,4.0,1426182540
422,182,4.0,1426187100
35,35,2.0,1426200900
56,13,5.0,1426207320
187,240,5.0,1426211460
348,103,2.0,1426211820
128,108,3.0,1426213740
161,172,5.0,1426225620
308,8,4.0,1426229040
447,243,4.5,1426230060
447,160,3.0,1426232280
139,31,3.0,1426242240
254,68,2.0,1426246860
352,282,5.0,1426246860
41,171,2.0,1426249200
428,40,2.0,1426257060
487,175,2.5,1426269480
241,138,2.5,1426271040
390,173,3.5,1426272780
418,13,2.5,1426276740
467,208,2.5,1426276920
450,231,4.0,1426278660
155,237,3.0,1426292400
472,129,4.0,1426294200
292,64,2.5,1426299180
107,197,3.0,1426305900
250,265,1.0,1426318500
307,170,2.5,1426318920
406,132,3.5,1426329060
320,180,2.5,1426330080
43,253,3.5,1426332180
168,175,4.0,1426342560
334,1,2.0,1426345560
265,238,4.0,1426356780
274,198,3.0,1426357440
25,235,3.0,1426361940
63,235,3.5,1426378740
212,294,3.0,1426387860
445,207,0.5,1426391400
463,203,2.5,1426391460
398,157,3.0,1426392240
355,273,3.5,1426394520
163,13,3.5,1426395840
156,254,4.5,1426408080
280,211,4.5,1426414500
126,197,4.5,1426416420
105,196,4.0,1426422060
126,231,2.5,1426422840
317,240,4.0,1426432500
37,197,4.5,1426438980
387,142,3.5,1426447740
358,258,3.0,1426463160
219,235,3.5,1426473480
430,254,3.5,1426483380
241,77,2.0,1426486080
112,296,3.5,1426488540
182,78,4.0,1426488600
35,101,2.5,1426490460
51,132,4.0,1426491120
459,134,5.0,1426507620
220,9,4.5,1426511400
327,208,2.0,1426513560
409,35,3.0,1426516500
426,73,3.5,1426518360
328,86,5.0,1426522140
151,14,4.5,1426525440
277,120,2.0,1426529640
130,155,1.5,1426535520
241,101,2.5,1426539720
16,151,3.5,1426543560
243,51,2.5,1426550760
357,53,2.0,1426552440
13,243,2.5,1426553340
209,194,2.5,1426553940
466,251,4.0,1426555500
22,176,2.0,1426558920
52,68,2.5,1426560240
224,218,3.5,1426565220
34,220,3.0,1426575000
208,81,3.0,1426584660
215,269,5.0,1426586940
62,231,4.5,1426596480
303,101,3.0,1426597620
197,156,2.5,1426609920
31,258,3.5,1426610220
237,145,3.5,1426612740
336,154,2.0,1426616580
478,217,5.0,1426619820
379,14,3.0,1426621860
152,52,4.0,1426626720
118,103,2.0,1426630680
378,107,3.0,1426639800
148,194,3.5,1426643160
476,137,3.0,1426651800
176,179,3.0,1426656360
178,255,3.5,1426658340
81,150,2.5,1426659660
307,213,5.0,1426663680
128,65,3.5,1426663980
331,243,4.0,1426667160
176,121,3.0,1426673160
61,243,2.5,1426674780
262,1,5.0,1426683000
412,170,4.5,1426689900
492,188,3.0,1426697100
199,64,3.5,1426697460
46,267,3.5,1426701840
113,203,3.0,1426703040
446,141,5.0,1426703820
123,40,2.0,1426705980
112,289,2.0,1426708560
428,156,2.0,1426710480
259,243,4.0,1426711980
285,137,3.0,1426724100
449,45,3.0,1426727100
359,137,4.5,1426735920
55,160,1.5,1426738080
479,255,2.5,1426744680
376,217,4.0,1426753860
381,256,3.5,1426755180
399,215,2.5,1426759440
177,70,3.5,1426760400
276,215,4.0,1426772640
394,244,1.0,1426772700
382,275,1.0,1426775160
337,139,3.5,1426778400
487,66,2.5,1426782720
116,18,2.5,1426785000
441,26,1.5,1426786260
482,88,3.5,1426787640
294,206,4.5,1426790220
323,127,2.5,1426796100
286,151,2.5,1426800480
149,169,2.5,1426801380
436,294,3.0,1426806600
80,105,4.0,1426809540
263,207,3.0,1426812480
239,172,5.0,1426815420
353,262,1.5,1426817460
114,48,2.0,1426818900
404,15,2.5,1426823340
228,293,3.5,1426824240
343,64,4.0,1426826760
71,229,3.5,1426827780
344,47,2.5,1426828740
337,250,2.5,1426833900
195,63,2.5,1426838340
335,165,4.0,1426843560
436,103,2.5,1426845360
319,60,3.0,1426846680
354,40,3.0,1426849740
336,57,5.0,1426851720
101,86,4.5,1426854240
206,201,3.0,1426856520
380,34,4.0,1426859400
126,255,3.5,1426861380
236,153,3.0,1426881060
400,230,5.0,1426881720
250,52,2.0,1426883040
126,56,4.0,1426883700
383,105,3.5,1426886820
63,55,2.5,1426899420
419,238,4.5,1426900500
417,139,2.5,1426901820
73,27,4.0,1426907220
208,5,3.0,1426911780
398,281,4.0,1426913640
153,245,3.0,1426921260
77,141,2.5,1426922880
396,256,2.5,1426922880
255,270,2.5,1426923540
295,299,3.5,1426923780
417,210,4.5,1426928040
358,101,2.5,1426928880
346,231,2.5,1426929120
427,230,4.0,1426933200
11,172,5.0,1426934040
24,88,2.0,1426934340
389,78,2.5,1426938420
20,56,3.0,1426940040
351,19,3.5,1426941960
12,240,2.5,1426944300
420,226,4.5,1426948200
71,196,5.0,1426954980
330,251,3.5,1426956180
129,279,3.0,1426957140
335,93,3.5,1426962660
7,243,3.5,1426969920
2,5,2.5,1426976160
117,10,4.0,1426986480
329,267,4.5,1427002140
130,58,2.5,1427011800
224,226,4.0,1427015100
159,73,2.5,1427019120
489,160,3.0,1427019360
492,273,2.5,1427022780
77,73,3.0,1427033100
385,21,4.5,1427034180
447,51,3.0,1427035080
334,217,3.5,1427035860
198,59,3.5,1427038800
485,150,1.5,1427044620
171,24,3.5,1427048580
321,188,2.5,1427049960
425,182,5.0,1427052900
213,88,3.0,1427056140
254,289,2.5,1427061480
469,56,3.0,1427077620
293,269,2.5,1427082720
232,26,4.5,1427093340
104,250,3.0,1427094240
440,255,3.0,1427095260
84,263,4.0,1427100840
162,208,4.5,1427106480
56,63,3.0,1427114880
267,94,3.5,1427117880
466,221,3.5,1427121300
154,137,3.0,1427133420
437,289,3.0,1427151900
62,64,5.0,1427164920
319,163,3.5,1427165520
328,289,2.5,1427171160
83,108,2.5,1427176260
285,248,2.0,1427176380
93,9,3.0,1427177400
45,97,3.5,1427179740
154,82,2.5,1427183340
140,133,3.0,1427183880
376,51,3.0,1427186940
323,50,1.5,1427202000
498,235,3.0,1427205180
241,134,3.5,1427205660
123,172,5.0,1427208000
305,203,2.0,1427213220
134,134,5.0,1427213520
3,57,3.5,1427220300
444,96,5.0,1427222220
64,253,2.5,1427222700
262,75,4.5,1427226420
61,296,3.5,1427227440
157,64,5.0,1427240700
343,217,2.5,1427243820
138,212,3.5,1427246160
189,184,3.0,1427255640
325,186,3.5,1427256360
379,94,3.5,1427268840
232,289,3.0,1427269500
484,289,2.5,1427271600
399,284,3.5,1427274420
106,262,4.5,1427276220
147,127,2.5,1427283180
407,264,4.0,1427286420
309,96,4.5,1427287860
30,251,5.0,1427288160
19,64,4.0,1427296380
408,70,4.0,1427298420
138,60,3.5,1427301000
427,248,3.5,1427302860
176,149,2.5,1427309580
23,208,1.0,1427310780
119,51,2.5,1427311140
348,279,3.0,1427315820
124,71,5.0,1427324220
488,176,3.0,1427327340
398,189,4.0,1427327820
229,171,2.0,1427328720
7,141,3.5,1427333280
424,158,4.0,1427344740
299,5,2.5,1427346960
273,81,3.0,1427347560
195,245,2.5,1427347560
343,170,1.5,1427354760
97,100,3.0,1427359080
221,299,1.5,1427370060
432,175,2.5,1427373180
223,121,2.5,1427375820
72,263,4.5,1427380380
347,24,3.5,1427381400
476,72,1.0,1427383140
4,10,4.5,1427383500
328,119,4.0,1427384700
482,268,3.0,1427385480
238,105,3.5,1427389920
473,229,4.0,1427393160
111,208,3.0,1427394720
207,132,5.0,1427412120
9,15,2.5,1427412600
256,77,0.5,1427416020
321,73,2.5,1427416140
497,132,4.5,1427416500
126,186,3.0,1427416920
120,176,1.5,1427417400
26,79,2.0,1427419260
389,50,4.0,1427426340
365,60,2.0,1427436180
229,55,3.0,1427440320
154,221,2.5,1427442540
436,59,3.5,1427446020
35,53,3.5,1427446140
168,251,3.0,1427448720
42,207,2.5,1427448780
163,266,3.5,1427453760
405,93,3.0,1427465100
213,141,4.5,1427470680
210,255,4.0,1427489460
105,106,3.5,1427491740
318,206,3.0,1427500080
145,248,2.0,1427500560
255,151,3.0,1427503200
367,93,4.0,1427504340
386,186,2.5,1427506620
148,171,1.5,1427507280
91,201,2.5,1427508960
318,269,3.5,1427510040
446,105,5.0,1427515080
109,34,2.5,1427517300
57,92,4.5,1427518080
412,166,5.0,1427521020
228,269,3.5,1427523480
407,187,3.0,1427524320
154,200,3.0,1427526600
220,59,4.0,1427534280
468,32,3.5,1427534460
172,107,4.5,1427538660
308,231,4.0,1427539800
368,274,5.0,1427543880
135,102,3.5,1427548980
181,174,1.5,1427550780
404,201,3.5,1427559360
66,162,3.5,1427562180
398,140,3.0,1427568420
286,205,2.0,1427575680
348,160,3.0,1427587860
318,77,2.0,1427590020
245,150,2.0,1427594700
23,215,2.5,1427600400
239,134,3.5,1427602920
110,63,2.5,1427605020
137,300,2.5,1427606460
245,58,3.5,1427611920
193,299,2.5,1427614740
6,251,3.0,1427615880
281,160,2.0,1427620500
189,211,3.0,1427625960
417,137,4.0,1427627820
121,203,3.5,1427632680
163,27,3.0,1427633640
149,239,2.5,1427634120
428,277,1.5,1427635920
309,5,2.0,1427651940
188,29,2.5,1427658180
208,156,2.0,1427664660
359,211,5.0,1427665980
58,134,4.5,1427669760
35,26,2.5,1427675340
226,165,4.0,1427675940
154,251,2.5,1427679840
483,43,4.0,1427683320
347,70,3.0,1427683860
176,235,3.0,1427687040
397,222,1.5,1427693640
205,254,3.5,1427694360
13,27,2.5,1427695320
4,197,4.5,1427695560
298,5,2.0,1427702280
475,208,3.0,1427704740
470,177,1.5,1427706600
223,169,3.0,1427722980
178,65,4.0,1427725980
383,63,3.0,1427727540
191,24,3.0,1427728260
499,90,3.0,1427732760
96,45,1.5,1427741400
37,226,4.5,1427741940
261,269,4.0,1427743260
454,254,3.0,1427752620
125,245,3.5,1427755260
453,10,4.5,1427763060
391,290,4.0,1427766120
443,255,4.0,1427767560
482,124,3.5,1427770320
293,40,2.5,1427771940
164,156,2.0,1427773080
471,120,4.5,1427773500
35,25,3.0,1427779920
473,194,3.5,1427786100
191,251,2.0,1427786400
15,198,3.0,1427794080
113,217,4.0,1427796060
319,262,3.5,1427798580
333,65,3.5,1427801220
412,56,4.5,1427801580
492,203,2.5,1427802000
248,280,2.0,1427814540
6,281,4.0,1427818380
197,28,3.0,1427823060
180,107,4.5,1427827200
234,14,3.5,1427828520
293,285,3.0,1427832420
321,57,3.5,1427838540
125,47,3.5,1427840580
320,176,2.5,1427842140
389,174,3.5,1427842980
135,253,2.5,1427843400
318,70,3.0,1427848740
468,221,3.5,1427852400
376,60,2.5,1427855520
129,51,3.5,1427855580
58,172,4.5,1427861340
442,14,4.0,1427873940
465,221,4.0,1427881140
365,55,1.5,1427885160
208,173,4.0,1427886420
413,168,2.5,1427886900
89,226,5.0,1427889240
404,63,3.5,1427893500
484,30,3.5,1427896920
465,141,4.5,1427904480
54,215,3.5,1427906940
424,251,4.0,1427915460
205,217,4.0,1427916360
230,118,3.0,1427929920
172,279,3.5,1427930880
148,243,4.5,1427934300
348,240,1.5,1427936160
282,73,4.0,1427951820
86,133,3.0,1427954460
117,160,2.0,1427963400
114,253,3.0,1427979720
183,251,3.5,1427981280
133,300,3.5,1427984580
22,217,4.0,1428007200
380,9,3.0,1428008580
96,60,2.5,1428012420
401,129,1.5,1428015240
295,244,3.0,1428019380
227,229,5.0,1428024900
124,251,4.0,1428028380
238,256,2.5,1428029040
199,73,3.5,1428039000
424,9,4.5,1428045780
251,244,3.5,1428048780
426,171,2.0,1428050460
158,29,3.0,1428059160
473,203,3.0,1428062940
36,134,3.0,1428064380
110,24,4.0,1428067380
77,299,3.0,1428069060
302,262,2.0,1428069780
417,151,3.0,1428070140
340,138,4.5,1428073800
112,250,4.5,1428081180
235,143,1.5,1428082680
406,101,3.0,1428087540
286,275,2.0,1428087720
225,146,4.0,1428087840
347,105,4.0,1428094860
254,269,4.0,1428096000
104,198,4.0,1428098400
313,60,3.0,1428102660
71,281,5.0,1428108960
389,188,5.0,1428109260
312,293,2.5,1428109320
395,137,3.5,1428117840
287,47,4.0,1428119820
214,81,2.0,1428120600
161,3,3.5,1428125700
82,123,3.5,1428125760
368,150,4.5,1428126600
136,128,3.0,1428128760
312,171,2.0,1428134100
241,89,2.0,1428141480
361,203,3.0,1428147900
225,251,3.5,1428148140
381,290,3.0,1428148800
191,163,2.5,1428149940
309,147,3.0,1428152280
457,231,3.5,1428154140
456,139,2.5,1428156960
27,72,2.0,1428160440
265,65,4.5,1428163860
1,160,3.5,1428173100
128,279,4.0,1428173160
88,170,2.0,1428174060
120,53,2.0,1428174420
7,82,3.0,1428175020
19,101,2.5,1428175080
246,106,3.0,1428176520
252,202,3.5,1428180000
399,72,2.0,1428181620
464,241,2.5,1428182460
309,127,1.0,1428184260
188,34,3.5,1428187740
3,5,3.0,1428190620
198,188,4.0,1428191040
22,237,2.5,1428196020
142,31,2.0,1428199140
62,24,5.0,1428203880
281,268,3.0,1428210480
248,252,2.5,1428218520
329,120,4.0,1428223560
194,208,3.0,1428228900
435,221,4.0,1428230880
380,264,3.0,1428239940
412,173,4.0,1428241980
154,220,3.0,1428246600
363,63,3.0,1428247620
471,28,4.5,1428249000
493,272,1.5,1428260340
420,43,5.0,1428262560
31,233,3.0,1428264720
282,212,3.5,1428268860
299,272,3.5,1428271320
143,8,4.0,1428271500
67,37,3.0,1428271860
300,94,3.0,1428276180
44,31,3.5,1428281580
291,300,3.5,1428281760
149,194,2.0,1428289380
136,121,3.0,1428290940
261,94,3.5,1428292140
163,165,4.5,1428292920
426,272,3.0,1428301320
399,132,4.0,1428301740
363,169,3.5,1428311220
425,156,3.5,1428313020
415,180,4.0,1428314820
106,217,5.0,1428318180
140,250,3.5,1428318540
485,51,2.0,1428336660
330,203,3.5,1428337140
309,36,4.0,1428349620
236,281,3.5,1428353880
375,222,3.0,1428356340
169,96,4.5,1428357360
65,251,4.5,1428359340
19,269,3.5,1428359400
176,205,2.5,1428368040
270,45,3.5,1428374400
196,3,2.0,1428383760
15,175,3.0,1428386820
23,31,3.0,1428387180
240,97,4.0,1428387360
170,84,1.5,1428387360
279,282,3.5,1428390540
65,182,4.5,1428390720
173,146,3.5,1428398520
382,255,4.0,1428401580
311,115,2.5,1428407880
350,223,3.5,1428414000
146,253,2.5,1428418380
214,239,2.5,1428428100
70,141,3.0,1428432540
155,58,3.0,1428436440
259,176,3.5,1428439560
171,47,1.5,1428450480
65,235,4.0,1428452820
422,171,2.0,1428456000
204,73,3.0,1428458700
408,18,2.5,1428459360
500,151,3.5,1428459540
13,64,3.0,1428461940
1,99,2.0,1428474420
409,48,3.0,1428474540
100,94,3.5,1428474660
257,10,4.0,1428475860
164,43,3.5,1428477960
476,176,2.0,1428481320
77,278,1.0,1428483000
58,70,3.0,1428484620
288,174,4.5,1428493440
475,250,3.5,1428493560
363,107,3.0,1428493800
59,279,4.5,1428494940
442,165,4.0,1428505200
377,63,3.5,1428507180
67,96,3.5,1428507660
218,28,5.0,1428508800
235,258,2.0,1428511980
410,132,3.5,1428512340
299,21,3.5,1428513420
476,296,3.0,1428517680
358,222,3.5,1428528180
97,240,2.0,1428530040
263,294,3.5,1428532320
119,275,1.0,1428539340
389,245,3.0,1428540240
125,18,3.5,1428542040
433,255,2.0,1428542520
90,107,4.0,1428547140
270,202,5.0,1428551700
278,67,3.5,1428553440
194,255,4.0,1428557340
256,197,4.0,1428561540
351,210,4.5,1428563640
341,189,3.5,1428566040
280,237,4.0,1428566160
314,59,2.5,1428567420
164,139,3.5,1428567960
405,89,3.0,1428571440
397,47,2.0,1428574560
62,151,4.5,1428578100
161,203,2.5,1428580680
417,258,3.0,1428588780
111,267,2.5,1428591600
126,168,3.0,1428594900
443,262,2.5,1428600060
90,178,2.5,1428601620
226,178,4.0,1428601980
4,154,2.5,1428612480
479,212,3.5,1428613620
401,165,3.5,1428615120
416,217,4.5,1428615900
397,73,3.0,1428618660
317,254,2.0,1428621360
122,269,3.5,1428622620
288,96,4.5,1428624540
54,217,4.0,1428631920
165,94,3.0,1428632520
452,192,4.0,1428633060
27,79,5.0,1428645780
212,171,0.5,1428648300
31,250,4.0,1428649140
262,129,4.0,1428652740
22,145,4.0,1428654960
126,38,2.0,1428655620
309,215,2.5,1428658920
369,51,4.0,1428662160
104,51,4.0,1428662880
311,66,2.0,1428665640
265,35,2.0,1428667320
55,243,4.0,1428673860
392,101,1.5,1428674100
373,279,3.5,1428680520
497,105,5.0,1428681480
434,45,3.0,1428690180
201,221,4.0,1428690600
249,95,2.0,1428691320
139,43,3.0,1428692880
435,198,3.0,1428699240
74,141,4.5,1428700380
286,146,4.0,1428704640
448,165,4.0,1428708720
288,272,2.5,1428709680
331,262,3.5,1428710220
244,299,3.0,1428715020
180,60,2.5,1428719280
252,219,2.5,1428721740
189,204,3.5,1428722760
159,167,4.0,1428733200
3,175,3.5,1428735600
118,52,3.5,1428741900
80,262,3.5,1428745680
68,212,3.0,1428746220
136,178,3.5,1428753240
405,66,3.5,1428760920
130,35,1.0,1428763020
182,150,3.5,1428763920
476,83,3.0,1428764160
447,156,3.5,1428775200
419,45,3.0,1428778980
444,127,3.0,1428790260
41,73,4.5,1428791160
378,19,5.0,1428791700
63,65,3.5,1428791760
290,71,3.5,1428800220
268,154,2.0,1428803340
272,81,2.0,1428805140
434,40,3.5,1428812700
127,56,2.5,1428813840
464,231,3.0,1428814680
257,229,4.0,1428819600
235,140,2.5,1428832560
64,187,3.0,1428832560
373,154,3.5,1428833880
475,94,4.0,1428842460
404,231,3.5,1428844920
324,78,5.0,1428845220
366,101,3.0,1428845400
397,30,4.0,1428846420
76,68,1.0,1428851520
139,252,4.0,1428859560
498,207,3.0,1428866700
180,96,4.0,1428873540
188,195,3.0,1428877680
227,149,3.0,1428880680
443,245,2.5,1428883440
295,150,3.0,1428884640
475,256,3.5,1428894060
288,51,4.5,1428895920
292,101,2.5,1428907980
314,243,3.0,1428908580
343,299,3.0,1428919620
247,64,4.5,1428921360
198,1,3.0,1428929460
44,51,2.5,1428930900
327,55,2.0,1428939240
17,119,3.0,1428940020
338,208,3.0,1428940500
294,10,3.0,1428941760
378,217,3.0,1428944880
488,250,4.5,1428950940
20,288,2.5,1428962460
140,278,2.5,1428963420
300,72,1.0,1428964620
295,51,4.5,1428970560
21,26,3.5,1428979860
282,165,2.5,1428984240
144,52,4.5,1428985620
30,262,4.5,1428990600
61,47,2.5,1428994920
302,3,1.0,1429003560
488,269,3.0,1429008360
46,81,2.5,1429009140
337,45,1.5,1429010160
290,203,2.5,1429010400
434,275,2.0,1429018680
371,251,2.0,1429025340
331,94,4.5,1429025880
130,188,3.5,1429028820
315,103,2.5,1429029420
460,196,5.0,1429033560
316,37,3.5,1429035120
405,86,4.5,1429036260
22,105,4.0,1429037520
414,101,3.0,1429039080
194,72,3.5,1429040700
134,282,4.5,1429040760
153,291,2.0,1429042380
472,145,4.0,1429043940
100,72,1.5,1429049940
175,231,3.0,1429053840
76,233,2.0,1429056000
341,217,4.0,1429069320
294,52,4.0,1429074120
304,222,4.0,1429080840
474,193,3.0,1429081860
263,68,2.5,1429083840
168,60,2.5,1429087800
233,170,3.0,1429090500
97,216,3.0,1429090500
266,231,3.5,1429115700
39,172,4.5,1429118580
284,275,0.5,1429122060
17,42,3.0,1429123260
121,176,4.0,1429125540
338,3,2.5,1429128660
485,197,3.0,1429142040
196,83,2.5,1429147020
258,141,3.5,1429152420
236,157,2.0,1429153320
462,284,4.0,1429162260
416,94,3.5,1429166400
435,174,3.0,1429175820
441,105,3.0,1429177140
336,284,5.0,1429182600
406,197,3.0,1429184340
28,185,2.5,1429187940
256,5,1.5,1429188840
160,94,3.5,1429189440
40,34,4.0,1429190940
295,270,3.5,1429193400
51,137,4.0,1429194480
226,73,4.5,1429197600
281,151,2.5,1429201560
321,195,2.5,1429203120
405,14,2.5,1429210800
218,147,3.0,1429215060
227,81,4.0,1429215240
52,273,2.5,1429220340
202,255,4.5,1429222920
278,235,4.0,1429223460
368,212,4.5,1429224300
70,79,3.5,1429226700
400,147,3.5,1429226880
444,134,4.0,1429227300
490,147,3.0,1429230900
477,193,3.0,1429240140
154,151,3.0,1429243380
283,258,3.5,1429246500
305,112,4.0,1429248420
216,272,1.5,1429249620
414,220,4.5,1429253880
218,108,3.5,1429255680
162,187,4.5,1429259340
224,256,3.5,1429259940
126,240,4.5,1429261020
397,170,2.0,1429261680
314,185,3.5,1429271460
149,165,2.5,1429277460
142,173,3.0,1429282980
139,37,3.5,1429283580
137,284,3.5,1429284480
184,165,3.0,1429287600
319,73,2.5,1429292100
142,254,3.0,1429292700
385,69,2.5,1429297620
152,101,2.0,1429307340
155,240,3.0,1429310880
373,3,2.5,1429313640
409,108,3.0,1429329300
406,65,2.0,1429329300
138,253,3.0,1429340880
240,30,5.0,1429346040
258,203,3.0,1429348500
306,150,1.5,1429348800
470,71,3.0,1429349220
147,128,4.0,1429351020
128,231,3.5,1429352220
70,217,3.0,1429353180
395,278,3.0,1429361880
164,152,3.5,1429370100
270,65,4.0,1429374780
164,256,3.5,1429376820
492,215,2.5,1429379160
281,47,3.0,1429381560
43,238,4.5,1429382520
341,52,3.5,1429390080
321,154,2.0,1429391040
490,104,3.5,1429391220
309,170,1.5,1429394220
402,129,3.0,1429398960
400,254,3.5,1429408620
5,244,3.0,1429409640
383,70,4.0,1429411140
166,94,3.5,1429418880
313,134,4.0,1429421100
312,101,3.0,1429422660
162,141,4.5,1429424700
32,154,2.0,1429425960
434,289,2.5,1429429680
67,106,3.5,1429439160
472,274,4.0,1429450320
46,299,3.5,1429451460
128,299,3.0,1429451880
263,222,3.0,1429457340
272,26,2.5,1429469280
383,154,3.0,1429471740
237,200,4.0,1429471800
282,248,2.0,1429473960
275,279,2.0,1429475220
486,269,3.5,1429476060
390,82,2.0,1429479480
296,211,2.5,1429483920
325,15,2.0,1429485900
368,59,4.0,1429488900
271,176,2.0,1429490040
409,244,3.0,1429491600
283,37,2.5,1429492920
46,15,3.5,1429495020
34,73,2.0,1429495140
207,250,3.5,1429499040
423,280,3.0,1429500180
142,79,3.0,1429500540
128,28,3.5,1429501260
42,155,4.5,1429503000
306,15,3.0,1429506420
127,146,2.0,1429507440
261,197,4.0,1429507560
68,299,2.5,1429509180
419,290,3.0,1429509840
376,3,1.5,1429510500
308,50,3.5,1429510920
279,210,3.5,1429523700
460,68,3.0,1429530240
190,245,3.0,1429541160
137,173,4.0,1429548480
369,101,3.5,1429549260
189,154,2.5,1429549500
106,154,2.0,1429552020
306,296,3.5,1429556880
19,129,3.5,1429557960
243,30,3.5,1429559520
373,264,4.0,1429567560
480,255,3.0,1429570560
343,175,3.0,1429573380
151,122,4.5,1429575960
104,140,4.5,1429584720
146,254,2.5,1429590060
314,251,3.0,1429590900
20,106,4.0,1429594260
352,8,3.5,1429596180
217,197,3.5,1429606920
118,18,3.0,1429614420
338,143,4.0,1429617480
286,137,5.0,1429622760
338,230,4.5,1429624500
413,34,3.0,1429624740
421,186,3.5,1429637580
210,74,2.0,1429637820
77,275,0.5,1429641180
19,84,3.5,1429642440
406,250,3.5,1429643220
287,99,4.0,1429644240
399,65,2.0,1429647300
471,101,3.0,1429654260
245,3,2.5,1429657860
246,231,3.5,1429672440
469,221,4.0,1429674420
361,71,5.0,1429677960
374,64,4.0,1429691100
493,92,3.0,1429695420
245,241,3.5,1429695600
477,223,2.0,1429696320
333,98,3.5,1429698840
210,40,3.5,1429700580
115,269,3.5,1429704060
489,77,3.0,1429708560
498,24,4.0,1429710780
162,269,5.0,1429712820
478,242,3.5,1429731360
372,121,3.5,1429736580
317,235,4.0,1429744380
316,174,3.5,1429747140
412,121,5.0,1429752120
260,215,3.0,1429752480
174,235,4.0,1429755660
475,184,3.0,1429758600
391,174,4.5,1429766580
142,282,3.0,1429767780
329,30,3.5,1429770420
448,37,3.0,1429772880
412,299,4.0,1429773180
66,71,5.0,1429780380
180,293,2.0,1429785780
86,243,4.0,1429788240
374,275,1.5,1429794600
99,293,2.5,1429798980
494,180,3.5,1429801620
239,156,3.0,1429807020
341,222,4.5,1429807080
496,172,5.0,1429809540
6,173,3.0,1429816080
464,215,4.0,1429821480
289,180,3.0,1429826280
217,70,2.5,1429830600
349,289,1.5,1429831380
81,146,3.5,1429839240
27,235,4.5,1429842240
191,28,3.0,1429844460
240,290,2.0,1429849620
10,31,4.0,1429858980
359,215,3.5,1429861140
290,244,3.0,1429868760
100,226,3.5,1429875420
52,70,3.5,1429876140
122,252,3.0,1429882200
102,275,2.0,1429884300
493,156,1.5,1429887420
480,107,2.5,1429894680
19,30,2.5,1429896600
252,269,3.0,1429898760
158,182,3.5,1429909140
128,2,2.0,1429913280
410,59,3.0,1429914720
276,3,2.0,1429915620
453,56,3.5,1429927800
305,173,3.5,1429940700
36,133,2.0,1429942200
355,195,3.0,1429942380
104,201,3.5,1429942440
449,119,3.5,1429944420
248,98,3.5,1429948260
445,185,3.5,1429949040
329,184,3.5,1429960440
110,290,3.5,1429963260
72,244,3.5,1429972260
273,73,3.0,1429976520
340,182,4.0,1429980600
455,120,4.0,1429980780
281,48,1.5,1429981740
400,250,3.0,1429992540
126,202,4.0,1429999620
285,130,0.5,1430000940
484,79,4.0,1430002080
250,279,3.5,1430007420
212,168,2.0,1430007720
453,14,4.5,1430013960
104,251,5.0,1430019780
145,65,3.5,1430023440
382,237,4.0,1430024040
41,265,2.5,1430024160
356,208,3.5,1430029860
263,170,3.0,1430031000
341,215,3.0,1430039760
437,48,3.0,1430040180
311,45,1.5,1430041680
9,251,3.5,1430045040
243,146,3.0,1430048880
92,31,2.5,1430056560
180,275,1.5,1430061660
360,173,1.5,1430063100
75,250,2.5,1430067540
497,120,5.0,1430074320
282,231,2.5,1430075040
53,193,4.5,1430076840
485,66,1.5,1430077140
138,7,3.5,1430102760
276,164,3.5,1430103660
446,216,5.0,1430115780
43,6,5.0,1430118120
298,68,3.0,1430123040
23,193,3.0,1430128740
137,253,2.0,1430129160
467,187,4.0,1430130120
34,43,4.0,1430134320
348,190,2.0,1430137320
79,222,3.0,1430142780
365,63,1.5,1430143860
232,65,3.5,1430147340
104,215,4.0,1430151000
284,284,3.5,1430156700
229,73,2.5,1430156760
331,165,4.0,1430167440
281,141,4.0,1430168400
408,222,4.0,1430183460
371,89,3.0,1430188500
208,205,3.0,1430189940
332,81,3.0,1430190000
9,141,5.0,1430190060
40,197,4.0,1430192460
102,289,2.5,1430197560
335,101,3.5,1430199000
282,149,2.0,1430205540
482,284,4.0,1430217300
88,93,4.0,1430218620
50,5,1.5,1430224440
469,94,3.5,1430228160
369,150,2.5,1430236200
36,290,2.5,1430240340
240,47,3.0,1430242320
232,281,4.0,1430245920
132,101,4.0,1430245920
5,78,3.5,1430248560
308,294,3.0,1430256720
39,291,2.0,1430260980
464,275,0.5,1430265480
173,187,4.5,1430268960
400,18,3.5,1430272260
115,185,3.5,1430274360
142,150,2.0,1430276460
121,278,3.5,1430276820
163,63,3.5,1430283060
340,1,4.0,1430283600
446,60,3.5,1430284980
492,173,4.0,1430287440
309,183,3.5,1430288820
227,34,3.5,1430289120
173,133,3.5,1430295840
71,269,4.5,1430298240
81,177,3.0,1430302200
151,275,1.5,1430307060
237,293,2.5,1430308500
460,266,3.5,1430330820
331,207,3.0,1430334000
462,125,2.5,1430340420
341,60,2.5,1430344500
301,21,2.5,1430359260
199,129,4.0,1430367360
18,51,3.5,1430371980
310,198,4.0,1430372640
58,191,4.0,1430378700
275,220,3.0,1430384940
14,150,2.0,1430390700
137,296,4.0,1430391420
307,73,3.5,1430391840
490,275,1.5,1430400300
409,172,5.0,1430402880
382,245,2.0,1430404140
306,299,3.0,1430404920
378,70,4.0,1430411640
272,124,2.5,1430417640
391,216,5.0,1430439000
313,124,4.0,1430441520
5,37,2.0,1430444220
132,284,3.5,1430445300
365,56,3.0,1430451240
498,92,3.5,1430452320
328,93,4.5,1430455920
37,294,4.0,1430457300
385,206,4.0,1430474280
84,243,3.0,1430478780
487,3,1.0,1430479200
95,28,3.0,1430483700
466,57,4.0,1430487420
198,265,2.0,1430490240
321,30,2.5,1430491740
278,256,2.5,1430493960
212,169,3.0,1430507940
188,279,3.5,1430516340
51,279,4.0,1430519100
67,243,4.0,1430520660
182,170,4.0,1430524080
129,93,3.0,1430527740
455,251,5.0,1430531460
82,279,3.0,1430534100
64,269,4.5,1430537580
237,176,4.0,1430544540
42,134,3.5,1430552280
217,154,3.0,1430552940
288,101,4.0,1430558820
17,165,4.0,1430560320
260,221,3.5,1430561220
213,78,4.5,1430562300
336,290,3.0,1430566200
31,255,3.5,1430569800
271,107,2.5,1430570520
286,157,4.0,1430574120
81,228,3.5,1430578080
343,243,4.0,1430586600
345,194,1.0,1430588760
102,142,3.0,1430591640
113,273,2.5,1430596140
436,211,2.0,1430596440
322,260,2.5,1430599440
495,134,4.0,1430601660
235,245,2.0,1430610720
10,175,2.5,1430611380
29,250,1.5,1430614800
187,250,5.0,1430614980
80,282,4.0,1430621880
323,269,3.0,1430630580
41,132,4.0,1430645100
63,207,1.5,1430645940
406,15,1.5,1430646420
443,293,3.0,1430647200
355,101,4.0,1430649000
332,118,3.0,1430649180
366,193,5.0,1430652480
175,93,3.0,1430656740
100,128,4.0,1430672820
297,36,4.0,1430679240
65,188,4.0,1430682480
294,230,4.0,1430684040
331,121,4.0,1430685720
102,47,0.5,1430686500
232,169,3.5,1430688180
420,269,3.0,1430688360
433,118,3.5,1430690160
275,169,2.5,1430701500
446,245,4.0,1430705580
293,267,2.5,1430710620
467,63,3.5,1430711520
374,255,3.5,1430717700
162,51,5.0,1430719260
279,205,2.0,1430720040
457,51,5.0,1430724000
478,31,5.0,1430724900
353,171,0.5,1430729340
388,241,3.0,1430737260
236,3,1.5,1430746260
432,206,4.0,1430750460
96,294,3.5,1430751660
75,220,4.5,1430758200
175,73,3.0,1430759460
99,210,3.0,1430769060
190,139,2.5,1430769900
248,6,3.0,1430770320
285,81,2.5,1430772120
7,220,3.0,1430777700
61,19,3.0,1430784840
470,221,1.5,1430787600
98,223,4.0,1430789640
124,151,3.5,1430795700
288,254,4.0,1430797020
148,215,3.0,1430801580
44,238,2.5,1430809560
66,63,3.5,1430833080
419,217,5.0,1430839500
246,186,2.5,1430841600
89,178,5.0,1430842020
231,101,2.5,1430848980
27,147,3.5,1430856480
24,5,3.0,1430859420
321,284,4.0,1430860500
316,159,4.0,1430861700
76,145,2.0,1430864520
289,59,3.0,1430873040
123,133,2.0,1430873220
314,221,3.0,1430874780
205,221,3.5,1430878740
478,64,5.0,1430884440
210,243,4.0,1430885400
368,37,5.0,1430894220
30,184,4.5,1430894940
305,94,3.5,1430899500
222,141,3.5,1430914140
292,60,2.0,1430916120
398,184,2.5,1430918700
175,31,3.5,1430925780
376,106,3.0,1430926980
272,138,3.5,1430935560
400,207,3.5,1430939040
82,233,4.0,1430940120
152,172,4.5,1430942220
97,56,4.5,1430944860
22,275,1.5,1430953620
217,239,4.0,1430958960
294,73,3.5,1430963940
430,278,3.0,1430965980
487,94,2.5,1430972640
469,215,2.0,1430977200
441,31,2.0,1430979300
261,50,2.0,1430982720
142,240,2.5,1430993460
257,60,3.5,1430994240
321,134,3.0,1430998740
32,3,2.0,1431001140
280,9,3.5,1431008280
239,235,3.5,1431015000
161,221,4.0,1431017400
7,202,5.0,1431034500
236,167,3.5,1431035220
187,55,3.5,1431036960
360,134,1.5,1431042420
301,94,2.5,1431048300
224,64,4.0,1431049500
373,219,3.0,1431051660
245,290,3.0,1431062940
468,40,3.5,1431069660
38,92,4.5,1431087300
68,49,3.0,1431087720
385,289,1.5,1431090120
136,3,3.0,1431091500
67,30,1.5,1431091560
349,80,2.0,1431111300
190,279,3.5,1431117240
124,260,2.0,1431119820
83,157,2.0,1431121620
387,118,4.0,1431138120
230,145,3.0,1431139080
129,34,4.5,1431141480
187,289,2.5,1431141540
180,185,3.0,1431142260
467,275,2.0,1431142740
215,60,3.5,1431147120
167,291,2.5,1431150420
266,57,4.0,1431156180
260,66,3.5,1431161460
45,142,2.5,1431163320
310,239,2.5,1431163380
491,105,3.0,1431164580
188,24,4.0,1431170220
274,52,1.5,1431193620
260,222,3.0,1431205200
182,178,5.0,1431214140
145,121,3.5,1431225900
20,135,3.5,1431227040
439,197,4.5,1431228060
433,96,4.5,1431228960
124,217,4.0,1431230280
405,137,4.0,1431238140
492,226,2.5,1431245400
11,162,2.5,1431256500
37,8,4.5,1431262020
109,125,2.0,1431267180
180,138,3.5,1431271500
20,77,2.0,1431275760
303,66,2.5,1431279360
59,66,4.0,1431283200
331,294,5.0,1431288120
356,73,5.0,1431289740
162,220,4.0,1431291480
380,168,3.5,1431293700
397,245,2.0,1431299580
61,138,4.0,1431303120
225,211,4.5,1431303600
441,277,1.5,1431303660
314,137,3.0,1431304440
446,279,4.5,1431305220
415,5,3.0,1431311100
42,222,3.0,1431314520
299,198,3.5,1431321120
470,128,3.0,1431321240
310,51,2.5,1431329820
489,123,4.5,1431331740
290,256,2.5,1431336180
85,250,3.0,1431336840
105,21,3.5,1431337320
348,296,3.0,1431344280
316,192,4.0,1431349080
173,176,4.5,1431349560
308,129,3.5,1431372600
320,25,3.0,1431382020
499,170,2.0,1431382920
65,172,5.0,1431383520
393,10,3.0,1431384900
219,222,2.0,1431387540
100,44,2.0,1431391560
438,152,2.5,1431392340
6,235,2.5,1431398460
4,284,5.0,1431402540
27,208,2.0,1431405780
478,15,4.5,1431410220
78,258,3.0,1431412020
323,245,3.0,1431415560
110,137,3.0,1431422340
99,84,4.0,1431431700
247,275,3.0,1431432360
101,60,3.5,1431434460
486,126,1.5,1431435900
208,150,3.0,1431441600
392,294,2.0,1431444720
266,194,2.5,1431444840
408,240,4.0,1431444840
130,216,4.0,1431448380
116,106,2.0,1431450540
60,229,4.0,1431454140
243,35,2.0,1431454620
120,248,2.0,1431455940
351,15,3.5,1431457380
143,242,4.5,1431471720
109,300,3.5,1431473040
138,156,3.0,1431478500
135,101,3.5,1431481200
237,19,5.0,1431486600
261,245,2.0,1431487260
157,207,2.0,1431492300
237,23,3.5,1431496920
63,73,3.5,1431497760
240,37,3.5,1431499800
165,51,4.0,1431501180
404,250,4.5,1431501300
427,96,4.5,1431502020
449,129,3.5,1431502620
374,200,3.0,1431511860
44,70,2.5,1431514860
423,240,3.0,1431515220
136,55,3.0,1431516180
177,184,3.5,1431516600
19,218,3.5,1431519420
233,163,4.0,1431522840
55,1,2.0,1431528180
302,222,2.5,1431537600
413,94,3.5,1431539700
264,174,3.0,1431543120
407,165,4.0,1431545100
453,208,2.5,1431545700
142,280,2.5,1431548280
481,216,5.0,1431552060
327,243,3.0,1431555540
251,126,3.0,1431561600
132,171,2.5,1431562800
500,146,3.5,1431564840
128,70,4.5,1431568080
380,147,2.0,1431569820
490,205,4.0,1431575220
445,63,2.5,1431585720
26,55,2.5,1431587100
438,240,2.0,1431590100
33,57,4.0,1431591720
317,64,3.0,1431594720
132,276,3.5,1431595260
9,48,2.0,1431603300
290,169,3.5,1431614400
275,79,2.5,1431620700
230,146,2.0,1431625620
384,83,3.5,1431627300
374,117,3.5,1431629040
213,128,3.5,1431635160
117,38,3.0,1431637080
133,82,3.5,1431638340
11,165,3.5,1431638940
416,15,3.5,1431643320
223,210,3.5,1431651780
326,95,2.0,1431653820
431,220,3.0,1431663120
365,215,2.0,1431671700
346,211,3.0,1431673740
206,34,4.0,1431674160
469,273,2.5,1431681780
381,194,4.0,1431685800
438,151,2.5,1431691620
331,253,3.5,1431693540
322,193,3.5,1431695820
336,151,3.5,1431698340
114,66,3.0,1431707280
318,251,4.0,1431710160
461,40,3.5,1431711720
371,279,1.5,1431712620
69,35,3.0,1431714720
272,231,3.0,1431718140
117,120,4.0,1431718620
216,103,3.5,1431721260
110,229,3.0,1431721980
454,275,0.5,1431735540
239,245,3.0,1431739320
27,112,3.5,1431740580
272,243,3.0,1431742680
152,81,2.5,1431748020
210,269,3.0,1431750300
246,269,4.5,1431751680
109,168,2.0,1431751980
23,7,4.0,1431762300
167,150,3.5,1431771060
327,165,2.0,1431783480
77,290,2.0,1431785340
218,235,4.0,1431789060
471,56,3.5,1431790200
257,149,4.0,1431814920
388,45,1.5,1431819900
215,206,4.5,1431820500
117,238,3.5,1431821940
340,129,3.5,1431824340
115,14,3.0,1431825720
243,151,2.5,1431827400
97,299,1.5,1431828300
160,40,4.5,1431836760
70,185,3.0,1431839280
228,245,3.5,1431849360
59,255,4.5,1431849900
272,120,2.5,1431850380
210,14,3.5,1431851220
166,132,3.0,1431855000
405,208,2.0,1431858000
33,3,3.0,1431859740
141,6,3.0,1431861540
247,89,4.5,1431869880
175,55,3.0,1431878220
34,128,2.5,1431882480
190,14,3.5,1431884340
300,103,3.0,1431884580
443,24,3.5,1431886440
396,269,3.0,1431898140
68,171,2.0,1431904260
476,248,1.5,1431910140
361,221,4.5,1431915780
251,168,3.5,1431918840
366,14,3.5,1431921960
383,30,4.5,1431939960
321,170,3.0,1431941280
491,201,3.0,1431941520
200,200,2.0,1431943140
8,223,3.0,1431944940
62,243,5.0,1431951240
276,35,1.5,1431956520
261,200,2.5,1431968100
180,42,3.5,1431970020
367,150,5.0,1431982560
231,245,3.0,1431982740
45,272,2.5,1431984720
257,281,4.5,1431985740
191,202,4.0,1431986160
310,165,2.0,1431987360
274,291,2.5,1431987780
117,165,3.0,1431990720
492,178,3.5,1431991080
3,79,4.5,1431991140
445,70,3.0,1431992040
204,27,3.5,1432002000
316,27,3.0,1432002780
201,17,3.5,1432004580
69,222,3.5,1432012980
222,9,2.5,1432027680
314,176,2.5,1432036080
402,131,2.0,1432040040
344,240,2.0,1432041000
384,5,3.5,1432041660
105,150,1.5,1432043520
4,273,4.5,1432046340
417,169,5.0,1432047240
177,173,5.0,1432054020
188,139,2.5,1432074060
475,255,4.5,1432077360
203,147,2.5,1432078200
446,207,2.5,1432080120
141,57,1.0,1432082940
317,279,3.0,1432086660
107,231,2.0,1432089000
17,96,4.5,1432090800
459,63,2.0,1432095000
76,185,2.5,1432102500
422,27,2.5,1432108080
231,161,2.0,1432109280
169,66,5.0,1432109940
359,223,3.5,1432118160
229,138,4.5,1432120200
103,23,4.5,1432128180
353,51,3.5,1432130760
479,147,3.0,1432133760
258,37,3.5,1432135020
445,48,2.5,1432137000
378,188,3.0,1432141320
178,180,3.5,1432141800
305,58,2.5,1432142700
205,141,3.5,1432143600
324,245,5.0,1432149480
280,220,4.0,1432150980
99,262,4.0,1432161420
150,80,3.0,1432166640
152,56,4.5,1432168920
261,281,3.5,1432171440
52,215,4.5,1432176480
442,237,4.0,1432183560
431,273,2.5,1432190940
101,186,3.0,1432192440
339,36,4.0,1432197420
127,63,4.5,1432203900
295,215,3.0,1432222440
167,89,4.0,1432229400
300,251,3.5,1432230180
394,36,4.0,1432239780
131,40,3.5,1432248540
492,60,2.0,1432248960
107,82,2.0,1432255920
179,222,4.5,1432278240
448,18,3.0,1432278960
257,282,4.5,1432279740
398,170,2.0,1432288920
431,106,3.0,1432296420
429,230,5.0,1432298340
404,173,5.0,1432301520
128,52,3.5,1432301700
366,229,4.0,1432301820
444,70,3.5,1432301880
230,270,2.0,1432308840
167,64,4.5,1432309200
199,165,4.0,1432313280
136,61,4.0,1432313400
94,254,3.5,1432316580
126,184,3.5,1432333860
382,244,2.5,1432335600
425,229,4.5,1432335900
417,174,3.0,1432342080
122,295,3.0,1432342200
51,141,4.0,1432342860
199,154,2.5,1432345560
247,47,4.5,1432348440
437,42,2.5,1432349460
452,98,5.0,1432350420
5,45,1.5,1432354740
285,236,1.0,1432360740
101,132,4.0,1432362780
23,289,2.0,1432364220
315,18,1.0,1432364340
18,71,5.0,1432366260
440,40,3.0,1432372260
109,188,2.5,1432373580
374,63,4.0,1432377780
79,150,1.5,1432380720
354,243,3.5,1432383900
431,188,4.0,1432384920
277,98,3.0,1432389180
367,35,3.5,1432389720
409,156,3.5,1432394700
383,275,1.0,1432398840
43,60,4.0,1432402620
133,64,3.0,1432415100
120,119,3.5,1432425360
419,123,5.0,1432429860
224,203,3.0,1432432980
229,39,3.5,1432436820
20,208,2.0,1432443300
428,281,2.5,1432445760
348,123,4.5,1432453620
209,201,2.5,1432454280
298,221,3.5,1432455840
276,229,3.5,1432458060
230,93,2.5,1432459380
476,216,3.5,1432468260
155,94,2.0,1432477140
68,250,2.5,1432484940
230,7,3.0,1432486140
56,51,2.5,1432487520
82,285,4.0,1432492140
237,34,3.0,1432493220
289,275,1.0,1432501080
297,237,4.0,1432501740
383,188,4.0,1432511220
168,3,2.0,1432513020
444,105,3.5,1432515660
271,81,2.0,1432515900
28,18,2.5,1432517340
390,254,3.0,1432524600
421,217,3.5,1432527900
473,89,3.0,1432530180
77,57,3.0,1432532880
78,58,3.0,1432534560
37,173,4.0,1432550460
140,226,2.5,1432553040
168,134,3.5,1432555140
326,84,3.0,1432556100
414,70,3.5,1432557360
104,43,4.5,1432574220
118,215,4.5,1432580700
97,103,3.0,1432581780
202,226,5.0,1432590180
31,217,5.0,1432595640
30,269,5.0,1432597020
81,226,5.0,1432599120
402,208,2.0,1432600980
20,60,2.0,1432615500
337,192,3.0,1432618680
73,207,3.5,1432624800
378,185,3.0,1432624800
136,137,4.0,1432629420
44,55,3.0,1432630440
67,127,2.5,1432635900
326,269,3.0,1432637100
102,253,2.5,1432640400
61,275,0.5,1432645140
421,137,3.5,1432652220
378,15,2.5,1432652880
199,105,4.0,1432661640
459,276,3.5,1432662240
372,83,3.0,1432662300
299,17,2.5,1432667460
430,13,4.0,1432668000
309,209,3.0,1432668240
464,24,3.5,1432671780
4,230,5.0,1432675140
159,187,4.0,1432681260
205,229,3.0,1432692060
337,79,3.0,1432698000
363,284,4.0,1432698180
225,101,3.5,1432701000
54,120,3.5,1432705560
34,150,2.0,1432705560
49,99,5.0,1432707480
252,284,3.0,1432710360
351,222,2.5,1432712940
197,250,4.0,1432717260
264,187,3.5,1432717980
384,72,3.0,1432726440
59,250,5.0,1432735080
20,155,3.5,1432735200
123,79,4.0,1432736220
221,24,3.0,1432740060
326,205,2.0,1432749720
119,229,4.0,1432750080
198,95,2.0,1432771020
292,229,3.0,1432774920
217,24,3.0,1432777380
234,172,4.0,1432778460
220,35,2.5,1432781400
323,289,1.5,1432782300
449,70,3.0,1432782540
326,220,2.0,1432785300
337,32,3.5,1432785600
431,137,4.0,1432786920
109,227,3.0,1432789800
359,15,3.5,1432803360
280,235,3.5,1432804980
252,135,2.5,1432807080
440,256,2.0,1432808040
223,275,1.0,1432813320
185,255,3.5,1432815120
279,55,2.5,1432816200
22,294,3.0,1432827900
19,187,3.5,1432828800
194,299,5.0,1432828800
231,275,1.0,1432830600
378,289,2.0,1432832460
176,2,2.0,1432832880
116,275,0.5,1432839720
480,180,3.0,1432847700
459,165,4.0,1432849320
205,112,4.5,1432849500
175,151,2.5,1432853940
67,271,1.5,1432857600
4,83,3.0,1432860900
119,56,2.0,1432865580
196,15,2.5,1432870500
171,135,2.0,1432874160
61,123,3.5,1432879020
313,253,2.0,1432885980
452,208,3.5,1432887420
81,81,3.0,1432892280
424,235,4.5,1432901100
192,235,4.0,1432902900
141,134,3.5,1432904040
458,82,3.5,1432913940
129,112,5.0,1432914660
366,70,3.5,1432923060
23,94,3.0,1432930080
35,56,3.5,1432933620
3,170,2.5,1432936320
86,294,4.5,1432946040
234,46,3.5,1432948260
434,28,3.5,1432948500
464,106,2.5,1432954260
177,169,4.0,1432956600
418,187,3.0,1432956660
211,93,2.5,1432957920
222,120,4.0,1432962780
438,92,2.5,1432964820
451,145,3.0,1432965000
346,170,2.5,1432971000
91,250,3.5,1432975200
124,294,4.0,1432981740
116,297,1.5,1432981980
365,246,2.5,1432989540
333,150,2.0,1432995300
436,275,0.5,1432995360
368,198,4.0,1432995720
428,14,3.0,1432995840
364,28,4.0,1433005680
130,137,2.5,1433008860
120,212,3.0,1433015340
150,55,2.0,1433016120
196,154,2.5,1433021820
221,266,3.5,1433024700
356,57,4.5,1433032020
9,122,5.0,1433033280
236,89,2.5,1433036580
183,187,4.0,1433040780
453,251,2.0,1433047560
456,94,3.5,1433047740
92,121,3.0,1433052480
192,170,3.5,1433055780
14,15,2.0,1433061120
168,172,3.5,1433065560
279,170,3.5,1433070060
476,105,2.5,1433072400
402,60,3.0,1433079480
335,147,4.0,1433083140
486,171,2.5,1433088420
286,221,2.5,1433091120
103,151,2.5,1433094900
225,243,5.0,1433098620
140,152,3.5,1433099100
317,290,2.5,1433099400
105,218,3.5,1433104680
325,233,2.5,1433112600
411,5,2.0,1433121960
30,101,5.0,1433123880
16,47,3.0,1433124120
486,151,2.0,1433131740
288,240,3.5,1433145000
434,30,4.0,1433145720
255,48,2.0,1433152140
100,233,1.0,1433152680
133,138,4.0,1433155680
340,134,4.0,1433162940
478,154,3.5,1433166120
409,184,4.5,1433174160
490,149,2.5,1433175180
289,159,4.0,1433183820
195,208,2.5,1433193480
372,219,3.0,1433194800
101,279,4.0,1433195940
323,148,3.0,1433209500
405,180,3.5,1433210220
458,250,4.0,1433211960
136,220,5.0,1433221260
104,290,4.0,1433228820
84,143,2.5,1433236740
57,70,2.5,1433240340
131,264,4.5,1433242500
114,138,4.5,1433246400
153,35,1.5,1433249460
349,28,3.5,1433255940
272,42,2.5,1433257200
414,60,4.0,1433259780
199,42,3.0,1433263260
491,78,2.5,1433277540
85,36,4.5,1433280240
71,240,3.0,1433280780
80,200,1.5,1433281380
349,238,3.5,1433283960
209,296,3.5,1433287020
287,15,3.5,1433289000
268,285,3.5,1433290260
335,119,4.0,1433292660
261,101,2.0,1433308260
71,117,4.0,1433317560
160,140,5.0,1433322000
408,275,1.5,1433322840
387,156,2.0,1433325720
88,71,5.0,1433325900
467,251,4.5,1433326140
193,242,2.5,1433327340
96,40,2.5,1433327760
361,152,4.5,1433335740
188,294,4.0,1433336040
492,4,4.0,1433339160
414,129,3.5,1433344800
350,251,3.5,1433353320
46,293,3.5,1433353560
440,176,2.0,1433356020
416,244,4.0,1433356380
87,71,5.0,1433357340
154,222,3.5,1433361480
113,122,3.5,1433366340
17,188,3.5,1433367600
350,48,3.0,1433369520
315,255,2.5,1433377140
386,47,4.0,1433384280
338,2,2.5,1433389320
127,293,2.0,1433389680
424,159,4.0,1433394480
395,175,5.0,1433395680
190,206,4.0,1433396040
94,38,2.5,1433406000
372,171,3.0,1433406960
168,157,3.5,1433408880
314,131,1.0,1433410320
499,5,2.5,1433411820
403,224,2.5,1433415240
113,98,3.5,1433415780
332,209,3.5,1433418060
474,90,3.0,1433422320
6,208,2.5,1433427000
26,5,2.0,1433428860
410,290,3.5,1433435640
295,121,4.5,1433439660
420,256,3.0,1433442840
350,40,3.5,1433452080
9,3,2.0,1433454540
452,215,3.5,1433454900
155,138,4.5,1433461320
225,231,3.5,1433467140
449,30,4.5,1433471520
391,222,4.0,1433481780
93,243,3.5,1433486040
330,43,5.0,1433487060
263,73,3.5,1433487240
272,137,3.0,1433499480
417,35,2.5,1433499840
329,77,2.5,1433503560
425,243,4.5,1433506860
496,203,2.5,1433509440
413,299,3.5,1433509500
401,162,2.0,1433511360
34,227,3.0,1433520720
331,51,5.0,1433521080
496,219,2.5,1433523060
27,203,3.0,1433528640
292,282,2.5,1433533140
403,222,3.0,1433533260
81,269,4.5,1433534100
384,221,3.0,1433535720
112,139,2.0,1433536800
459,101,3.5,1433538720
189,172,4.0,1433538960
346,217,4.0,1433539560
226,284,4.0,1433549640
25,88,2.0,1433550540
187,179,5.0,1433551080
272,3,1.0,1433555400
25,170,2.5,1433556060
257,137,3.5,1433564940
113,170,2.5,1433567400
2,79,4.0,1433577540
208,294,3.5,1433586300
129,300,4.0,1433593020
16,240,4.0,1433598900
358,233,2.0,1433614320
195,161,3.0,1433614740
209,254,4.5,1433615940
342,40,4.0,1433616540
423,262,3.0,1433618040
224,253,2.0,1433620260
356,89,5.0,1433627760
367,286,4.5,1433630820
316,252,2.5,1433633940
465,27,3.0,1433635620
21,15,2.5,1433637060
248,88,1.5,1433650260
459,137,3.5,1433651280
499,178,3.5,1433653920
158,41,3.5,1433654940
80,164,4.0,1433655720
131,138,4.5,1433658780
457,176,4.0,1433658960
224,245,3.0,1433666580
117,200,2.5,1433669220
438,30,3.0,1433674560
200,105,2.0,1433676660
128,10,4.0,1433680320
22,93,3.5,1433683080
230,105,4.0,1433687460
108,138,3.0,1433689320
46,45,2.5,1433690640
173,82,4.0,1433691480
3,222,4.0,1433692320
358,31,3.5,1433694780
16,289,3.5,1433701920
48,203,3.0,1433702460
310,186,3.5,1433705700
492,84,4.5,1433710860
174,13,4.0,1433714640
215,174,4.0,1433715540
380,282,4.0,1433720160
73,34,4.5,1433725860
308,121,2.0,1433726040
21,167,3.0,1433726160
451,146,2.5,1433730360
142,20,3.5,1433744040
382,243,4.5,1433745060
380,89,3.0,1433748600
254,13,3.5,1433752680
286,132,4.5,1433756460
91,198,2.5,1433757660
292,95,3.0,1433758920
303,88,2.5,1433761320
421,170,2.0,1433762760
72,194,3.0,1433766780
152,36,5.0,1433772360
83,235,3.0,1433775720
301,84,2.5,1433776140
373,198,2.5,1433777820
64,137,4.5,1433781180
173,217,4.5,1433784180
450,164,4.0,1433788560
84,94,2.5,1433802000
391,165,4.5,1433802420
201,153,3.5,1433805420
490,170,3.5,1433805720
235,15,3.5,1433807700
370,230,3.5,1433811000
161,198,3.0,1433811600
142,151,2.5,1433818260
245,98,3.0,1433827560
128,120,4.0,1433828700
480,94,2.5,1433832180
494,123,4.0,1433832840
318,226,3.5,1433835360
187,254,3.0,1433843760
414,137,3.0,1433843940
361,13,4.0,1433845380
40,65,3.0,1433850000
25,13,3.0,1433851680
82,141,4.5,1433852640
235,183,3.0,1433854020
168,38,4.0,1433871300
228,185,3.0,1433881860
30,35,4.0,1433885100
161,65,3.5,1433887500
182,174,4.5,1433896140
225,259,3.5,1433901420
15,264,3.5,1433909580
288,28,5.0,1433915280
108,6,3.5,1433915580
426,226,5.0,1433917260
162,73,5.0,1433918400
232,7,4.0,1433923080
210,235,4.0,1433924220
62,137,4.5,1433933520
445,267,2.5,1433934180
313,299,3.0,1433937540
98,30,2.5,1433942580
29,172,3.0,1433951460
304,208,2.0,1433955480
469,240,2.0,1433956980
54,157,3.5,1433960100
498,89,4.5,1433962140
240,32,5.0,1433963760
453,96,5.0,1433965860
30,94,5.0,1433969460
395,294,4.0,1433971800
108,269,4.5,1433972580
347,192,4.0,1433980920
198,116,2.5,1433983740
136,170,1.5,1433984160
328,229,5.0,1433989560
167,235,4.5,1434002700
337,71,4.5,1434004200
477,58,2.5,1434008520
177,222,3.5,1434009540
140,109,3.5,1434012840
329,251,3.5,1434016200
216,133,3.0,1434016980
318,182,3.0,1434021060
421,43,4.5,1434039000
318,145,3.0,1434039360
272,34,2.0,1434042540
416,147,3.5,1434047220
19,245,3.5,1434047760
308,292,4.0,1434051360
395,54,4.0,1434051900
327,89,3.0,1434053880
261,226,3.5,1434056580
255,57,3.0,1434058560
245,205,3.5,1434063420
496,9,4.0,1434066840
294,289,2.5,1434070200
420,44,3.0,1434078240
474,290,2.5,1434086220
117,178,3.0,1434088260
319,231,3.5,1434089340
376,255,3.5,1434090720
303,72,3.0,1434092400
245,212,4.0,1434095700
207,237,4.0,1434106560
141,147,2.0,1434110280
133,65,3.5,1434117180
497,193,5.0,1434128400
172,37,3.0,1434130200
382,176,3.5,1434131460
304,244,3.5,1434133860
334,60,1.0,1434136740
279,141,4.0,1434140460
278,250,3.0,1434141120
29,112,2.5,1434142020
188,250,4.0,1434143340
56,235,3.5,1434144480
480,13,4.5,1434149580
169,293,3.5,1434153900
318,130,2.0,1434154260
71,58,3.5,1434160380
69,36,4.5,1434167940
170,232,2.5,1434170340
291,1,2.5,1434177480
461,246,2.5,1434177540
452,197,4.0,1434191340
486,256,3.0,1434192720
69,165,3.5,1434200760
248,137,3.5,1434201180
240,175,2.5,1434201900
14,249,2.0,1434206460
146,37,3.5,1434214020
462,94,3.0,1434217320
192,48,3.0,1434223260
345,182,2.5,1434227580
65,220,5.0,1434230100
286,70,3.0,1434237480
208,44,2.5,1434246180
361,82,4.0,1434253860
179,173,5.0,1434254460
17,56,4.5,1434254940
259,9,3.5,1434256380
270,14,4.5,1434256920
328,88,3.5,1434260640
446,166,5.0,1434266880
253,245,2.5,1434267480
242,45,2.5,1434269460
144,137,4.0,1434270240
69,176,3.5,1434274440
308,165,4.0,1434275460
349,245,3.0,1434276780
477,64,3.5,1434280440
46,289,2.0,1434283800
339,238,4.5,1434284100
296,51,4.5,1434291960
494,206,3.5,1434300540
363,299,3.5,1434301140
47,248,1.5,1434302700
314,174,2.0,1434304140
442,107,5.0,1434310740
476,147,3.0,1434323640
363,159,2.5,1434325620
295,273,2.5,1434332700
335,294,2.5,1434337380
257,223,3.0,1434338640
85,183,3.5,1434349200
256,74,2.0,1434349920
404,48,3.5,1434351000
436,27,2.0,1434353340
352,70,4.0,1434363300
132,120,3.5,1434366360
188,65,4.5,1434374160
354,235,4.5,1434380340
391,81,3.5,1434382320
17,296,4.5,1434386580
285,132,2.5,1434392280
62,152,5.0,1434392940
109,1,2.5,1434397500
388,245,3.0,1434399720
47,10,3.0,1434405180
103,220,4.0,1434409500
202,289,3.5,1434413940
30,34,4.0,1434434460
126,141,4.0,1434435660
276,70,2.0,1434447240
191,165,3.0,1434448140
438,141,3.0,1434453000
64,8,4.5,1434463500
221,173,3.5,1434465840
112,207,2.0,1434466800
131,236,4.0,1434472380
18,243,3.5,1434481020
412,51,4.0,1434494520
357,250,1.5,1434497100
67,228,3.0,1434499920
69,13,4.0,1434502380
45,160,2.5,1434505080
346,207,2.0,1434507600
64,94,4.0,1434510480
230,85,4.5,1434510960
95,118,2.0,1434514380
408,163,3.0,1434520440
112,175,3.5,1434520560
198,256,3.5,1434526800
374,118,3.5,1434529260
369,262,4.5,1434531720
103,173,4.5,1434531900
276,63,2.0,1434539100
376,230,4.5,1434541320
479,108,3.0,1434543240
135,127,2.5,1434548880
323,231,2.5,1434550020
21,177,1.5,1434553320
311,89,3.0,1434554100
174,73,4.5,1434563220
498,71,4.0,1434563640
333,3,2.0,1434564900
226,197,5.0,1434565140
183,38,4.5,1434569820
211,27,2.5,1434575040
287,221,3.5,1434581820
81,296,4.0,1434584520
187,195,3.5,1434585000
355,10,4.5,1434586860
105,44,3.0,1434590220
453,299,2.0,1434597840
319,156,2.5,1434600480
54,58,3.0,1434601800
370,55,3.0,1434609840
305,282,3.0,1434614460
450,261,3.5,1434615180
266,284,3.0,1434617640
307,210,4.0,1434623880
480,141,4.0,1434628980
165,71,4.5,1434634140
26,121,2.5,1434634620
331,154,3.5,1434637380
273,70,3.0,1434642120
488,296,3.5,1434643680
67,169,3.0,1434648360
302,217,2.0,1434651000
411,15,3.5,1434652380
146,10,3.5,1434655080
419,38,3.0,1434655800
482,280,3.5,1434656520
402,192,5.0,1434664680
40,134,5.0,1434670320
309,134,3.0,1434672360
206,258,2.5,1434672960
426,299,3.5,1434676620
133,253,3.0,1434683220
428,214,2.5,1434685740
174,284,4.0,1434686460
11,135,3.0,1434692460
423,52,3.5,1434694380
147,6,4.0,1434696420
313,10,3.0,1434697680
194,254,5.0,1434697920
295,300,4.5,1434706740
126,107,4.5,1434707520
296,269,3.5,1434708600
86,205,2.0,1434709140
244,65,3.0,1434714360
24,217,4.0,1434718740
79,48,2.5,1434721860
38,53,3.5,1434722280
54,291,3.0,1434728820
98,150,2.0,1434730500
475,134,4.0,1434735600
200,14,3.0,1434735840
47,121,3.5,1434746340
73,43,3.5,1434751440
200,299,2.0,1434752100
489,23,4.5,1434757200
312,37,4.0,1434758940
55,56,3.0,1434762240
16,159,3.5,1434771000
230,96,3.5,1434773460
81,207,1.0,1434774120
266,258,2.5,1434778560
363,235,3.0,1434779400
83,4,3.0,1434780060
126,299,3.0,1434782940
242,144,3.5,1434792060
106,177,3.0,1434794700
267,52,3.0,1434795060
28,27,3.0,1434797220
437,154,2.0,1434802260
163,159,3.0,1434803820
393,206,2.0,1434804060
372,81,4.0,1434805560
190,154,2.5,1434810420
26,106,4.0,1434812940
391,137,4.0,1434827160
17,202,5.0,1434834360
382,61,4.0,1434834900
417,64,4.5,1434835980
103,47,2.5,1434836640
140,205,3.0,1434841560
81,233,2.5,1434848400
329,134,5.0,1434853140
121,89,4.0,1434857100
172,184,3.0,1434865260
1,186,2.0,1434869220
318,32,3.0,1434869940
235,176,2.0,1434873060
106,222,3.5,1434875820
466,123,5.0,1434876600
322,200,1.5,1434880800
52,53,4.0,1434882480
369,210,4.5,1434882600
169,217,4.0,1434883740
260,223,2.5,1434890460
90,291,3.5,1434892080
218,290,3.0,1434892380
286,297,3.5,1434899340
254,165,3.0,1434901560
150,178,4.0,1434904680
15,59,3.0,1434906480
307,65,3.5,1434906540
397,137,3.5,1434906660
9,258,3.5,1434910020
480,243,3.0,1434910860
95,300,3.0,1434912240
305,228,3.0,1434913020
256,173,3.0,1434914220
376,275,1.5,1434916500
438,8,2.0,1434916740
170,88,2.0,1434934980
158,163,4.0,1434942780
194,187,4.0,1434943920
386,60,2.5,1434945960
128,51,4.0,1434947820
306,269,3.0,1434949620
106,174,4.0,1434950400
260,150,3.0,1434951720
449,89,4.0,1434954780
351,120,3.5,1434965820
199,221,2.5,1434966960
475,150,2.0,1434967980
383,137,3.5,1434970560
339,223,2.5,1434975240
268,172,3.5,1434978240
463,228,3.0,1434980280
63,175,3.5,1434989040
210,293,2.5,1434990360
394,48,2.0,1435001760
497,275,2.5,1435002900
116,182,3.5,1435004880
218,51,3.5,1435007160
140,142,3.5,1435012500
402,5,2.5,1435013580
270,132,5.0,1435013760
106,294,3.5,1435014600
265,150,3.0,1435014780
324,81,5.0,1435015800
326,289,2.0,1435018380
492,183,3.0,1435024800
248,14,3.5,1435033440
267,11,3.0,1435035540
459,251,3.0,1435035540
273,174,3.0,1435039140
386,40,3.5,1435040520
199,134,3.5,1435042080
389,270,3.5,1435046520
482,156,3.5,1435049040
189,275,0.5,1435050900
469,80,2.5,1435051260
328,245,4.5,1435054680
48,202,5.0,1435056120
450,60,2.5,1435058220
97,282,3.0,1435060260
459,142,3.5,1435062000
412,197,4.5,1435073700
391,90,5.0,1435077720
341,294,4.0,1435083660
382,47,2.0,1435088520
286,143,4.0,1435089180
211,240,1.0,1435101060
211,290,2.0,1435104060
423,300,4.0,1435106820
80,40,3.5,1435110180
53,106,4.0,1435110840
181,73,2.0,1435114020
18,256,3.5,1435114560
114,96,5.0,1435114740
370,132,4.0,1435136100
226,134,4.5,1435136760
150,26,3.5,1435140840
339,43,3.5,1435145340
190,165,3.5,1435147740
39,15,2.0,1435155660
422,255,4.0,1435158720
126,242,3.0,1435161900
330,262,4.0,1435164180
219,52,3.0,1435166340
18,130,2.5,1435168020
234,67,3.5,1435169640
310,40,3.5,1435175460
169,48,3.0,1435175520
377,56,4.0,1435176300
51,231,4.0,1435179780
122,98,3.5,1435186440
226,107,3.0,1435190400
267,17,3.0,1435191000
102,59,3.5,1435194300
65,198,3.5,1435211820
8,82,4.0,1435212540
42,173,4.0,1435214100
147,185,4.5,1435217160
492,268,3.0,1435223700
448,31,3.0,1435228860
418,56,3.0,1435230660
38,231,4.0,1435232760
299,40,3.5,1435236900
481,170,3.5,1435251540
109,71,3.5,1435252680
316,81,2.5,1435259760
343,133,2.0,1435262220
428,172,3.0,1435263840
74,226,4.5,1435264260
393,72,2.0,1435275600
478,231,2.5,1435276320
277,198,1.0,1435280880
170,38,2.0,1435283160
448,103,4.0,1435286040
334,121,2.5,1435286280
474,251,3.5,1435288200
192,14,3.5,1435290360
107,132,2.5,1435293000
407,175,3.5,1435293300
154,15,2.0,1435295100
80,289,2.5,1435296240
149,117,3.0,1435296540
274,71,5.0,1435297620
42,32,4.5,1435300260
60,135,2.0,1435306500
426,138,4.0,1435317360
353,185,3.5,1435321080
499,220,4.5,1435323960
404,172,4.5,1435324380
246,220,4.5,1435327860
294,21,3.5,1435330860
348,138,4.0,1435332720
409,233,3.5,1435332840
352,240,1.5,1435346040
225,161,3.0,1435350720
276,253,2.5,1435352460
294,250,3.5,1435357920
387,154,3.0,1435368000
218,239,3.0,1435375740
389,65,4.0,1435380060
68,56,2.5,1435390440
203,48,2.5,1435396860
238,231,3.0,1435401780
49,47,3.5,1435413540
26,208,2.0,1435416540
146,59,4.0,1435420680
100,241,3.0,1435432800
28,35,1.5,1435437240
243,44,3.0,1435438560
225,203,4.0,1435440300
469,17,3.0,1435442340
242,177,1.5,1435446300
269,103,2.5,1435449540
208,63,3.5,1435450860
103,182,4.5,1435453680
272,289,1.5,1435455360
204,83,4.0,1435456680
177,204,5.0,1435463100
221,86,3.0,1435465740
363,165,4.0,1435467120
286,299,3.5,1435480320
20,243,3.0,1435482720
151,36,5.0,1435490640
320,18,2.5,1435492680
407,267,3.5,1435498620
28,92,3.0,1435501740
244,120,4.0,1435504560
62,203,4.5,1435511520
142,292,2.5,1435512180
25,18,2.5,1435514820
136,26,4.0,1435515240
403,13,5.0,1435520100
18,101,3.5,1435522800
53,176,3.5,1435532400
485,64,2.5,1435533420
155,1,3.0,1435537800
377,222,3.5,1435544400
446,154,4.0,1435546140
272,64,3.0,1435546740
314,68,1.0,1435552620
170,138,3.5,1435563300
373,21,3.5,1435566300
425,256,3.0,1435566480
392,98,2.5,1435569600
491,187,2.5,1435577040
401,173,4.0,1435584900
138,103,3.5,1435596540
371,55,2.5,1435603020
109,172,5.0,1435617660
119,59,4.0,1435624860
439,123,4.0,1435626840
406,279,3.0,1435632000
443,276,2.5,1435632840
204,24,5.0,1435635600
131,194,2.5,1435637880
348,63,2.5,1435649880
213,94,3.5,1435651440
378,94,4.0,1435651980
220,152,3.5,1435667100
266,95,3.5,1435667580
31,164,5.0,1435672920
10,243,3.0,1435678680
496,171,0.5,1435679040
260,136,3.5,1435680360
483,235,4.5,1435682400
232,171,2.5,1435685100
199,32,3.0,1435703100
263,86,4.5,1435706460
84,6,3.5,1435729200
375,254,1.5,1435729500
232,60,3.0,1435734120
171,231,3.5,1435734540
384,208,1.5,1435743780
319,9,4.0,1435744020
110,176,3.0,1435746360
195,294,2.5,1435759080
93,73,3.0,1435759140
255,193,4.5,1435762740
147,202,5.0,1435764300
252,137,3.5,1435772760
447,170,3.0,1435775280
377,240,4.0,1435777260
319,69,2.5,1435782060
138,18,3.5,1435791900
371,210,4.0,1435806420
336,64,3.5,1435809960
331,245,4.0,1435810320
278,188,3.5,1435810860
210,184,3.0,1435810920
85,5,2.5,1435811460
67,233,2.0,1435813200
117,243,3.5,1435824060
403,165,3.5,1435829700
136,17,3.0,1435830180
175,64,3.5,1435842600
359,147,3.5,1435844040
302,237,2.0,1435846020
30,10,4.5,1435847160
390,252,3.5,1435849740
191,137,3.0,1435853340
222,119,2.0,1435854840
106,150,3.0,1435862760
375,262,1.5,1435872600
458,300,3.0,1435875840
70,107,2.5,1435886280
105,82,3.0,1435888860
419,190,3.5,1435889820
266,216,4.5,1435894140
156,178,5.0,1435901040
281,57,2.0,1435903740
58,153,4.0,1435907580
219,66,2.0,1435907700
87,267,4.0,1435917840
387,94,5.0,1435917840
124,147,4.5,1435922940
55,289,2.0,1435924020
98,47,2.5,1435928160
201,141,4.0,1435928280
162,151,3.5,1435933140
311,30,3.5,1435933860
408,262,4.0,1435934400
286,3,2.5,1435934520
418,86,4.5,1435936200
453,195,3.5,1435938360
106,151,3.0,1435939860
444,170,3.5,1435946700
130,207,1.5,1435955520
398,101,2.0,1435962540
309,233,3.0,1435965840
29,236,2.0,1435975500
429,203,3.0,1435977480
451,197,3.0,1435978620
141,210,4.0,1435978740
427,37,4.0,1435979700
37,193,5.0,1435982100
488,141,4.0,1435985280
494,55,3.0,1435987260
122,73,3.5,1435988400
148,252,4.0,1435989840
351,141,3.5,1435990500
319,294,4.0,1436001300
409,254,3.0,1436006160
375,155,2.0,1436007840
442,65,5.0,1436012820
252,243,3.0,1436018820
395,89,5.0,1436020500
189,51,2.5,1436024400
373,24,3.5,1436024760
84,265,2.5,1436025480
269,73,3.5,1436029620
437,36,4.5,1436030700
60,160,2.5,1436039100
466,62,2.5,1436040960
431,117,2.5,1436041020
467,93,3.5,1436044200
45,235,4.0,1436049240
227,137,4.0,1436055300
279,137,3.5,1436055900
336,51,3.5,1436061420
89,231,4.0,1436065020
50,13,4.5,1436067540
492,43,3.5,1436072460
372,15,3.0,1436074740
139,243,3.0,1436074980
152,105,5.0,1436075040
404,94,5.0,1436076120
486,282,2.5,1436079960
267,135,3.0,1436081880
267,35,2.0,1436086320
304,255,3.5,1436086380
453,95,4.5,1436089020
309,195,2.5,1436090880
39,179,3.0,1436092140
470,81,2.0,1436093100
249,10,3.0,1436093700
58,207,2.0,1436095620
292,52,3.5,1436100060
130,285,3.5,1436100600
346,160,2.0,1436100900
245,275,1.0,1436110380
26,280,3.5,1436112900
187,94,5.0,1436113440
45,14,3.0,1436117940
183,21,4.0,1436119500
153,115,3.5,1436119620
352,121,1.5,1436123640
193,105,2.5,1436125620
65,128,4.5,1436128740
492,123,4.0,1436134320
188,79,4.0,1436136900
419,275,1.5,1436139840
221,250,3.0,1436149500
290,245,2.5,1436157060
460,51,2.5,1436161380
301,15,1.5,1436168880
414,30,4.0,1436171160
323,294,2.0,1436183640
493,107,2.5,1436186040
311,174,3.0,1436187420
159,9,3.5,1436188920
431,20,3.0,1436190000
348,284,2.5,1436190060
207,106,4.0,1436199060
83,45,1.5,1436207580
43,51,5.0,1436212020
295,48,3.0,1436218920
235,142,2.5,1436219220
2,153,3.5,1436230260
316,105,3.5,1436231160
458,180,3.0,1436234280
448,107,4.5,1436234760
245,2,2.0,1436235240
143,170,2.5,1436236080
242,101,2.5,1436236560
349,64,2.0,1436237160
111,98,4.0,1436238360
91,12,4.0,1436240760
147,266,5.0,1436242560
281,222,2.5,1436247420
292,93,2.5,1436249940
160,210,4.5,1436251800
226,176,4.0,1436254980
42,250,3.0,1436270880
342,156,2.5,1436279460
126,127,3.0,1436287080
165,160,3.0,1436290440
420,231,2.0,1436290740
442,121,3.0,1436292720
403,233,3.5,1436293200
273,137,4.0,1436293260
185,231,5.0,1436296020
183,94,3.0,1436301660
284,30,2.5,1436311200
233,106,3.0,1436315340
156,231,5.0,1436317380
415,269,4.5,1436320320
266,43,4.0,1436321100
439,112,4.0,1436325600
204,279,2.5,1436340600
378,200,3.0,1436344440
266,251,3.5,1436348340
144,231,4.0,1436359380
129,48,2.5,1436360760
481,183,3.5,1436365860
264,267,2.5,1436377080
34,289,2.5,1436385720
152,73,5.0,1436391420
320,229,4.0,1436397180
16,231,3.0,1436403060
109,251,3.5,1436406960
487,284,3.5,1436412300
47,256,2.5,1436426580
71,64,4.5,1436430060
139,184,2.5,1436431200
90,220,4.0,1436441340
190,231,3.5,1436441820
415,217,5.0,1436447400
339,248,2.0,1436449860
59,163,4.5,1436451720
103,101,4.5,1436455560
470,273,1.5,1436465460
307,107,3.5,1436467320
431,59,3.0,1436468160
449,159,4.0,1436468220
175,203,2.5,1436468700
342,251,3.5,1436476500
138,282,2.5,1436476740
370,289,3.0,1436480580
73,28,4.0,1436485380
251,45,3.0,1436485740
11,226,3.5,1436489460
26,174,2.0,1436493120
369,231,3.5,1436505060
80,290,2.0,1436513640
404,119,4.0,1436514120
312,138,4.5,1436517660
438,222,2.0,1436523780
54,183,2.0,1436524260
209,244,3.0,1436528820
215,245,4.0,1436531880
243,211,3.0,1436536800
496,75,3.0,1436537460
34,14,3.0,1436541840
252,134,3.0,1436542560
297,217,4.5,1436544300
266,103,3.5,1436545140
340,216,4.5,1436555160
58,115,3.5,1436564940
387,294,4.5,1436570460
416,133,2.5,1436570880
187,32,4.5,1436573280
492,189,3.5,1436574060
164,98,2.5,1436578200
431,184,3.5,1436579880
455,78,4.0,1436586420
106,289,2.5,1436595960
175,173,2.5,1436596320
403,70,2.5,1436599260
416,127,3.0,1436605380
26,140,3.5,1436607240
490,146,3.0,1436607840
106,241,3.0,1436614020
208,231,3.5,1436617020
1,291,1.5,1436617440
183,263,4.0,1436619420
205,231,2.0,1436622000
288,149,2.0,1436624820
311,207,2.0,1436628180
369,78,4.0,1436635020
297,278,3.0,1436636100
313,156,2.5,1436648100
390,277,2.0,1436648760
185,176,5.0,1436648760
432,153,3.5,1436651100
116,27,2.5,1436653980
104,58,4.0,1436656380
434,128,3.0,1436658000
42,180,2.5,1436668380
196,30,4.0,1436670360
460,156,4.0,1436674500
192,61,4.0,1436675220
461,81,3.0,1436682960
177,251,3.0,1436683560
457,222,3.5,1436683800
276,290,2.5,1436699940
409,15,4.0,1436704320
273,194,3.0,1436719740
179,217,5.0,1436723580
165,206,4.0,1436727120
108,53,4.0,1436730360
241,96,3.0,1436731380
130,270,2.0,1436734020
114,271,2.5,1436735520
432,269,4.0,1436750700
485,30,3.5,1436752080
343,169,3.5,1436753280
455,156,3.5,1436767680
56,255,3.5,1436776860
366,187,3.5,1436778900
264,263,3.0,1436783160
468,203,4.5,1436784540
312,140,4.0,1436790180
493,136,1.5,1436796180
281,208,3.0,1436796720
291,159,4.5,1436799180
483,111,4.0,1436817000
243,221,2.5,1436819820
122,134,3.5,1436821860
150,251,4.0,1436823540
299,94,4.0,1436823840
257,160,3.0,1436824320
258,71,4.5,1436830200
358,195,1.0,1436832300
272,281,4.0,1436839320
270,221,5.0,1436841060
57,264,4.0,1436847540
473,243,4.5,1436849640
91,129,4.5,1436850120
184,28,4.5,1436858580
359,120,5.0,1436869920
14,290,2.5,1436883420
414,65,4.0,1436886900
376,188,2.0,1436887020
295,256,3.0,1436892000
89,172,5.0,1436894880
474,175,3.0,1436895900
227,189,5.0,1436898720
177,170,3.0,1436905620
43,137,4.5,1436906580
308,300,5.0,1436911860
331,26,4.5,1436912640
55,63,3.5,1436913120
495,245,5.0,1436915160
178,33,3.0,1436919540
457,201,3.0,1436920920
279,60,3.5,1436924340
470,254,3.0,1436926320
358,72,1.5,1436929020
126,174,3.5,1436936220
396,176,2.0,1436939820
145,238,4.0,1436940960
430,116,2.5,1436941680
426,78,3.0,1436952840
302,199,2.5,1436953380
254,207,2.0,1436953980
83,173,3.0,1436960340
97,147,3.0,1436960880
353,267,3.0,1436961060
32,58,3.5,1436963460
159,159,4.5,1436964840
213,171,2.5,1436970780
93,277,2.5,1436972760
117,55,3.5,1436975580
4,78,3.5,1436975640
463,123,4.5,1436989680
419,291,3.5,1436990460
293,162,3.0,1436991360
433,34,4.0,1436997180
382,30,4.0,1436998500
344,158,2.0,1437000420
419,82,4.0,1437001500
404,238,3.5,1437001860
342,245,4.0,1437006960
445,231,2.0,1437008820
335,34,3.5,1437018540
115,208,1.5,1437018720
433,206,4.0,1437019620
296,289,1.5,1437019680
399,79,4.0,1437023400
211,231,2.5,1437025320
469,175,3.0,1437025740
241,206,4.0,1437031740
322,153,3.5,1437033300
59,24,4.0,1437035340
471,188,3.5,1437035820
94,269,4.0,1437040140
355,3,2.5,1437040440
450,55,3.0,1437044400
181,5,2.0,1437046080
413,140,3.5,1437053340
119,222,2.5,1437069120
221,137,3.0,1437071700
423,35,2.5,1437078000
23,48,2.0,1437079260
177,106,3.5,1437080940
493,58,3.0,1437086400
90,215,4.5,1437086880
203,237,4.0,1437087660
173,284,5.0,1437095820
121,197,5.0,1437105660
195,145,2.5,1437105960
136,123,3.5,1437112440
14,258,2.0,1437114300
389,144,4.5,1437114480
218,44,4.5,1437116640
60,299,3.5,1437118860
316,18,3.0,1437120480
143,245,5.0,1437124440
67,8,3.0,1437130140
475,59,3.5,1437132540
469,68,2.5,1437142380
16,78,4.5,1437144420
21,294,3.0,1437145260
85,220,3.0,1437146220
351,105,3.5,1437147360
338,168,3.0,1437148980
188,100,4.0,1437153060
457,267,4.0,1437158880
294,35,2.5,1437167880
395,63,4.0,1437168060
225,29,4.0,1437169920
474,141,3.0,1437171600
479,58,2.5,1437178140
283,21,4.0,1437184980
489,150,4.5,1437185100
331,275,2.0,1437189120
54,42,3.0,1437199800
214,299,3.0,1437207060
476,127,3.0,1437216720
273,58,3.5,1437219540
339,15,2.5,1437221820
178,24,3.5,1437222060
149,63,2.0,1437223020
219,197,3.5,1437228120
203,52,3.0,1437232560
320,267,3.5,1437238260
46,42,3.5,1437239160
162,142,5.0,1437241980
420,14,2.5,1437243960
1,188,2.0,1437244620
163,73,3.0,1437258060
381,150,2.0,1437259440
18,57,4.0,1437264060
179,143,5.0,1437265080
197,237,3.0,1437269880
339,217,5.0,1437272580
129,177,1.5,1437274020
326,251,3.5,1437278400
461,60,2.0,1437279840
99,222,2.0,1437283620
428,294,2.5,1437290160
324,9,5.0,1437292860
241,79,2.0,1437294300
449,289,2.0,1437299520
475,167,4.5,1437304440
491,290,3.0,1437322680
468,123,4.5,1437327300
68,215,4.0,1437329580
226,139,2.0,1437335460
277,66,3.0,1437336240
271,258,2.0,1437340800
77,94,2.5,1437347820
417,162,3.0,1437348000
410,154,3.0,1437362940
275,268,2.5,1437366120
137,152,3.0,1437371160
325,67,4.0,1437383220
1,217,3.5,1437384060
323,151,3.5,1437387480
260,254,3.0,1437389940
146,275,2.0,1437390540
380,150,1.0,1437394140
228,170,1.5,1437398760
386,284,3.0,1437399300
33,176,3.5,1437399900
431,40,3.0,1437407340
323,146,2.0,1437414840
352,198,1.0,1437420840
112,147,3.0,1437421200
454,170,2.5,1437421320
94,284,3.0,1437422520
471,85,5.0,1437422760
187,9,4.0,1437424140
229,244,3.5,1437430440
490,155,3.0,1437443580
497,156,4.0,1437443880
120,299,2.5,1437448020
335,210,2.5,1437448440
285,229,4.0,1437452940
164,34,4.0,1437454440
158,210,3.5,1437468300
408,71,4.5,1437473820
70,300,3.5,1437474120
30,288,4.5,1437474120
378,215,3.5,1437476040
48,146,2.5,1437481560
314,64,2.5,1437483480
109,36,3.5,1437486240
456,142,4.5,1437487680
16,216,4.5,1437488520
211,171,2.0,1437489660
20,187,3.0,1437489780
291,216,4.0,1437491400
253,151,3.5,1437492780
90,78,3.5,1437492960
74,71,4.5,1437494040
342,183,2.5,1437497100
165,21,3.0,1437499620
21,279,3.5,1437513900
130,215,2.5,1437515700
419,68,3.0,1437516840
189,212,4.0,1437527340
156,182,5.0,1437532440
60,94,2.5,1437533400
331,9,4.0,1437534360
10,188,3.0,1437539100
26,240,2.0,1437539280
90,121,3.5,1437548340
401,229,2.5,1437553680
265,294,4.0,1437564840
161,253,2.0,1437572400
357,251,2.5,1437572460
345,150,1.0,1437578400
19,247,2.0,1437583020
343,184,3.5,1437587820
179,106,5.0,1437594600
227,70,3.0,1437595680
280,60,2.5,1437597000
413,145,3.0,1437602520
254,27,3.0,1437604800
98,222,3.0,1437615480
325,157,3.0,1437616440
167,215,4.0,1437620580
229,256,4.0,1437633480
480,130,1.5,1437637980
361,65,4.0,1437646560
236,237,2.5,1437659820
293,3,1.5,1437663120
457,40,3.5,1437666720
149,101,2.5,1437668520
58,250,5.0,1437669540
181,145,3.0,1437672300
161,13,3.5,1437676980
456,220,4.0,1437681780
144,174,3.5,1437687300
132,294,3.5,1437689040
121,159,4.0,1437694560
117,290,3.0,1437697140
369,299,3.5,1437711540
477,174,2.5,1437712020
425,196,4.5,1437722520
67,85,4.0,1437747240
23,178,3.5,1437752820
59,56,3.5,1437761580
288,188,4.5,1437771660
492,5,2.5,1437778620
114,14,4.0,1437779820
183,300,3.0,1437787800
45,186,2.0,1437805860
245,28,4.5,1437819720
22,79,4.5,1437823800
295,265,3.0,1437824760
271,24,4.5,1437833400
409,235,3.5,1437834060
486,101,2.0,1437837000
464,267,3.5,1437838380
246,10,5.0,1437847680
486,47,3.5,1437847980
413,258,3.0,1437851220
483,255,5.0,1437861060
183,14,4.0,1437862500
58,260,4.0,1437862500
77,159,2.0,1437864480
172,168,3.0,1437865680
478,262,4.5,1437866220
401,245,2.0,1437867300
427,14,4.5,1437881640
496,280,2.0,1437882720
15,60,2.0,1437885120
131,65,5.0,1437889140
229,60,3.0,1437891840
100,289,2.5,1437892260
224,275,2.0,1437892560
272,235,3.5,1437899400
126,207,2.5,1437907980
335,296,3.0,1437911700
161,31,4.5,1437911940
361,28,4.0,1437912240
307,38,2.0,1437912720
405,217,4.0,1437913740
367,27,3.5,1437913920
149,207,1.5,1437921000
17,184,3.5,1437924000
64,71,4.5,1437926700
153,156,2.0,1437928260
72,144,4.5,1437928560
303,250,4.5,1437933480
298,235,4.0,1437939780
8,273,2.0,1437942000
500,128,5.0,1437946860
463,13,4.0,1437947100
31,175,3.5,1437950280
265,106,5.0,1437953520
95,264,4.0,1437954660
222,65,3.0,1437957300
164,96,5.0,1437958500
402,118,4.0,1437961320
200,284,4.5,1437966300
228,101,2.0,1437969420
302,151,2.0,1437984300
93,27,1.5,1437989760
436,231,2.0,1437997560
429,154,2.0,1437999960
69,10,4.5,1438006440
229,79,4.5,1438010940
119,73,2.5,1438011600
105,281,5.0,1438014060
35,182,3.5,1438014600
258,165,3.0,1438014840
44,107,4.0,1438017540
317,73,2.0,1438025460
460,280,3.0,1438027080
20,280,2.0,1438027260
190,275,1.0,1438032780
230,220,3.5,1438033020
387,141,4.5,1438036680
439,175,3.5,1438037460
106,53,3.0,1438048440
202,197,5.0,1438048860
336,63,3.5,1438050780
132,104,4.0,1438054920
155,165,3.5,1438055400
106,10,4.0,1438062840
329,287,4.0,1438062960
421,79,4.5,1438066860
24,284,3.0,1438072560
153,251,3.0,1438072740
459,47,2.5,1438075140
441,134,4.0,1438076220
454,42,2.5,1438077420
417,176,4.0,1438078920
13,189,2.5,1438086780
125,94,5.0,1438093260
78,294,2.0,1438095420
401,13,3.5,1438096740
213,31,3.5,1438101660
290,18,1.5,1438109940
453,65,4.0,1438112640
106,243,3.5,1438121760
99,15,3.0,1438147740
310,251,4.0,1438151340
392,144,3.5,1438155420
47,163,3.5,1438155840
221,171,0.5,1438159020
140,139,2.0,1438159320
24,194,2.0,1438177200
53,177,2.5,1438188660
35,145,2.5,1438193340
173,243,4.5,1438199880
246,4,4.0,1438202460
232,149,2.5,1438208640
403,34,3.0,1438209660
158,43,4.0,1438211460
19,59,3.0,1438212240
351,150,3.0,1438223880
191,56,2.5,1438227960
259,129,3.0,1438233000
206,279,3.0,1438236240
180,82,3.5,1438252140
479,96,3.5,1438256100
446,195,3.0,1438260420
329,215,4.0,1438267200
362,140,2.5,1438267500
334,275,2.0,1438269780
496,175,2.5,1438272180
496,123,4.0,1438272840
189,216,3.5,1438273020
260,251,4.0,1438280940
433,124,3.5,1438289400
201,248,2.0,1438299480
456,243,3.5,1438307340
448,285,4.0,1438320600
448,51,4.0,1438320660
145,137,4.0,1438324680
206,257,3.0,1438325820
356,255,3.5,1438329480
32,289,1.5,1438331280
277,138,2.5,1438333200
325,43,4.0,1438339560
112,185,3.5,1438345380
271,243,4.0,1438345440
356,193,5.0,1438349760
194,240,4.0,1438355520
115,243,3.5,1438360380
233,251,4.0,1438367760
492,235,3.5,1438378680
309,284,3.0,1438378680
499,1,2.5,1438382580
8,24,4.0,1438410060
237,235,3.5,1438412400
36,183,2.0,1438413240
260,15,3.0,1438417740
66,122,5.0,1438422060
60,217,3.0,1438424400
150,13,4.5,1438424820
362,15,3.0,1438425900
58,178,4.0,1438428000
246,134,4.5,1438428780
54,289,2.5,1438434240
137,202,5.0,1438436580
293,50,2.0,1438442940
38,18,3.5,1438443180
372,23,2.5,1438448460
277,240,2.0,1438452480
478,18,3.0,1438453200
400,134,3.0,1438455300
132,232,4.0,1438456620
88,127,3.5,1438456920
324,254,5.0,1438458060
123,88,2.0,1438458840
15,250,3.5,1438460820
37,81,3.0,1438462440
95,29,2.0,1438467300
407,174,3.0,1438471500
213,149,3.5,1438477680
102,189,4.5,1438480140
67,89,3.0,1438480620
193,10,3.5,1438494120
66,169,3.5,1438499160
21,135,2.5,1438500060
392,231,2.0,1438502460
14,8,2.5,1438508280
148,290,3.0,1438517220
31,212,4.5,1438517460
221,172,4.0,1438522500
107,269,3.0,1438524600
333,298,2.5,1438524780
414,150,2.5,1438532340
414,256,3.5,1438534260
483,68,3.0,1438542480
171,210,2.0,1438542660
496,243,3.0,1438550700
472,240,3.5,1438555800
135,262,3.5,1438563600
427,235,4.0,1438567380
272,299,3.0,1438570560
325,89,4.0,1438572600
162,219,5.0,1438573440
71,232,4.5,1438576860
47,289,2.5,1438585740
295,248,2.0,1438591860
33,134,4.5,1438593540
233,161,3.5,1438597800
447,288,3.0,1438604040
39,18,3.0,1438605240
146,251,3.5,1438607640
59,171,3.0,1438614300
211,79,2.5,1438627920
194,71,5.0,1438629960
107,60,1.5,1438633080
208,119,3.5,1438637940
328,269,4.5,1438640640
390,54,4.0,1438647060
180,251,3.5,1438650120
492,170,2.5,1438653060
99,48,2.0,1438654080
482,28,4.0,1438657680
83,85,4.0,1438671180
399,37,1.5,1438672380
344,177,2.0,1438672800
344,55,2.5,1438675380
432,207,1.0,1438679100
268,63,3.5,1438685340
428,289,0.5,1438689960
116,250,3.0,1438690500
401,210,2.5,1438693080
400,180,3.5,1438701180
137,231,3.0,1438720320
331,111,4.5,1438720920
317,113,2.0,1438728000
217,134,3.0,1438729860
236,247,1.0,1438732380
101,18,3.5,1438735740
135,256,2.5,1438739100
412,294,4.0,1438743240
315,121,1.5,1438743420
267,84,3.0,1438744860
281,256,2.5,1438749300
351,137,3.5,1438753740
407,53,4.5,1438755660
24,202,4.0,1438757340
337,24,3.0,1438762860
55,94,3.5,1438763040
423,275,0.5,1438767840
216,42,3.0,1438773660
119,230,4.5,1438773960
311,273,1.5,1438774860
332,73,3.0,1438779000
242,197,3.5,1438792380
499,157,3.0,1438794600
233,280,3.0,1438815240
185,154,3.5,1438818420
78,35,2.0,1438818540
12,145,3.5,1438818660
408,257,3.0,1438824780
268,264,5.0,1438826640
449,221,4.0,1438827120
448,129,3.0,1438827420
478,139,2.0,1438831380
18,290,2.5,1438833060
470,141,3.5,1438833540
319,275,0.5,1438833600
343,282,3.5,1438844460
459,149,3.0,1438847460
125,175,4.5,1438852620
349,18,3.0,1438854240
242,185,3.5,1438854360
223,281,4.5,1438856040
42,88,2.5,1438859040
309,260,3.5,1438860000
276,165,3.0,1438861080
55,152,4.0,1438864320
219,159,3.0,1438872180
487,262,4.0,1438879560
479,207,0.5,1438883460
386,175,4.0,1438893240
484,189,3.5,1438900080
305,279,3.5,1438901220
153,31,3.5,1438910640
136,118,4.5,1438912260
279,63,3.5,1438912620
332,262,3.0,1438912860
113,153,3.5,1438923240
232,143,3.0,1438924200
42,20,3.0,1438925760
298,94,5.0,1438927560
135,294,2.5,1438927860
357,178,1.0,1438929060
219,60,2.5,1438929480
369,296,4.5,1438932780
18,147,3.0,1438947420
161,240,4.0,1438952700
102,77,1.5,1438952820
425,79,5.0,1438954500
72,184,3.5,1438963980
36,88,1.5,1438966800
402,169,4.5,1438972560
370,182,4.0,1438978560
383,24,4.0,1438980240
91,299,4.0,1438981920
467,299,3.0,1438989780
57,65,4.0,1438991640
125,252,4.5,1438992540
328,262,4.0,1438993320
197,106,3.5,1439003760
21,245,1.5,1439003940
112,94,3.5,1439004540
143,286,4.5,1439008440
418,294,2.0,1439008560
361,211,4.5,1439013840
369,207,2.5,1439017020
201,15,4.0,1439017080
454,157,3.5,1439018880
434,174,3.5,1439032140
169,142,5.0,1439032380
267,241,3.0,1439034240
466,32,4.0,1439034720
225,108,4.5,1439034780
140,186,3.0,1439044260
450,145,4.5,1439045280
43,188,4.5,1439050920
212,269,3.0,1439056200
85,96,4.0,1439058060
247,294,5.0,1439065800
305,73,1.5,1439071620
353,90,3.0,1439072820
303,137,3.5,1439084460
150,129,3.5,1439084640
102,284,3.5,1439087100
422,59,3.0,1439087220
95,280,2.0,1439089020
24,238,3.0,1439091240
255,188,3.5,1439097120
152,34,3.0,1439100000
195,284,3.0,1439102820
314,294,2.5,1439104440
420,121,3.0,1439104620
151,207,3.0,1439106180
376,63,3.0,1439107680
470,164,3.5,1439113080
236,65,4.0,1439126520
184,224,2.0,1439128320
20,254,3.5,1439130420
113,111,3.5,1439132940
78,273,2.0,1439140140
396,3,1.5,1439145720
458,174,3.0,1439147640
304,251,3.5,1439148360
335,84,4.5,1439149140
77,63,2.0,1439149920
262,165,4.0,1439152620
180,170,2.5,1439156220
354,112,4.5,1439160000
242,79,4.5,1439162580
489,37,3.0,1439164020
249,251,2.5,1439167980
371,215,2.0,1439168520
436,208,2.5,1439170740
42,163,2.5,1439171220
291,77,2.0,1439174700
64,268,3.5,1439176260
362,207,2.5,1439176740
222,64,4.0,1439180040
254,254,2.5,1439180340
247,128,4.5,1439183640
36,254,3.0,1439188440
484,252,4.0,1439188860
174,203,4.0,1439194200
71,258,3.5,1439197020
104,184,3.5,1439202540
476,48,2.0,1439203620
230,294,2.5,1439212560
154,294,1.5,1439219820
47,118,3.5,1439224320
174,197,5.0,1439224740
334,258,2.0,1439235180
467,176,3.5,1439236560
117,143,3.0,1439238600
348,121,2.0,1439241660
234,70,3.5,1439243160
202,163,3.5,1439249040
65,154,3.5,1439249220
471,27,3.5,1439261580
441,182,4.0,1439262780
291,231,3.5,1439265300
117,222,2.5,1439268300
393,219,3.0,1439278920
106,14,3.5,1439280180
104,294,5.0,1439286240
23,3,1.5,1439295240
396,52,2.0,1439301840
132,235,5.0,1439314440
36,289,2.0,1439317080
465,206,5.0,1439319540
99,154,2.0,1439330160
88,10,3.5,1439334720
363,269,4.0,1439336100
445,137,3.0,1439342580
31,291,3.5,1439342940
14,40,2.5,1439352120
1,252,3.0,1439356200
93,193,3.5,1439357160
97,5,2.5,1439357880
429,256,3.5,1439358240
120,13,4.0,1439359260
184,294,4.0,1439365380
342,207,3.0,1439373960
214,107,1.5,1439374020
207,146,3.0,1439380680
360,273,0.5,1439391120
401,273,1.5,1439392620
394,186,2.0,1439398680
227,98,5.0,1439401440
489,207,3.5,1439403120
208,180,3.0,1439405940
293,52,2.5,1439406480
323,159,4.0,1439408100
433,269,4.0,1439414940
486,62,2.5,1439416200
166,205,3.0,1439416740
380,51,3.0,1439416860
153,48,2.5,1439426640
180,208,1.5,1439432700
160,237,4.0,1439432700
354,289,2.0,1439434560
467,9,4.0,1439435400
120,24,2.0,1439437560
108,31,4.0,1439438400
467,43,4.5,1439445600
265,207,2.5,1439456580
203,13,3.5,1439458620
427,250,3.5,1439460300
267,220,2.5,1439463120
99,178,2.5,1439469600
50,149,3.5,1439469960
169,256,4.0,1439475300
351,215,2.5,1439478360
209,250,4.5,1439479320
233,79,4.5,1439484960
338,26,3.5,1439491020
219,71,3.5,1439493360
124,154,2.5,1439495760
445,71,3.5,1439499480
330,250,4.5,1439511000
15,71,4.0,1439515260
422,149,3.5,1439516820
362,123,5.0,1439518560
257,63,3.5,1439522160
349,30,3.0,1439531580
279,15,3.0,1439532420
163,105,3.5,1439538180
240,34,3.0,1439540460
8,131,0.5,1439556120
293,284,2.5,1439557680
316,129,3.5,1439562060
304,193,4.5,1439563380
423,38,3.0,1439564820
393,182,3.0,1439565720
381,17,4.5,1439570460
452,106,3.5,1439578260
268,175,3.5,1439600700
72,60,3.0,1439602500
332,178,4.0,1439606280
498,73,4.0,1439610960
48,294,3.0,1439611020
424,169,4.0,1439615880
232,24,3.5,1439617140
142,195,2.5,1439618760
436,80,0.5,1439622480
276,137,4.0,1439632980
161,210,4.0,1439638080
471,150,3.0,1439644560
31,265,3.0,1439644980
133,40,3.5,1439648400
368,31,5.0,1439649240
163,229,4.5,1439657340
150,182,4.5,1439658540
226,190,3.5,1439665620
286,282,4.5,1439670360
101,38,3.5,1439674740
100,163,2.5,1439679420
431,133,2.5,1439681280
423,241,3.0,1439685300
412,156,3.5,1439687940
3,56,4.0,1439690700
15,254,2.5,1439694240
232,70,4.0,1439695260
433,275,1.5,1439699160
119,200,1.5,1439700180
386,178,2.5,1439701380
247,27,5.0,1439702340
74,52,3.0,1439706300
123,170,1.5,1439713320
421,63,3.5,1439714400
273,119,3.0,1439715600
500,62,2.5,1439717520
358,231,2.5,1439718240
160,103,3.0,1439718780
270,169,4.5,1439718960
342,18,2.5,1439722020
269,3,1.5,1439733480
448,66,3.5,1439741100
409,30,3.5,1439743020
50,197,4.0,1439743680
373,106,3.0,1439757120
44,201,2.0,1439770380
374,212,4.5,1439770920
436,73,2.0,1439779800
284,128,3.0,1439780820
456,231,2.0,1439784000
79,82,4.5,1439785800
125,82,5.0,1439785980
178,51,4.0,1439787720
342,273,2.0,1439790000
422,160,2.0,1439795460
383,133,3.5,1439797320
431,296,2.0,1439802660
303,241,4.0,1439804520
21,58,2.5,1439809920
159,126,2.5,1439814120
248,188,3.0,1439814300
338,154,2.0,1439819400
401,214,3.0,1439827740
135,243,4.0,1439828640
152,135,3.5,1439829900
10,129,2.5,1439832420
92,289,2.5,1439849700
370,53,4.0,1439858160
247,140,5.0,1439868600
28,37,3.0,1439870340
339,93,4.0,1439873700
183,253,3.0,1439875140
403,137,4.0,1439877120
221,115,2.5,1439878920
298,154,3.0,1439879400
132,288,3.5,1439880720
358,129,2.5,1439882640
433,101,2.0,1439884740
238,218,3.5,1439885100
442,294,4.0,1439888640
378,35,3.0,1439892600
167,230,5.0,1439894160
461,229,3.5,1439896200
309,203,2.5,1439896380
187,175,4.0,1439902920
329,119,5.0,1439913900
162,156,4.0,1439928720
103,147,5.0,1439931480
76,73,2.5,1439937060
62,170,4.0,1439944200
118,219,3.0,1439945640
176,182,4.0,1439953440
117,15,2.5,1439957160
406,146,1.5,1439958840
41,103,3.0,1439960880
250,58,2.5,1439962140
75,184,2.0,1439967240
487,95,2.5,1439967900
234,84,5.0,1439971980
173,35,3.5,1439972340
178,96,4.5,1439975580
284,173,3.5,1439978400
330,56,4.0,1439980560
237,73,3.0,1439996940
1,264,3.5,1439997120
443,290,3.0,1439998980
450,67,4.0,1439999040
294,226,4.0,1440003120
261,14,3.0,1440009840
474,106,3.0,1440010020
359,40,3.0,1440012780
329,154,3.5,1440017220
452,284,4.0,1440017940
286,38,3.5,1440018780
111,173,3.5,1440024840
219,231,2.5,1440025320
410,107,3.5,1440027300
49,243,5.0,1440027840
408,170,2.5,1440043620
16,40,3.0,1440044160
391,217,5.0,1440053160
147,31,5.0,1440053400
276,200,2.0,1440054300
15,172,3.5,1440055200
120,263,2.0,1440058800
91,3,2.5,1440061500
7,21,3.5,1440061800
291,137,4.0,1440067200
168,153,3.5,1440078840
414,151,3.0,1440079740
229,270,2.5,1440080880
442,145,4.5,1440085560
132,47,3.5,1440087360
260,133,3.0,1440092340
11,290,2.5,1440092640
2,250,3.5,1440096180
307,36,5.0,1440104880
397,94,2.5,1440126240
366,240,3.5,1440128640
279,14,3.0,1440130020
160,134,5.0,1440133500
166,44,3.5,1440133560
436,179,3.5,1440142680
422,213,5.0,1440147900
449,176,3.5,1440158580
83,160,2.5,1440162720
32,31,2.5,1440163860
235,51,2.5,1440169020
23,153,2.5,1440170580
244,71,4.0,1440171660
461,117,2.0,1440172980
283,169,4.5,1440173700
405,94,4.0,1440180240
369,13,5.0,1440180840
435,24,4.5,1440184980
39,299,2.5,1440189300
396,215,4.0,1440199260
107,273,2.0,1440217500
318,212,2.5,1440220140
193,215,0.5,1440220860
349,222,2.5,1440221280
113,35,2.0,1440224340
254,291,3.0,1440225120
10,132,3.0,1440226200
164,46,3.5,1440236940
233,38,4.0,1440247200
160,148,3.5,1440248220
464,265,3.5,1440251220
333,169,3.5,1440254280
499,253,2.0,1440255720
366,156,3.0,1440258480
491,147,2.5,1440261240
443,240,3.0,1440266460
191,51,4.0,1440267660
80,217,4.0,1440271800
327,221,3.0,1440272580
457,250,4.0,1440273600
312,172,3.5,1440279120
200,272,1.5,1440286320
367,118,5.0,1440288300
228,73,2.5,1440297240
222,222,3.0,1440306720
428,113,2.5,1440317220
340,275,3.0,1440318840
39,198,3.5,1440318960
26,77,2.0,1440318960
464,79,3.0,1440322980
353,48,2.5,1440323100
389,243,4.0,1440332880
384,6,4.5,1440333000
487,45,2.5,1440335400
290,153,4.5,1440335520
460,204,4.5,1440339480
182,291,3.5,1440342840
158,216,3.5,1440356400
242,58,3.5,1440360360
481,278,4.0,1440365220
73,52,5.0,1440367320
96,171,1.0,1440379500
251,101,4.0,1440381180
49,141,4.0,1440390720
273,95,3.0,1440391440
141,146,3.0,1440392760
180,294,3.0,1440396480
160,242,2.5,1440396600
127,162,2.5,1440399120
393,197,4.5,1440401100
239,15,2.0,1440403920
106,296,3.5,1440411240
168,247,2.0,1440412560
94,14,3.0,1440417780
233,119,3.5,1440420360
41,74,2.0,1440421020
473,114,3.0,1440424080
341,250,3.5,1440424800
362,44,3.0,1440425760
104,187,4.5,1440425940
338,231,2.5,1440430020
129,262,4.0,1440437580
228,220,3.0,1440447540
131,269,4.5,1440448560
196,200,1.5,1440453480
455,107,4.0,1440453840
212,217,3.5,1440458700
222,188,3.5,1440460560
257,213,3.0,1440462780
313,200,3.0,1440463020
259,11,4.0,1440463140
6,171,1.0,1440463680
306,5,3.0,1440465480
222,15,1.5,1440465960
305,207,1.5,1440467340
492,217,4.0,1440468600
419,294,4.0,1440471720
18,86,4.0,1440481560
438,137,2.5,1440482040
228,200,2.5,1440483780
253,275,0.5,1440485160
78,275,0.5,1440486480
454,180,2.0,1440492600
123,60,3.0,1440495960
153,231,2.0,1440499320
100,215,3.0,1440505680
163,56,3.0,1440506280
408,284,4.0,1440507360
49,176,4.0,1440508800
13,155,2.0,1440521580
147,269,4.5,1440529740
433,207,1.5,1440553200
480,21,3.0,1440558240
493,194,1.5,1440564660
90,146,3.0,1440574800
416,101,3.5,1440577260
383,132,4.5,1440579840
480,71,4.0,1440580800
406,281,3.5,1440583200
358,184,2.5,1440587160
98,178,3.0,1440590700
217,129,2.5,1440592740
335,106,5.0,1440596340
363,81,3.0,1440598500
406,48,1.5,1440599940
441,268,2.5,1440602160
157,48,3.5,1440605220
239,237,4.0,1440609180
454,70,3.0,1440610200
66,175,4.5,1440610320
309,107,4.0,1440614700
403,82,3.5,1440621060
469,207,0.5,1440624720
219,3,1.5,1440630660
393,124,3.0,1440640020
190,182,4.0,1440643680
144,253,2.0,1440648300
118,57,2.5,1440649080
304,243,4.5,1440652260
288,279,3.5,1440657060
396,5,1.0,1440657420
56,127,3.0,1440666000
160,296,4.0,1440674580
247,290,4.0,1440677520
174,123,5.0,1440678540
480,208,2.5,1440684540
498,222,2.5,1440698460
305,106,2.5,1440700320
29,240,1.5,1440701160
180,240,2.0,1440703980
191,14,2.5,1440709380
304,170,3.5,1440718020
124,286,2.5,1440720300
244,256,2.5,1440720480
40,296,4.5,1440721320
265,60,3.0,1440726600
440,3,1.5,1440730380
43,35,3.0,1440730860
319,56,4.0,1440739500
330,193,5.0,1440741120
437,244,4.0,1440742200
383,58,3.5,1440745380
97,29,2.5,1440747060
428,275,0.5,1440755580
176,24,2.5,1440755760
110,104,3.5,1440758280
316,66,2.5,1440763140
175,208,1.5,1440764880
393,70,2.5,1440770400
452,123,4.5,1440771000
8,243,3.5,1440772620
320,275,2.0,1440774780
3,178,3.5,1440781980
225,32,5.0,1440790500
239,162,3.5,1440792180
372,56,4.5,1440794280
465,176,4.0,1440794640
30,138,5.0,1440799620
256,178,2.5,1440801120
364,273,3.0,1440802920
100,299,2.0,1440808860
319,235,4.5,1440810300
65,82,3.5,1440814620
376,160,1.5,1440819480
230,227,3.0,1440820800
168,121,2.5,1440830280
344,90,2.5,1440830820
302,230,2.5,1440833100
177,134,4.5,1440833160
97,59,2.5,1440835140
493,294,2.5,1440840180
311,248,1.5,1440843180
476,21,2.5,1440843360
369,26,4.5,1440859320
381,231,3.5,1440859920
41,93,3.5,1440873120
348,38,2.5,1440890760
77,187,3.5,1440891600
369,60,2.5,1440906240
366,63,3.0,1440910440
481,163,3.0,1440911760
59,237,5.0,1440911760
429,52,3.0,1440916380
282,37,4.0,1440924480
300,174,3.5,1440927120
141,82,2.0,1440928320
261,231,2.5,1440928500
397,90,3.5,1440928980
391,36,4.0,1440933840
183,292,3.5,1440943740
284,157,3.5,1440944220
75,231,3.0,1440954240
342,107,3.5,1440957180
399,150,2.5,1440965640
239,281,4.0,1440967920
215,137,4.0,1440977040
125,210,5.0,1440979320
487,15,2.0,1440981060
499,162,3.0,1440985740
233,21,4.5,1440987600
288,243,5.0,1440994800
172,141,3.0,1440998340
109,230,3.5,1440999300
119,79,3.0,1441000260
291,45,2.5,1441004160
448,240,3.0,1441006980
324,289,5.0,1441007520
247,133,3.0,1441007640
149,56,3.5,1441009620
352,4,5.0,1441016940
472,251,4.0,1441021320
34,32,4.5,1441021500
165,132,3.5,1441027980
307,187,3.0,1441028100
307,284,3.0,1441033860
178,134,3.0,1441034040
90,66,4.0,1441034520
146,187,3.5,1441035120
160,231,4.5,1441035840
478,269,4.5,1441038000
117,51,3.5,1441039380
469,169,3.0,1441047420
373,162,2.5,1441054380
449,68,2.0,1441056720
85,13,5.0,1441065600
174,48,3.5,1441066440
470,223,3.0,1441067820
99,3,2.0,1441069560
380,15,2.5,1441072860
483,35,2.0,1441073880
386,37,2.5,1441076400
139,64,3.5,1441076520
133,251,3.5,1441085040
58,215,3.5,1441090440
398,219,2.5,1441104000
421,1,3.5,1441104060
268,71,5.0,1441108620
46,4,4.0,1441110060
321,294,3.0,1441110900
484,203,4.0,1441117860
76,275,1.0,1441120920
474,137,2.5,1441126080
162,197,5.0,1441127100
329,240,4.0,1441136040
449,43,4.5,1441142160
215,187,5.0,1441147140
323,3,0.5,1441158960
320,256,3.5,1441159500
295,269,5.0,1441160340
314,153,3.0,1441161000
429,40,4.0,1441161300
19,80,2.0,1441163160
201,28,4.0,1441163580
235,253,1.0,1441179060
55,154,2.0,1441189320
13,300,3.0,1441190100
158,150,2.0,1441196820
91,37,4.0,1441204860
280,155,4.0,1441205760
57,243,4.0,1441209660
221,231,2.5,1441210380
400,73,4.0,1441212540
158,9,3.5,1441216140
72,221,3.5,1441225920
223,149,2.0,1441232820
87,157,4.5,1441233180
378,40,2.5,1441233780
182,180,4.5,1441240080
294,168,3.5,1441246260
404,73,4.0,1441248240
337,118,2.5,1441250220
68,140,3.0,1441251960
108,66,3.0,1441253940
214,23,2.0,1441256640
254,215,3.0,1441263660
30,206,5.0,1441263720
323,9,3.0,1441265400
366,256,4.0,1441267860
72,34,4.0,1441268520
213,45,3.5,1441269780
119,30,3.5,1441272780
22,272,2.5,1441276200
486,82,3.0,1441277880
249,41,3.0,1441277940
143,299,4.0,1441281600
168,77,1.5,1441285440
412,149,4.0,1441286700
147,67,4.0,1441290120
298,279,4.0,1441290720
403,242,4.0,1441309320
447,200,2.5,1441309320
242,60,1.5,1441313160
279,279,2.0,1441313820
116,165,2.5,1441315980
190,109,3.0,1441320840
105,64,3.5,1441332180
288,34,4.0,1441333260
386,78,3.5,1441333320
419,77,3.0,1441335420
225,82,5.0,1441335960
153,173,3.5,1441336260
328,149,4.5,1441336980
475,290,3.5,1441339740
299,289,2.5,1441341060
185,156,3.5,1441342500
478,141,4.5,1441346400
249,203,2.5,1441349280
297,187,3.0,1441355100
301,275,0.5,1441355760
20,17,3.0,1441356180
29,14,2.0,1441358460
268,40,3.5,1441361160
189,239,2.0,1441363500
496,47,2.0,1441363680
169,32,5.0,1441364040
171,73,1.5,1441368300
143,42,4.0,1441371600
215,24,5.0,1441373460
28,221,2.5,1441373820
282,82,3.5,1441374360
355,15,3.5,1441378500
146,239,3.0,1441387680
371,255,4.5,1441390320
192,183,3.0,1441406760
153,71,4.0,1441409160
202,284,5.0,1441412820
438,272,1.0,1441413780
480,233,3.0,1441425300
398,216,3.5,1441426620
146,294,3.5,1441427580
61,88,1.0,1441427880
85,108,2.5,1441461120
320,252,4.0,1441464720
292,26,2.5,1441469700
205,133,3.0,1441477080
50,254,2.5,1441477800
268,272,2.0,1441478220
40,200,2.5,1441480920
172,26,4.0,1441484460
452,161,2.5,1441490640
3,176,3.0,1441492740
309,289,2.0,1441499640
268,141,3.5,1441504560
258,32,3.5,1441516740
180,230,4.0,1441518900
421,148,2.5,1441520220
308,82,4.0,1441521360
150,244,3.0,1441521420
302,94,3.0,1441529220
486,74,2.5,1441538640
326,34,3.5,1441549800
390,197,3.5,1441550220
425,275,2.0,1441560780
154,127,2.0,1441576020
336,173,5.0,1441577160
444,36,4.5,1441580520
100,201,1.0,1441601400
237,188,4.5,1441601760
13,18,2.5,1441608840
474,206,2.5,1441609500
327,36,3.5,1441611720
375,32,4.0,1441631880
328,172,5.0,1441633860
340,40,3.0,1441637640
251,211,5.0,1441640400
279,263,4.0,1441641840
101,269,4.5,1441643760
387,63,3.0,1441649100
293,228,2.0,1441649160
223,267,3.5,1441649760
291,94,3.5,1441656180
447,137,4.5,1441664640
141,262,3.5,1441670160
307,89,4.5,1441673280
100,294,3.0,1441676520
113,237,3.5,1441678380
115,251,3.0,1441678560
204,165,5.0,1441679580
119,174,3.0,1441684260
134,229,5.0,1441685340
436,222,4.0,1441686600
371,165,3.0,1441693320
455,106,4.5,1441696440
273,201,2.0,1441696980
363,143,4.0,1441698480
33,243,4.5,1441703160
200,141,4.0,1441711200
84,134,3.0,1441719660
78,163,3.0,1441720740
481,141,4.0,1441721400
333,223,2.5,1441722600
6,219,2.0,1441723560
25,251,4.0,1441724100
454,243,4.0,1441732680
104,141,5.0,1441734060
491,259,2.0,1441738320
291,294,3.5,1441747920
490,70,3.0,1441759740
5,284,4.0,1441765920
438,223,2.5,1441770000
273,297,2.5,1441771740
313,243,3.0,1441776240
321,197,3.5,1441779780
201,222,3.5,1441784940
427,282,4.0,1441787340
281,265,2.0,1441788660
52,252,4.5,1441789800
102,162,3.5,1441790940
295,60,2.5,1441792440
156,282,5.0,1441797420
380,289,1.5,1441799100
363,70,3.0,1441807980
265,243,4.5,1441808580
305,52,2.5,1441809600
39,119,3.0,1441813260
378,157,3.5,1441814820
285,134,3.0,1441823160
446,294,4.0,1441827660
309,161,2.5,1441830300
323,178,1.5,1441840260
474,265,2.0,1441842900
490,196,5.0,1441848840
15,197,4.0,1441852320
297,151,4.0,1441863540
415,154,2.5,1441867620
199,99,3.5,1441869360
363,245,3.5,1441870380
321,263,3.5,1441874460
393,47,3.0,1441879680
260,266,4.5,1441881300
206,282,3.5,1441883880
314,31,2.5,1441884180
324,255,5.0,1441884900
378,148,3.5,1441889640
341,47,3.0,1441904160
376,165,1.5,1441907580
453,138,4.5,1441911360
39,253,2.5,1441911480
195,13,3.5,1441914300
484,231,3.0,1441915740
258,65,3.5,1441922400
339,150,2.0,1441924560
154,159,3.0,1441927200
327,162,2.5,1441936680
221,51,2.0,1441941420
471,94,3.5,1441943760
437,80,2.0,1441943940
42,144,4.5,1441951200
105,56,2.5,1441951560
434,245,3.5,1441953540
237,183,3.5,1441961580
429,174,3.0,1441968300
178,296,3.0,1441971720
426,279,3.5,1441972200
175,201,2.0,1441982100
263,280,4.5,1441982160
209,279,2.5,1441982820
303,243,4.5,1441983180
387,101,3.0,1441985580
305,107,2.0,1441993380
158,60,2.0,1441996620
304,35,2.5,1441997100
94,137,3.0,1442002260
140,54,3.0,1442004360
478,80,2.5,1442004780
171,30,2.5,1442005440
204,101,4.0,1442006100
275,51,2.0,1442011020
212,91,1.5,1442012580
292,17,3.0,1442014560
437,40,2.0,1442020620
460,243,4.0,1442021460
254,234,2.5,1442022240
194,59,3.5,1442022240
420,217,3.5,1442023260
169,47,3.5,1442028360
130,120,3.0,1442029020
83,289,1.5,1442030760
262,186,3.0,1442030760
79,289,2.0,1442034840
3,31,4.0,1442037180
432,256,3.0,1442038500
324,269,5.0,1442045160
326,10,3.5,1442048400
410,66,2.5,1442049360
227,127,4.5,1442054520
32,47,4.0,1442057580
104,134,5.0,1442058060
51,206,3.0,1442059260
157,134,5.0,1442065980
303,235,4.5,1442078160
15,47,3.0,1442080980
104,238,5.0,1442084820
436,262,2.0,1442091480
173,13,5.0,1442094300
65,229,4.5,1442095620
356,300,5.0,1442110980
202,212,4.5,1442111820
219,83,2.5,1442113440
10,289,1.5,1442118420
194,256,3.5,1442118600
385,200,2.0,1442119140
186,231,3.0,1442124000
262,13,5.0,1442130720
359,187,3.5,1442153220
61,277,2.0,1442158500
110,132,4.5,1442165280
393,178,3.5,1442168160
262,206,5.0,1442172840
486,221,2.0,1442184360
137,178,3.0,1442184420
497,134,4.5,1442184480
392,292,3.0,1442186340
21,186,2.5,1442187120
305,35,1.5,1442191860
246,300,4.0,1442194020
251,267,4.0,1442195400
422,31,3.0,1442201880
84,157,3.5,1442208180
455,250,3.5,1442217300
403,176,3.5,1442218620
59,282,4.0,1442219460
44,229,3.5,1442220300
173,269,5.0,1442226480
355,231,3.5,1442228700
152,284,4.5,1442237460
409,251,3.5,1442244720
420,134,3.5,1442247960
377,5,3.0,1442250420
336,83,4.5,1442250660
256,14,2.0,1442252460
377,119,4.0,1442252700
391,179,4.0,1442267160
479,137,3.0,1442267760
241,65,2.5,1442267880
437,37,3.5,1442268540
327,195,2.5,1442270760
51,269,3.5,1442271900
464,203,2.0,1442275080
27,231,4.0,1442275740
461,51,4.5,1442281860
357,60,1.0,1442295180
152,155,2.5,1442297460
142,64,3.0,1442302620
216,43,2.0,1442304960
273,60,3.0,1442305380
166,245,2.5,1442305620
130,265,2.5,1442314440
483,132,4.0,1442316840
261,208,1.5,1442318580
144,48,2.0,1442318760
93,150,2.0,1442319120
191,64,4.0,1442324340
384,241,4.5,1442325840
408,137,3.5,1442330340
127,51,2.5,1442335200
368,137,4.5,1442335800
192,84,3.5,1442353320
461,132,4.0,1442355480
317,41,2.5,1442365440
390,217,4.5,1442373000
242,178,3.0,1442381040
179,215,4.5,1442383500
43,251,4.5,1442387160
124,157,3.0,1442391240
474,180,2.0,1442397300
477,249,2.0,1442400420
461,233,3.0,1442401440
447,251,4.0,1442409900
142,68,2.0,1442410620
281,221,2.5,1442412600
56,180,3.5,1442414100
285,47,2.5,1442414400
421,226,4.5,1442415780
306,42,2.0,1442427120
92,150,2.5,1442430480
145,203,4.0,1442431200
479,59,2.5,1442433600
380,2,1.5,1442436900
477,172,4.5,1442439300
55,175,3.5,1442444880
87,208,2.5,1442446440
363,82,4.5,1442447580
367,92,5.0,1442453040
333,28,3.5,1442455860
61,70,3.5,1442460120
286,37,3.5,1442466180
154,264,4.0,1442479920
329,265,3.5,1442482380
285,291,2.0,1442483100
166,147,2.5,1442486940
313,147,3.5,1442488620
343,51,4.0,1442489520
297,243,3.5,1442505180
276,151,2.0,1442506140
352,66,4.0,1442513280
103,244,3.5,1442519580
465,59,4.0,1442524980
261,237,3.0,1442527380
434,48,3.0,1442532060
426,296,3.5,1442538180
140,189,2.0,1442539380
215,59,4.5,1442542980
24,256,3.5,1442551200
112,23,2.5,1442552700
402,70,3.0,1442556180
71,186,3.5,1442564640
100,173,3.0,1442568060
196,251,2.5,1442569800
114,3,3.0,1442574240
244,240,3.0,1442583720
218,3,2.5,1442591700
157,197,4.5,1442594460
299,47,2.5,1442598960
26,269,3.0,1442605080
226,15,3.5,1442609280
93,253,2.5,1442612040
492,250,3.5,1442613540
193,73,3.5,1442619180
410,255,2.5,1442620500
333,57,2.5,1442625000
127,156,3.0,1442625420
347,64,3.5,1442631900
334,98,3.0,1442639520
436,3,0.5,1442645940
41,36,4.5,1442647320
195,123,3.5,1442651700
11,189,2.0,1442674020
367,289,4.0,1442680440
79,47,2.5,1442683980
378,201,2.5,1442689800
240,94,4.0,1442691120
93,297,2.0,1442693280
387,173,4.0,1442695380
30,83,4.5,1442695680
352,67,5.0,1442705940
418,60,1.5,1442709540
204,291,3.5,1442713800
287,292,4.0,1442718180
335,249,3.5,1442721960
321,176,2.0,1442724000
180,3,2.0,1442727000
26,207,3.5,1442731920
427,296,3.5,1442733900
440,165,2.5,1442735520
121,86,4.0,1442741880
455,256,4.5,1442746200
459,19,4.0,1442748900
8,137,3.0,1442749440
218,185,3.5,1442749560
41,215,3.0,1442758920
63,217,3.5,1442761140
52,73,4.0,1442761620
70,157,2.5,1442766420
7,279,3.0,1442777880
3,243,4.0,1442778060
11,230,4.5,1442782680
141,149,2.5,1442787720
440,158,2.5,1442787900
446,123,5.0,1442789100
240,59,2.5,1442795820
296,197,4.0,1442803560
8,64,2.5,1442804520
420,70,3.0,1442805480
61,269,3.0,1442806140
91,294,3.0,1442810100
483,177,3.0,1442812080
11,233,3.5,1442818380
409,38,4.5,1442818440
207,208,3.0,1442820840
294,211,4.0,1442828700
39,1,2.5,1442832420
270,70,4.5,1442834160
329,183,4.0,1442834460
82,254,4.0,1442834760
109,255,2.5,1442837880
251,58,4.0,1442844900
72,127,4.5,1442845560
146,171,2.0,1442854380
274,63,2.5,1442867940
411,168,3.0,1442869200
192,160,2.0,1442872500
435,14,4.0,1442879100
104,210,3.0,1442885940
395,24,5.0,1442900100
76,282,3.0,1442900400
136,205,3.5,1442901420
477,107,2.5,1442901540
153,284,4.0,1442902200
187,63,3.5,1442906460
450,73,2.5,1442908320
302,123,3.5,1442908800
93,197,3.5,1442913420
93,254,2.0,1442920200
318,141,3.5,1442924400
410,15,2.5,1442939760
246,52,3.0,1442959980
438,105,3.5,1442960880
373,216,5.0,1442960940
422,81,3.0,1442971860
126,66,3.5,1442975580
309,194,2.0,1442981820
207,279,4.0,1442991360
229,245,3.0,1442993520
151,226,3.0,1442994060
242,284,4.5,1442994360
77,154,2.0,1442995020
154,243,3.5,1442996700
292,202,5.0,1442997000
184,37,3.0,1442997480
83,138,4.0,1442997540
439,24,4.0,1442998260
35,184,2.5,1443004080
426,248,3.0,1443008640
281,148,2.0,1443017040
484,279,3.5,1443026100
214,231,3.0,1443032880
117,140,3.5,1443036060
117,245,3.5,1443046080
478,176,4.0,1443051240
36,151,2.0,1443057900
43,250,4.5,1443060360
78,31,3.5,1443060600
349,81,2.0,1443067380
278,164,2.5,1443068820
37,223,3.0,1443074880
3,288,3.5,1443079980
23,277,2.5,1443082920
398,105,3.5,1443084000
33,51,3.5,1443086940
285,36,3.5,1443088140
366,161,3.5,1443088620
465,174,4.0,1443098160
245,5,2.5,1443098340
254,70,2.5,1443099840
40,115,3.5,1443102060
170,175,2.5,1443102540
476,94,4.5,1443105360
407,262,3.5,1443106500
60,26,4.0,1443117540
263,231,3.5,1443118920
21,289,2.5,1443125940
136,63,3.5,1443129900
349,237,2.5,1443130140
299,223,4.0,1443130500
494,45,2.0,1443133080
377,169,5.0,1443138660
293,32,3.0,1443140460
342,15,2.0,1443153180
483,90,4.5,1443159000
27,233,3.0,1443160320
61,29,3.0,1443162000
149,115,3.5,1443165060
307,134,4.0,1443173100
317,3,1.5,1443176160
64,294,4.0,1443180240
181,47,0.5,1443182280
387,275,2.5,1443187140
496,36,3.5,1443187980
290,253,1.0,1443189060
362,40,3.0,1443192300
456,165,4.0,1443195660
427,3,2.0,1443196920
360,28,2.0,1443206520
32,60,2.0,1443208020
296,217,3.5,1443210360
477,156,2.0,1443211020
78,5,2.0,1443227100
272,254,2.5,1443227580
76,108,3.0,1443227700
318,203,2.0,1443229680
422,3,2.0,1443230520
8,51,2.5,1443235140
349,56,3.0,1443239700
398,160,2.0,1443240120
413,24,3.5,1443241380
48,73,4.0,1443241920
292,245,2.5,1443248040
444,206,4.0,1443248280
245,193,4.0,1443249360
263,197,4.0,1443262320
79,151,2.0,1443273180
352,18,2.0,1443278340
404,169,3.5,1443279300
448,105,4.5,1443281340
307,250,3.5,1443284220
293,176,3.0,1443287700
37,61,4.0,1443290760
373,187,2.5,1443293940
298,157,4.0,1443294420
469,72,2.0,1443303900
360,5,0.5,1443304020
416,64,5.0,1443307680
233,47,3.5,1443310740
202,230,5.0,1443313680
33,165,3.0,1443320880
10,68,1.0,1443322320
405,251,4.0,1443324180
44,134,3.5,1443325320
480,241,3.0,1443329280
84,231,2.5,1443333120
221,247,2.5,1443333120
225,171,2.0,1443336600
81,243,4.0,1443337380
278,231,4.0,1443338520
467,294,4.0,1443343920
143,279,3.5,1443348000
147,51,4.5,1443356040
125,63,4.0,1443357300
411,150,4.0,1443361740
78,3,2.5,1443366900
204,299,4.0,1443372060
482,265,3.5,1443373740
263,55,2.5,1443375600
492,275,0.5,1443376740
282,289,2.5,1443382860
226,119,5.0,1443384600
482,233,2.0,1443385920
9,231,2.5,1443388260
190,272,3.5,1443389580
100,146,2.0,1443393720
173,150,4.0,1443394500
252,103,2.5,1443395580
347,184,3.5,1443403680
84,271,2.5,1443404880
319,107,4.0,1443407940
384,237,3.5,1443414540
266,51,3.5,1443415080
493,12,2.5,1443415380
357,203,0.5,1443415680
15,163,2.0,1443418920
22,267,4.0,1443424080
252,186,3.0,1443429960
243,262,4.0,1443440640
226,59,3.5,1443442080
178,280,2.5,1443442320
97,55,1.5,1443445320
478,112,5.0,1443460860
203,145,3.0,1443463080
96,179,3.0,1443463920
487,107,2.5,1443464940
310,27,3.0,1443476520
467,77,2.0,1443476880
229,95,4.0,1443483480
111,275,1.0,1443485460
284,45,1.5,1443489000
177,296,3.0,1443493560
105,275,1.0,1443498840
4,211,4.5,1443501900
162,168,5.0,1443506100
200,80,1.5,1443508200
53,123,5.0,1443517080
36,267,2.0,1443519480
328,185,4.0,1443522660
290,206,3.0,1443526560
494,251,3.5,1443529260
343,21,3.5,1443530160
173,3,3.5,1443545280
111,60,3.0,1443545400
262,30,4.5,1443547260
259,180,3.0,1443552660
436,299,3.0,1443552720
29,219,2.0,1443556080
415,296,3.5,1443558600
493,279,2.5,1443561720
287,2,2.5,1443562080
208,64,4.0,1443564780
200,104,3.5,1443574260
144,165,3.0,1443578400
16,299,3.5,1443580980
208,188,3.5,1443586740
141,106,3.5,1443590640
473,63,3.0,1443594840
212,64,2.5,1443595140
192,250,4.0,1443600120
12,280,4.0,1443607140
457,95,3.5,1443634860
485,24,2.0,1443639180
482,180,2.5,1443656460
324,169,4.5,1443656880
371,40,2.5,1443679740
172,35,2.0,1443686520
285,255,2.0,1443687660
147,226,4.5,1443689640
289,83,4.5,1443691200
93,132,5.0,1443691860
147,222,3.5,1443694080
48,68,2.5,1443694740
389,253,3.5,1443695880
179,250,5.0,1443703140
418,193,3.0,1443703320
496,84,3.0,1443703620
125,163,4.0,1443712860
77,193,3.0,1443715320
177,174,4.0,1443731520
114,153,2.5,1443733860
479,243,3.5,1443734940
463,197,3.5,1443735960
13,206,3.0,1443744840
394,60,1.0,1443751800
385,42,3.5,1443756480
154,289,2.0,1443769800
485,269,3.0,1443781260
361,272,3.0,1443786000
113,73,3.0,1443796740
477,142,3.0,1443798180
337,111,2.5,1443798420
113,30,3.0,1443802680
353,92,2.5,1443803940
202,168,4.0,1443804360
320,128,3.0,1443806820
205,300,2.5,1443810120
2,245,2.5,1443810300
3,112,5.0,1443811140
453,63,3.5,1443819240
354,101,2.0,1443820620
489,183,5.0,1443821640
23,299,3.0,1443822000
90,213,5.0,1443833940
339,211,3.0,1443836100
322,77,2.5,1443837780
39,150,3.0,1443839940
125,240,3.5,1443842760
215,217,5.0,1443843060
385,226,4.0,1443857100
9,63,3.0,1443861960
132,155,4.0,1443869520
236,255,3.0,1443869520
390,182,3.5,1443870720
492,150,2.5,1443873780
59,262,5.0,1443877560
30,279,5.0,1443882300
130,51,2.0,1443892920
365,36,4.0,1443894480
391,133,3.5,1443899520
78,169,3.5,1443908460
241,73,3.0,1443911220
107,105,3.0,1443913800
433,215,3.0,1443913800
479,290,1.0,1443918000
416,221,3.0,1443918960
131,220,3.5,1443924900
90,24,4.5,1443928500
345,250,3.5,1443952560
17,222,4.0,1443952860
347,88,2.5,1443957660
259,24,3.0,1443963900
250,184,2.0,1443964260
164,169,4.0,1443973140
270,269,5.0,1443980700
450,79,5.0,1443982560
424,270,3.5,1443991020
359,146,3.5,1443994920
185,287,4.5,1443995760
289,245,3.5,1443998400
161,154,3.0,1443999240
80,65,3.5,1443999300
142,106,3.5,1444000740
56,206,3.5,1444007160
87,296,4.0,1444009680
263,118,3.5,1444011840
67,59,2.5,1444016460
332,24,4.0,1444017840
222,240,3.0,1444018260
292,5,2.0,1444019400
444,137,3.5,1444029780
470,231,2.0,1444033260
190,172,4.5,1444036980
461,154,2.0,1444049280
160,119,5.0,1444053780
2,45,2.0,1444057560
142,93,3.0,1444064100
237,289,3.5,1444064340
281,267,2.5,1444064760
306,1,4.0,1444068420
109,37,2.5,1444069980
480,101,2.5,1444070400
220,217,5.0,1444082220
269,1,2.5,1444083000
284,279,3.0,1444083540
217,175,2.5,1444084500
29,105,2.0,1444109460
463,14,3.0,1444113900
144,203,3.5,1444116300
299,118,3.5,1444126320
179,121,4.5,1444131660
135,251,4.0,1444134540
42,152,4.0,1444137900
351,112,3.5,1444138140
88,92,4.0,1444139040
159,250,4.0,1444140060
94,187,2.5,1444149180
267,127,2.5,1444156320
426,149,3.0,1444160040
393,121,2.5,1444169280
219,194,3.0,1444177800
67,185,3.0,1444183680
189,101,2.0,1444186620
33,96,4.5,1444189380
371,248,2.0,1444189980
490,37,3.5,1444191120
93,139,3.0,1444193220
473,225,2.5,1444200780
234,35,2.0,1444203360
167,18,4.5,1444204800
21,33,3.0,1444210440
413,182,4.5,1444214280
85,74,1.5,1444216080
489,186,3.5,1444218180
4,111,3.0,1444221960
112,174,3.0,1444223160
453,27,4.5,1444225860
137,134,3.0,1444226220
427,6,3.0,1444241160
494,82,4.0,1444243680
354,215,3.5,1444254600
232,210,4.0,1444255800
54,51,4.5,1444258500
484,16,4.5,1444264140
257,242,4.5,1444264680
433,197,4.5,1444270140
457,196,5.0,1444273980
87,59,4.5,1444281000
177,96,4.0,1444290480
413,184,2.5,1444294620
246,93,3.0,1444301940
71,26,3.0,1444303380
68,289,1.5,1444306680
156,289,4.0,1444311600
323,265,2.0,1444317840
171,275,1.0,1444319520
230,180,3.0,1444320120
164,137,4.0,1444321980
414,95,4.0,1444325640
248,18,2.0,1444326420
390,96,2.5,1444328100
244,252,3.5,1444330320
129,105,5.0,1444331580
70,278,2.5,1444338300
471,253,3.0,1444339620
392,31,3.0,1444340700
240,201,3.0,1444345500
333,156,3.0,1444347720
80,138,5.0,1444349160
488,231,3.0,1444352760
56,112,4.5,1444352940
365,54,2.5,1444353120
448,198,3.0,1444362840
372,165,2.0,1444363680
206,221,3.5,1444370700
300,289,3.0,1444375620
19,208,2.0,1444382640
150,94,3.0,1444384500
253,172,4.0,1444386420
357,123,2.5,1444387920
471,168,4.0,1444390440
209,187,3.0,1444395060
463,272,2.5,1444395300
495,215,3.5,1444399560
104,47,4.0,1444402380
172,280,1.0,1444404540
221,56,1.5,1444407720
143,251,4.5,1444414140
370,60,2.5,1444414140
431,149,1.5,1444416660
72,111,2.0,1444418040
330,172,4.5,1444421580
232,204,4.0,1444422780
457,94,4.0,1444427160
452,132,3.5,1444429200
164,264,4.0,1444430280
263,235,3.5,1444430460
195,250,2.0,1444432680
216,240,2.5,1444432860
443,259,2.0,1444435200
481,54,4.5,1444437480
361,165,3.5,1444443960
288,105,4.5,1444445700
446,40,4.5,1444446900
335,275,1.5,1444451700
382,1,3.5,1444452120
317,171,1.0,1444458360
399,251,3.5,1444465320
179,241,5.0,1444466640
42,264,3.0,1444467660
248,13,3.0,1444469340
413,30,3.0,1444477320
431,35,1.5,1444481580
405,279,3.5,1444484940
82,52,3.5,1444485480
193,106,2.5,1444487280
57,294,4.5,1444488780
295,94,3.5,1444494600
428,245,1.5,1444500780
9,37,2.5,1444500960
214,180,3.0,1444501440
401,174,3.0,1444501440
454,223,3.5,1444504860
64,277,2.0,1444506240
314,65,3.5,1444511760
11,42,2.0,1444515780
359,123,4.5,1444515780
451,88,2.0,1444516080
318,120,3.0,1444517040
85,173,4.5,1444520100
409,18,2.5,1444521840
396,65,2.5,1444523040
358,275,1.0,1444528740
457,105,4.5,1444533660
364,120,4.0,1444535040
494,151,2.5,1444535340
303,64,3.5,1444537200
87,229,4.5,1444550280
419,164,4.5,1444554180
192,137,4.0,1444556400
190,48,2.5,1444557060
265,36,4.5,1444559580
315,105,3.5,1444560540
97,2,2.5,1444564320
199,5,2.5,1444567560
212,45,1.0,1444570800
108,101,3.0,1444576080
405,183,2.5,1444576620
412,65,4.5,1444581780
325,275,1.0,1444593480
400,94,4.0,1444594500
57,202,4.5,1444594560
354,256,3.5,1444595040
457,290,4.0,1444601280
21,269,3.5,1444602900
210,147,3.5,1444603380
473,239,3.0,1444605780
322,212,4.0,1444609500
50,176,2.0,1444615440
413,101,2.0,1444624620
480,28,4.0,1444625940
110,220,3.5,1444639080
112,144,4.0,1444639740
409,129,4.5,1444643880
301,142,2.5,1444643880
244,180,2.5,1444646280
352,273,4.0,1444646280
62,153,4.5,1444646820
398,289,2.5,1444648500
102,172,3.0,1444652700
479,274,4.5,1444654440
349,217,3.0,1444656600
18,170,2.5,1444662540
455,231,3.0,1444663320
456,300,3.5,1444663620
213,182,5.0,1444666980
139,229,3.0,1444668780
283,288,1.5,1444684200
224,14,3.5,1444686120
320,96,4.0,1444689060
364,192,4.5,1444689780
86,253,3.5,1444690080
148,36,5.0,1444696020
246,64,4.0,1444703340
326,266,4.0,1444705260
405,99,3.0,1444707660
202,1,3.0,1444711380
214,31,3.0,1444712940
39,281,4.5,1444713180
479,143,3.0,1444714140
104,24,4.0,1444715160
59,10,5.0,1444719720
251,299,3.0,1444719900
399,156,2.0,1444722120
352,130,2.5,1444723140
473,235,4.0,1444727940
268,73,3.5,1444729020
24,244,2.0,1444729680
309,93,2.0,1444729800
442,170,3.0,1444740000
135,229,4.0,1444743540
343,134,2.0,1444746060
321,45,1.5,1444748280
117,61,3.0,1444767300
192,65,3.5,1444767420
255,210,3.5,1444775940
51,3,2.0,1444776000
333,294,1.5,1444782960
208,221,4.0,1444799940
221,203,2.0,1444806240
339,193,5.0,1444807380
425,171,3.0,1444815720
277,60,2.0,1444819500
269,165,2.5,1444820700
141,216,3.5,1444843080
477,94,2.5,1444846260
283,182,4.5,1444847220
335,47,3.5,1444848480
228,14,3.5,1444853580
141,92,2.5,1444855680
205,195,1.5,1444874940
18,176,2.0,1444875540
358,48,2.5,1444876080
271,273,2.0,1444877880
447,217,5.0,1444878300
276,269,3.0,1444887300
474,194,1.5,1444894440
58,24,3.5,1444901280
427,56,4.0,1444918800
305,61,3.0,1444920000
402,35,2.5,1444920060
37,282,3.5,1444920960
128,146,3.0,1444922580
426,290,3.0,1444923960
375,267,2.5,1444925280
450,183,4.0,1444931220
257,82,3.5,1444931820
268,171,2.0,1444932420
31,196,5.0,1444952220
133,177,2.5,1444957140
216,5,3.0,1444960080
406,233,2.0,1444960620
307,48,2.0,1444968060
430,207,2.0,1444975200
172,5,2.0,1444978020
242,42,2.5,1444990500
416,3,2.5,1444992720
188,182,5.0,1444996800
461,201,2.0,1444998180
81,208,3.5,1445009520
134,13,5.0,1445011440
306,73,4.0,1445012100
167,137,4.0,1445019840
376,251,4.0,1445020740
122,150,3.0,1445029500
354,105,3.0,1445050920
37,289,2.5,1445051880
188,131,4.0,1445053980
464,60,2.0,1445056440
306,281,4.5,1445081040
233,94,4.0,1445082480
289,289,1.5,1445086200
412,203,4.5,1445091300
175,54,3.0,1445091420
169,94,4.0,1445095440
20,275,1.5,1445098140
461,1,2.5,1445099460
371,229,3.5,1445102340
18,146,2.5,1445102460
138,43,3.5,1445112420
499,297,2.5,1445113020
194,125,3.5,1445121300
310,169,2.5,1445123820
258,121,4.0,1445124600
255,93,3.5,1445125440
87,251,5.0,1445125680
289,48,3.0,1445126220
493,48,1.5,1445128140
282,215,3.5,1445137140
467,60,3.0,1445139120
421,197,5.0,1445139420
156,251,5.0,1445146320
88,148,3.5,1445148660
18,47,3.0,1445151000
349,31,3.5,1445153640
225,129,2.5,1445163000
99,65,3.5,1445167440
470,282,3.0,1445173980
76,203,4.0,1445181000
400,123,4.5,1445187060
427,129,3.0,1445192280
481,71,5.0,1445192760
401,42,3.0,1445195880
233,86,4.5,1445198880
209,100,5.0,1445205300
77,51,2.0,1445209620
445,251,3.0,1445216640
359,119,4.0,1445217420
111,168,2.5,1445220360
420,83,3.0,1445221440
267,300,2.5,1445223000
396,293,1.5,1445223540
165,178,3.5,1445231220
27,151,3.5,1445232480
125,58,4.5,1445232780
113,138,3.0,1445233920
8,234,3.5,1445237580
66,13,5.0,1445245920
156,14,5.0,1445246700
315,2,1.5,1445249820
358,217,3.5,1445250120
454,107,3.0,1445250480
191,123,4.5,1445251260
329,45,2.5,1445252640
346,240,2.5,1445269920
129,255,3.5,1445280060
442,230,4.5,1445287200
258,162,3.0,1445287560
194,94,4.0,1445289300
77,80,1.5,1445290500
490,117,3.5,1445301180
242,254,2.0,1445308560
44,121,3.5,1445313720
297,189,2.5,1445314800
453,78,3.0,1445315100
1,5,2.0,1445326440
110,40,3.0,1445327400
288,82,4.0,1445329920
253,250,3.5,1445330460
5,69,1.5,1445330700
80,255,3.0,1445332680
304,175,3.5,1445334600
401,55,2.5,1445338140
159,138,5.0,1445340480
460,187,4.0,1445345400
97,284,3.0,1445348880
53,203,4.0,1445353740
71,14,3.5,1445356140
89,92,4.5,1445371140
40,132,5.0,1445373600
458,178,4.0,1445378220
68,182,4.5,1445386440
170,4,4.0,1445391900
59,23,4.5,1445394060
266,134,4.0,1445398200
417,43,4.0,1445398320
477,81,2.5,1445398320
416,240,4.0,1445407620
364,174,4.0,1445412780
144,54,2.0,1445413440
252,44,2.0,1445414160
459,273,3.5,1445416620
491,71,3.0,1445426940
82,269,5.0,1445428560
83,254,2.0,1445431860
401,216,4.5,1445434020
353,68,0.5,1445434920
474,71,4.0,1445438100
309,47,3.0,1445442540
436,175,2.0,1445451780
39,207,1.0,1445456640
48,134,4.0,1445457000
10,256,3.0,1445458980
469,281,3.5,1445461080
284,165,2.5,1445462940
96,134,3.5,1445463000
149,103,2.5,1445466300
300,141,4.0,1445468700
44,13,3.0,1445471700
416,173,4.5,1445477400
404,31,5.0,1445478180
85,290,2.0,1445482140
418,105,3.0,1445482800
259,105,3.5,1445501400
364,235,3.5,1445510640
355,203,3.0,1445517660
154,103,2.0,1445519340
110,289,1.5,1445522400
430,14,3.0,1445528340
254,153,3.0,1445530440
71,220,5.0,1445532780
303,35,2.5,1445540820
338,233,3.0,1445544960
365,78,2.5,1445545320
458,205,2.0,1445546880
264,105,3.5,1445548980
280,266,4.5,1445554920
356,240,4.5,1445557980
99,134,3.0,1445558460
322,90,3.5,1445559300
136,103,2.5,1445559600
380,37,2.0,1445561880
171,207,1.0,1445564160
8,269,4.5,1445568000
311,167,3.0,1445570940
217,231,3.5,1445571600
18,73,3.5,1445572440
291,146,3.5,1445580960
377,187,5.0,1445581680
107,141,2.5,1445587260
142,43,3.0,1445588520
447,289,2.5,1445594340
486,103,3.0,1445601660
470,134,2.5,1445606280
285,226,3.0,1445606400
400,172,4.0,1445609700
69,12,3.5,1445611740
231,173,4.0,1445624640
59,65,4.0,1445625540
126,105,3.5,1445628180
325,154,1.5,1445634360
204,180,3.5,1445634960
243,294,4.0,1445639940
118,70,3.0,1445640780
289,217,5.0,1445643660
451,225,1.0,1445647020
111,69,3.5,1445647380
315,170,1.5,1445648760
252,237,3.0,1445649540
168,230,3.5,1445651820
233,34,3.0,1445666880
179,223,4.5,1445668620
364,43,4.0,1445680920
333,13,4.0,1445684280
475,65,3.5,1445685300
63,231,4.0,1445690820
209,256,3.5,1445694480
201,170,3.0,1445707500
468,49,5.0,1445715300
427,121,3.0,1445723100
248,177,2.0,1445725620
494,89,3.0,1445727420
371,56,3.0,1445737680
212,193,3.5,1445737920
268,99,2.5,1445738520
286,220,2.5,1445739660
135,258,2.5,1445749200
237,223,5.0,1445752500
293,240,2.0,1445753040
307,165,3.0,1445753760
220,28,4.5,1445755320
364,264,4.0,1445756340
23,187,2.5,1445758680
472,79,4.0,1445767140
243,165,2.5,1445775960
161,284,4.5,1445777160
273,101,3.0,1445782680
216,106,3.0,1445785860
363,227,3.0,1445789820
498,244,3.5,1445790900
238,215,2.5,1445810880
188,13,5.0,1445827920
181,138,2.5,1445844540
50,222,3.5,1445851560
197,150,1.5,1445853360
295,196,3.5,1445855640
231,124,2.5,1445856120
29,132,3.5,1445856540
422,279,3.5,1445858340
165,3,2.0,1445863620
207,129,3.0,1445874120
242,299,3.0,1445878200
184,278,2.5,1445880540
175,293,2.0,1445882220
66,44,3.0,1445883120
83,15,2.0,1445893860
48,275,0.5,1445899680
441,38,2.0,1445908800
45,171,1.5,1445909400
450,207,1.5,1445911920
412,172,4.5,1445912340
387,80,2.0,1445912760
66,23,3.0,1445918820
87,182,5.0,1445929140
393,14,4.0,1445929200
340,14,3.0,1445930160
254,217,3.5,1445939700
150,153,4.5,1445942940
246,201,3.0,1445946780
133,267,3.5,1445951460
426,65,3.0,1445955900
45,157,2.5,1445964900
199,101,3.0,1445980980
122,168,3.0,1445981220
219,30,3.5,1445982600
351,262,4.0,1445988960
484,278,2.0,1445990040
168,244,3.5,1446000600
122,251,3.5,1446003780
428,197,3.5,1446005760
244,229,3.5,1446008880
114,64,4.0,1446013320
210,150,1.5,1446024300
429,263,4.5,1446027720
254,78,3.0,1446031500
270,77,4.0,1446032400
422,219,3.5,1446041100
261,59,2.5,1446045240
303,233,2.0,1446045480
208,79,4.5,1446045840
493,63,2.5,1446049680
100,221,2.5,1446051000
143,176,3.5,1446051360
226,24,4.5,1446053460
235,138,2.5,1446053640
234,205,4.0,1446057300
180,152,3.5,1446063720
52,66,4.0,1446066180
411,217,3.5,1446066720
153,121,4.0,1446073560
201,123,4.5,1446079560
422,36,4.5,1446082860
36,284,2.5,1446086640
451,238,3.0,1446087300
4,173,4.5,1446090300
361,220,3.5,1446091260
186,156,3.0,1446091980
37,170,1.0,1446094080
497,256,3.5,1446096120
80,41,4.0,1446097020
469,134,3.5,1446108180
169,245,3.5,1446111420
15,18,2.0,1446113280
1,42,1.5,1446113940
153,14,3.5,1446114840
354,132,4.5,1446115980
491,253,2.5,1446122880
217,182,3.5,1446133020
114,187,3.5,1446136140
207,240,3.5,1446138840
176,240,2.5,1446140880
479,34,2.5,1446152160
385,160,3.0,1446157860
108,202,5.0,1446161040
40,262,4.5,1446161700
219,15,2.0,1446163860
411,293,2.0,1446174660
105,223,3.0,1446178380
416,300,3.5,1446182520
222,167,3.0,1446183900
163,66,3.0,1446203280
329,207,2.0,1446205800
281,245,1.5,1446206340
482,188,5.0,1446208560
248,26,3.0,1446215760
399,267,2.0,1446218820
87,141,5.0,1446220080
217,21,3.0,1446228600
497,216,5.0,1446229560
65,208,3.0,1446231240
51,129,3.0,1446237060
126,71,4.0,1446239220
50,233,1.5,1446243900
109,73,2.5,1446246060
361,289,2.5,1446246900
198,217,3.5,1446249480
206,296,4.0,1446250860
497,74,4.0,1446252480
462,186,2.5,1446254520
430,3,2.0,1446254580
345,299,2.5,1446256020
281,290,2.0,1446263520
434,284,4.5,1446273540
289,129,3.5,1446275940
15,269,3.5,1446283080
326,40,2.5,1446284640
442,32,4.5,1446285600
171,154,2.5,1446299640
426,86,3.5,1446300720
71,170,3.0,1446301620
444,155,3.5,1446307860
163,231,2.0,1446316380
439,6,4.0,1446320640
77,150,1.5,1446322620
233,211,3.5,1446324360
489,119,4.0,1446328620
468,204,4.0,1446330060
205,70,3.0,1446336600
423,250,3.5,1446340560
369,17,3.5,1446347580
87,107,4.0,1446356880
266,238,3.5,1446368100
393,58,2.5,1446371400
36,189,2.5,1446376860
20,174,3.5,1446389100
214,70,3.0,1446394560
131,171,2.5,1446410520
70,43,3.0,1446412200
403,93,4.0,1446420300
135,39,3.0,1446420840
325,190,3.0,1446421620
139,289,2.0,1446424260
79,80,1.5,1446424680
393,279,3.5,1446433260
409,217,4.0,1446433620
333,67,3.5,1446434100
20,290,2.5,1446434340
262,152,3.5,1446437160
157,138,4.5,1446445920
398,123,4.0,1446447060
378,43,4.5,1446447360
133,245,2.5,1446453000
97,206,3.0,1446453420
38,128,4.0,1446456240
227,93,4.0,1446462600
497,200,3.0,1446465540
111,198,3.0,1446466980
218,9,3.5,1446473460
310,182,4.0,1446481920
219,289,1.5,1446483060
197,109,3.5,1446484080
29,165,3.0,1446485940
217,222,3.0,1446488460
196,63,2.5,1446489780
282,176,1.5,1446491160
320,3,1.5,1446499020
250,64,3.0,1446500580
120,182,2.5,1446503580
126,150,3.5,1446504720
58,43,3.5,1446507000
332,56,4.0,1446507780
53,112,5.0,1446512700
400,92,3.5,1446513360
249,250,2.5,1446519660
408,243,4.0,1446525300
146,197,4.0,1446526800
234,288,2.5,1446532800
5,251,3.5,1446536580
314,289,0.5,1446538320
216,81,3.0,1446541920
454,89,4.0,1446544740
197,51,3.0,1446548940
176,18,2.5,1446551760
484,90,3.5,1446553440
383,129,4.0,1446559920
73,235,5.0,1446568440
274,65,2.5,1446570240
490,24,4.5,1446570960
493,243,2.5,1446577560
17,189,4.0,1446580560
343,220,4.0,1446581460
392,150,2.5,1446583500
153,55,2.5,1446584160
25,178,3.0,1446590100
24,275,0.5,1446600360
366,73,4.5,1446602100
21,151,2.0,1446604680
30,72,4.0,1446612000
31,121,4.0,1446612180
69,174,4.0,1446618180
384,70,4.0,1446622800
111,89,2.5,1446626580
367,127,3.5,1446628800
28,217,4.0,1446629460
338,226,4.0,1446633960
441,150,2.5,1446635220
245,127,2.0,1446636360
103,73,2.5,1446638460
353,220,3.0,1446642240
299,137,4.0,1446643800
236,245,3.0,1446644700
111,262,3.5,1446648840
58,38,4.0,1446657720
479,189,3.5,1446661260
72,134,4.5,1446662760
488,62,2.5,1446664140
499,242,2.0,1446667080
49,60,3.0,1446667200
484,138,4.5,1446671880
53,6,5.0,1446672300
331,134,5.0,1446673620
179,189,5.0,1446677280
376,210,3.5,1446677700
394,121,2.0,1446677880
124,235,3.5,1446681840
335,173,3.5,1446682260
215,37,5.0,1446689640
494,36,3.5,1446694140
198,31,3.5,1446704280
37,254,3.5,1446707580
372,47,3.0,1446713820
327,250,2.5,1446715260
166,30,2.5,1446717120
230,182,5.0,1446718200
466,269,3.5,1446720660
50,48,3.0,1446736320
428,235,3.0,1446738600
454,101,2.5,1446741720
34,223,1.5,1446752940
463,163,3.5,1446755160
387,138,4.5,1446760980
475,43,4.0,1446765480
335,253,2.5,1446767520
155,291,3.0,1446767760
26,262,3.0,1446768000
313,153,3.5,1446772320
420,196,3.5,1446774360
239,175,3.5,1446775800
205,51,3.5,1446777780
63,155,3.0,1446781680
175,294,3.0,1446785220
368,141,5.0,1446788400
473,216,4.5,1446791640
61,64,4.0,1446800640
75,222,2.5,1446801420
88,229,5.0,1446814020
28,207,2.0,1446823020
417,59,3.5,1446824160
86,289,2.5,1446825660
263,138,4.5,1446836580
254,55,3.0,1446838020
147,159,5.0,1446840900
148,50,2.5,1446847320
428,170,0.5,1446850020
360,290,1.0,1446854280
240,197,4.0,1446861120
242,148,3.5,1446861480
28,149,3.0,1446862860
342,154,3.0,1446870720
430,220,3.0,1446885060
200,187,2.5,1446896520
161,59,3.5,1446897420
281,19,3.5,1446904200
491,36,4.0,1446910380
454,141,4.5,1446912000
207,64,4.0,1446919080
354,36,4.0,1446920220
431,170,1.5,1446925680
321,265,3.0,1446929940
382,50,2.5,1446933840
469,162,3.5,1446935880
213,76,5.0,1446936180
7,264,4.0,1446937320
167,105,5.0,1446939780
328,145,4.5,1446940140
166,243,3.0,1446941280
489,265,4.0,1446944580
14,251,3.0,1446945180
121,56,5.0,1446949380
305,299,3.5,1446950160
173,207,4.0,1446952020
241,217,3.5,1446952380
262,24,4.0,1446977280
219,203,3.0,1446977580
143,135,4.0,1446983820
486,225,2.0,1447001340
140,24,3.0,1447013400
350,134,3.0,1447017840
345,73,2.5,1447029480
469,182,3.0,1447030200
215,101,4.0,1447032180
123,215,2.5,1447044000
62,173,4.0,1447044300
339,235,3.5,1447045800
186,182,4.0,1447054680
100,237,2.5,1447058100
481,243,4.0,1447059120
76,31,2.5,1447067040
337,15,2.5,1447069680
131,150,3.5,1447071660
391,197,4.5,1447079040
6,182,4.0,1447079100
201,70,3.5,1447081620
481,13,4.5,1447084200
484,282,3.5,1447090920
229,220,3.5,1447095180
16,188,5.0,1447098300
308,150,2.5,1447099380
41,217,4.5,1447114680
255,77,0.5,1447114920
58,279,3.0,1447116000
330,165,4.5,1447116840
442,47,4.5,1447117560
378,14,3.0,1447120080
59,106,4.5,1447122300
237,65,4.0,1447124880
175,200,2.0,1447128900
102,250,3.0,1447130460
439,221,3.0,1447135800
478,250,5.0,1447136700
448,60,2.0,1447150740
297,129,4.0,1447151520
214,15,2.0,1447153920
322,94,2.5,1447158300
406,14,1.5,1447159320
9,94,3.5,1447164900
245,60,3.0,1447167840
52,132,4.0,1447170480
92,252,4.5,1447174260
436,171,0.5,1447174680
366,235,3.5,1447175160
73,4,5.0,1447176180
404,193,4.5,1447176360
87,5,2.5,1447184040
499,197,4.0,1447185720
428,64,3.0,1447192200
13,192,4.0,1447194240
491,206,3.0,1447198620
340,172,5.0,1447199220
305,148,3.0,1447209660
18,63,3.5,1447214340
287,233,3.0,1447215660
415,245,4.0,1447216560
149,23,4.0,1447218240
199,184,3.0,1447223400
120,169,3.0,1447224840
208,189,3.0,1447228380
336,269,4.5,1447229760
482,282,4.0,1447231620
147,174,3.5,1447232340
203,284,3.0,1447234560
190,193,3.5,1447239120
369,222,3.5,1447245720
73,153,4.0,1447254300
45,174,3.0,1447265760
361,120,4.5,1447267200
182,157,4.5,1447267980
224,180,4.0,1447269660
46,145,5.0,1447272480
188,138,3.5,1447291560
14,250,3.0,1447297200
408,15,3.0,1447300560
381,64,3.5,1447307700
312,277,2.5,1447310520
282,245,2.0,1447317240
180,174,2.5,1447319640
97,186,3.0,1447322940
388,48,2.0,1447331280
374,10,4.5,1447334880
477,222,2.5,1447337760
355,217,4.5,1447345680
122,258,4.0,1447346220
356,40,4.5,1447353600
365,296,3.0,1447362120
2,244,3.0,1447366380
150,256,3.5,1447366380
324,30,4.0,1447368660
217,229,3.5,1447380120
260,28,4.5,1447381500
59,93,4.0,1447381620
436,14,2.5,1447384500
33,197,4.5,1447386420
77,220,3.5,1447392060
91,300,4.0,1447396080
30,100,5.0,1447401660
120,289,1.0,1447404780
412,174,4.5,1447406160
221,194,1.5,1447408140
51,263,4.5,1447408560
196,1,3.0,1447417680
18,80,1.5,1447417980
446,148,4.5,1447421760
452,77,2.5,1447422540
466,170,3.5,1447426080
37,151,3.0,1447430280
45,34,2.5,1447434000
211,207,2.5,1447434120
307,118,4.0,1447440540
146,289,2.5,1447441380
201,36,4.0,1447446120
461,56,4.0,1447449180
446,169,5.0,1447450200
19,73,2.0,1447460940
294,240,3.5,1447465320
247,241,5.0,1447466700
430,137,3.5,1447469160
209,65,3.5,1447472520
262,42,3.0,1447481580
335,10,4.0,1447486080
435,255,4.5,1447486740
86,222,4.5,1447488780
297,15,2.5,1447491180
340,105,3.0,1447497120
393,212,3.5,1447509780
256,280,1.0,1447514040
181,111,2.5,1447515360
280,243,4.5,1447516140
116,88,2.5,1447525380
75,267,2.5,1447530360
30,178,4.5,1447532340
299,63,4.0,1447534140
232,275,1.5,1447534380
498,216,5.0,1447540440
341,140,3.5,1447542900
334,294,3.0,1447548780
116,222,3.0,1447550160
102,18,3.0,1447550160
259,277,3.0,1447551180
265,172,5.0,1447555320
253,256,3.5,1447557360
449,253,3.0,1447558020
273,296,3.5,1447559400
203,192,3.5,1447562280
40,205,3.5,1447566540
153,194,2.0,1447568100
322,157,4.0,1447573020
113,47,2.5,1447580880
480,175,3.0,1447585560
334,295,3.5,1447591620
264,201,2.5,1447602660
460,39,3.5,1447604880
363,185,3.5,1447604940
217,150,1.5,1447606260
436,141,3.5,1447610700
364,300,3.0,1447619820
489,146,3.5,1447620000
104,118,3.5,1447624440
216,101,2.5,1447625040
223,294,3.5,1447627740
420,73,2.5,1447631040
265,174,4.0,1447636260
129,173,5.0,1447639560
305,92,3.5,1447644180
203,137,3.0,1447644240
238,80,2.0,1447644600
403,250,4.5,1447647600
202,294,4.5,1447649700
217,172,3.5,1447651140
221,235,2.5,1447653180
209,207,2.0,1447659060
58,133,2.0,1447659120
414,15,3.5,1447665960
240,31,4.0,1447671300
246,276,2.0,1447672500
85,294,3.5,1447678560
35,198,2.0,1447678980
338,40,3.0,1447686000
249,60,2.0,1447686060
419,9,3.5,1447691400
19,220,3.5,1447694580
272,279,1.5,1447698240
176,52,3.0,1447701240
68,38,3.0,1447702140
367,123,5.0,1447712400
470,48,1.5,1447716300
65,217,4.0,1447720920
172,80,1.0,1447731600
10,285,3.5,1447735560
93,134,3.0,1447740120
142,40,3.0,1447742400
368,175,4.5,1447752960
410,124,4.0,1447753140
463,35,2.0,1447756920
308,101,3.5,1447759740
107,206,2.0,1447767660
271,288,2.5,1447771800
324,220,5.0,1447773540
481,78,3.0,1447779720
173,298,3.0,1447781040
247,147,5.0,1447782120
422,216,4.5,1447785480
290,69,0.5,1447794960
273,222,3.5,1447796340
133,94,4.0,1447799940
98,197,4.0,1447801140
361,122,4.0,1447802820
498,290,3.0,1447806240
167,264,4.0,1447809240
219,142,3.5,1447814760
406,170,2.0,1447819020
407,60,2.5,1447824300
334,255,2.5,1447824900
380,205,1.5,1447825680
439,220,5.0,1447825860
213,13,5.0,1447833180
271,172,4.0,1447834920
177,121,5.0,1447835640
256,70,1.5,1447842120
408,2,2.5,1447849920
107,180,1.5,1447853640
301,163,2.0,1447854420
359,169,4.0,1447858080
310,41,3.5,1447858500
208,226,2.5,1447858980
243,70,2.0,1447861140
161,299,3.0,1447862820
143,28,5.0,1447864980
429,251,3.5,1447868460
66,73,3.5,1447868760
231,134,3.5,1447877400
480,172,3.5,1447884360
16,296,4.0,1447884600
41,252,4.5,1447886220
66,150,3.0,1447897320
4,100,4.5,1447899000
21,152,3.5,1447899600
6,51,3.5,1447904040
138,300,4.0,1447904100
300,6,3.5,1447905660
341,245,2.5,1447906140
17,265,2.5,1447910400
500,223,3.5,1447910760
479,233,2.5,1447912620
305,195,2.0,1447914180
172,262,3.5,1447921680
30,36,5.0,1447929780
257,42,2.0,1447929840
184,47,1.5,1447941720
304,245,3.0,1447949640
227,106,3.5,1447954860
349,66,3.5,1447969440
62,201,3.0,1447975260
1,73,3.5,1447985160
345,220,3.0,1447986840
307,245,4.0,1447991280
82,132,4.5,1447993200
160,222,3.5,1447995600
405,199,4.5,1447998300
306,13,3.5,1448006400
481,51,4.5,1448006820
5,245,3.5,1448019720
176,282,4.5,1448020440
432,170,2.5,1448024940
323,272,2.5,1448030700
255,176,2.0,1448042160
33,290,3.5,1448046120
277,154,2.0,1448048760
264,64,4.0,1448060940
268,270,2.5,1448061420
461,279,3.0,1448074080
291,144,4.0,1448074200
470,31,3.0,1448078400
124,66,1.5,1448079660
17,73,3.5,1448081040
143,94,5.0,1448083380
249,21,3.0,1448083440
35,121,3.0,1448086320
230,72,2.0,1448088060
54,150,3.5,1448089500
442,109,5.0,1448092380
197,132,4.5,1448092680
87,40,4.5,1448095440
123,70,2.0,1448095620
342,55,2.0,1448106660
374,17,4.5,1448111760
298,70,3.0,1448112900
198,44,2.0,1448116680
441,101,3.5,1448119020
295,19,4.0,1448121780
314,207,3.0,1448125620
191,197,4.0,1448127780
93,290,2.0,1448130660
78,197,3.5,1448131260
44,66,2.5,1448136540
321,208,2.5,1448140500
152,230,5.0,1448144280
454,205,2.5,1448153280
155,249,2.5,1448154240
264,252,3.0,1448156580
196,133,2.5,1448159460
448,50,3.0,1448168700
344,106,2.5,1448169060
1,119,3.5,1448169240
197,191,4.0,1448171520
117,275,0.5,1448171580
468,242,3.0,1448173260
372,294,3.5,1448181480
57,184,3.0,1448181960
225,228,3.5,1448183580
344,107,3.5,1448185260
237,63,5.0,1448185560
197,194,1.5,1448189220
418,233,2.0,1448190480
424,5,2.5,1448194560
104,120,4.0,1448199900
228,27,2.5,1448201640
342,221,2.5,1448202120
334,230,3.0,1448202780
211,205,3.0,1448204040
78,85,4.5,1448206740
331,149,3.5,1448208720
289,190,4.5,1448211780
109,151,2.5,1448214960
453,262,3.0,1448223540
275,176,1.0,1448228460
309,99,2.5,1448230200
437,139,2.5,1448247780
329,191,4.0,1448248140
131,217,4.5,1448248260
17,174,4.5,1448250720
126,77,2.0,1448257020
313,26,3.5,1448261520
40,282,3.5,1448268900
469,97,3.0,1448273700
132,5,2.5,1448278020
76,139,0.5,1448278080
278,105,3.0,1448278080
468,176,3.5,1448279160
360,227,1.5,1448280360
27,64,4.0,1448282580
398,94,2.0,1448284080
369,24,4.0,1448291340
158,171,2.0,1448297940
81,154,3.0,1448302260
44,253,2.5,1448304420
177,250,4.5,1448308920
289,64,5.0,1448311020
417,127,3.5,1448320440
445,244,3.0,1448323260
218,169,4.0,1448323800
195,68,2.0,1448325660
162,63,4.5,1448325840
492,98,3.5,1448327280
146,196,4.0,1448327700
142,27,2.0,1448328120
121,268,4.5,1448333880
12,208,2.5,1448334780
216,220,3.5,1448366820
491,11,4.0,1448368020
302,101,1.0,1448368740
270,73,4.5,1448370480
31,1,3.0,1448370720
51,207,2.5,1448372340
259,174,3.5,1448376540
459,59,2.5,1448380740
314,89,2.5,1448384820
173,253,3.5,1448385060
400,37,3.0,1448385900
14,18,2.5,1448386020
379,243,4.0,1448388660
7,119,3.5,1448389020
189,112,4.5,1448389380
253,240,1.5,1448392080
289,269,4.0,1448394900
157,14,5.0,1448403480
147,65,4.5,1448404740
291,172,3.5,1448407860
18,3,1.5,1448409420
239,105,5.0,1448416800
175,43,3.5,1448419260
291,13,4.5,1448425200
203,81,3.0,1448426280
450,101,4.0,1448426760
469,250,3.5,1448427180
244,147,2.5,1448428560
383,288,2.0,1448435400
118,174,4.0,1448435760
12,243,3.5,1448444700
22,160,2.5,1448449140
137,30,2.0,1448451840
346,106,3.5,1448458200
344,65,2.5,1448458980
45,121,2.5,1448459820
167,173,4.5,1448461980
250,250,3.0,1448462460
298,150,4.0,1448462640
120,73,2.5,1448465460
491,176,3.5,1448467380
161,1,4.0,1448478540
490,162,2.5,1448481960
302,105,2.5,1448484000
199,175,3.0,1448488380
47,203,3.5,1448492280
29,121,2.5,1448512380
417,187,4.0,1448513940
321,94,4.0,1448516820
257,51,4.0,1448518740
166,36,4.0,1448520180
37,221,3.5,1448527320
214,18,3.0,1448529180
388,248,2.0,1448531820
259,275,1.0,1448542260
136,269,3.0,1448552460
31,205,3.0,1448555820
296,58,3.0,1448563260
271,168,2.5,1448569020
273,228,3.5,1448581260
155,24,3.0,1448592120
92,115,3.5,1448598480
441,177,2.0,1448609760
223,34,3.5,1448611140
157,198,4.5,1448633580
312,211,3.5,1448635920
254,40,3.5,1448636760
291,170,2.0,1448639220
327,121,3.0,1448639580
413,159,3.5,1448640120
261,221,2.5,1448658660
293,129,2.0,1448661300
434,14,3.5,1448661420
480,294,3.0,1448663880
405,240,2.0,1448669580
477,190,2.5,1448670600
159,108,4.0,1448675940
294,174,4.0,1448680620
89,77,2.0,1448680920
253,252,4.0,1448685960
124,107,3.0,1448687400
384,128,4.5,1448688900
32,4,4.0,1448693640
407,64,2.5,1448698440
44,198,3.0,1448704140
62,286,4.0,1448718360
337,93,3.5,1448725020
479,208,2.0,1448727900
296,65,3.5,1448730600
128,255,3.5,1448732820
340,230,4.5,1448736900
492,137,3.0,1448737740
379,207,2.0,1448745540
141,63,2.0,1448749020
460,171,3.0,1448751960
62,5,3.0,1448752020
323,193,3.5,1448757000
87,155,4.0,1448758800
13,263,4.0,1448773320
9,165,3.0,1448774640
250,243,3.0,1448779980
32,80,0.5,1448787000
78,10,2.5,1448790180
301,157,2.5,1448792460
474,270,2.5,1448792700
249,15,2.5,1448792940
494,135,3.0,1448807880
69,255,4.0,1448813340
397,172,4.0,1448816280
397,64,4.0,1448817240
421,72,2.5,1448827080
158,278,3.0,1448837640
423,134,4.0,1448852940
256,187,2.5,1448855820
135,73,3.0,1448859120
141,197,3.0,1448871300
271,293,2.0,1448872020
114,117,3.5,1448873580
280,148,3.0,1448874480
16,230,4.0,1448880780
125,215,3.5,1448882760
138,107,4.0,1448886780
26,123,3.5,1448887020
258,15,3.0,1448887320
119,37,3.5,1448889060
229,180,3.5,1448891700
300,189,3.0,1448896620
18,222,3.5,1448896860
127,18,2.0,1448899200
122,187,2.5,1448901480
395,55,4.0,1448901900
281,248,2.5,1448911020
18,11,3.5,1448911920
221,138,3.5,1448914020
144,64,4.0,1448923260
478,26,4.0,1448928060
327,64,3.5,1448929920
412,49,4.0,1448934000
306,6,3.5,1448942520
389,269,4.0,1448944380
331,63,4.0,1448944380
467,237,3.5,1448949420
274,94,4.0,1448959200
103,70,3.0,1448960040
287,98,4.5,1448961060
336,10,4.5,1448967720
466,184,3.5,1448967960
486,64,3.0,1448968860
286,73,3.5,1448969460
452,289,3.5,1448970420
21,64,4.0,1448971080
152,65,4.0,1448977320
127,243,4.0,1448977560
262,173,3.5,1448986860
195,243,2.5,1448989920
300,27,2.0,1448991660
39,219,3.0,1448994840
265,85,4.0,1448997660
174,122,4.5,1449005460
480,264,4.0,1449007260
430,203,3.0,1449015720
217,98,3.5,1449021780
362,211,3.5,1449021840
22,86,4.5,1449025860
395,213,5.0,1449032460
65,51,4.5,1449037140
212,51,2.5,1449055500
498,18,3.0,1449057660
38,165,3.0,1449060180
482,143,4.0,1449067320
10,27,2.5,1449069600
256,251,3.0,1449070320
457,210,4.5,1449079260
358,36,3.5,1449082260
349,196,3.5,1449087120
477,194,1.5,1449091080
389,230,4.5,1449098940
361,105,3.5,1449100800
207,254,4.0,1449105240
368,56,5.0,1449107520
199,52,3.5,1449110880
266,256,4.0,1449111780
421,146,2.5,1449120120
480,207,1.0,1449124080
489,157,3.5,1449124560
320,294,4.5,1449126600
82,200,2.5,1449130200
93,294,2.0,1449137220
396,297,3.0,1449138720
82,134,3.5,1449148020
116,252,3.0,1449149400
148,162,3.0,1449154380
288,210,4.5,1449155280
62,72,3.5,1449159420
441,222,2.5,1449160560
402,251,3.5,1449173100
339,203,3.0,1449176040
417,230,4.5,1449177660
481,256,3.0,1449183540
359,152,4.5,1449186120
153,226,3.0,1449188220
104,242,4.0,1449197340
73,229,5.0,1449204000
433,48,3.0,1449208920
372,184,4.0,1449209700
477,199,1.5,1449222480
196,203,2.0,1449227220
80,66,3.0,1449228240
189,249,3.5,1449228900
327,93,2.5,1449229740
132,51,3.0,1449247020
300,178,3.5,1449251340
451,53,3.0,1449254340
392,48,1.0,1449256020
327,59,3.0,1449259860
339,288,2.0,1449260580
465,21,3.5,1449262380
202,262,4.5,1449263700
410,251,4.0,1449264240
162,279,4.5,1449265980
14,253,3.0,1449270540
107,189,1.5,1449271380
110,27,2.5,1449281220
376,83,2.0,1449283740
92,262,5.0,1449286500
19,217,3.0,1449287220
397,39,2.5,1449290340
119,231,2.5,1449296340
360,60,1.0,1449298380
147,176,3.5,1449298620
16,262,3.5,1449299700
388,222,2.5,1449303300
47,177,3.0,1449306600
328,170,3.0,1449308100
432,178,3.0,1449309300
262,29,4.0,1449309960
48,250,2.0,1449311820
459,104,4.0,1449314280
329,135,3.5,1449316020
495,175,4.0,1449318420
114,208,2.5,1449321600
128,194,3.0,1449323280
51,267,4.0,1449324000
403,251,4.0,1449328500
67,235,3.5,1449332520
266,70,2.5,1449337860
340,254,3.0,1449338280
342,17,3.5,1449343920
464,206,4.5,1449350940
44,174,1.5,1449352080
39,137,3.0,1449357240
428,264,2.0,1449361920
62,297,3.5,1449362700
92,175,4.5,1449366180
491,208,2.5,1449375240
438,170,2.0,1449381900
6,163,2.0,1449384540
493,269,3.5,1449384840
121,200,5.0,1449390180
125,237,4.0,1449395820
499,137,4.0,1449405360
219,166,4.5,1449423840
49,177,2.5,1449427200
361,267,3.5,1449428040
352,182,3.5,1449431760
443,299,3.0,1449434820
165,201,3.0,1449447240
466,182,3.5,1449447900
458,258,3.5,1449448620
350,147,3.0,1449448620
212,14,2.0,1449452940
334,155,2.5,1449456960
459,220,4.0,1449462720
500,176,3.0,1449471720
18,166,4.0,1449481260
1,290,2.0,1449487620
378,250,3.0,1449487680
30,106,5.0,1449487980
44,193,3.0,1449496200
5,207,2.0,1449499200
332,222,3.5,1449501060
230,135,3.0,1449507540
82,165,3.0,1449517020
249,166,3.0,1449526080
361,171,3.0,1449544380
203,239,2.0,1449555840
130,250,4.0,1449555960
109,162,1.5,1449561120
295,245,3.5,1449562680
391,14,4.5,1449563280
217,3,1.5,1449564060
349,220,4.0,1449566880
468,3,2.5,1449572580
161,105,4.0,1449582300
14,210,3.0,1449583620
12,231,3.5,1449584640
86,236,2.5,1449585360
471,138,4.5,1449588360
23,40,3.0,1449594960
446,201,3.5,1449610560
470,56,3.5,1449617400
14,36,3.5,1449617640
235,137,2.5,1449626700
292,256,3.0,1449628860
284,273,1.5,1449631860
190,36,4.0,1449633360
328,150,3.5,1449655800
54,3,3.0,1449656760
159,200,2.5,1449657780
116,153,2.0,1449660960
298,251,4.5,1449662880
498,56,2.0,1449664920
332,230,4.5,1449666420
373,262,3.5,1449667320
357,270,1.0,1449667740
277,35,1.0,1449671460
412,245,3.0,1449674760
189,288,3.0,1449679620
334,151,2.5,1449679680
203,183,2.5,1449683580
272,56,2.5,1449683820
207,251,4.0,1449698280
32,28,4.0,1449700140
408,164,4.0,1449702900
444,212,5.0,1449705780
334,65,3.0,1449713280
346,279,2.0,1449715980
356,178,4.5,1449719580
302,15,2.0,1449720420
314,184,2.5,1449728400
437,150,3.5,1449730020
187,137,5.0,1449736560
481,273,2.0,1449740820
206,149,2.0,1449742680
114,178,3.0,1449743820
57,73,3.0,1449746640
77,262,2.0,1449747960
50,34,2.5,1449751020
430,56,3.5,1449752580
194,244,4.0,1449763500
141,231,3.5,1449785700
262,175,4.0,1449785820
233,73,3.5,1449792540
107,100,2.5,1449799140
305,138,3.0,1449800400
461,197,4.0,1449812400
197,221,3.5,1449812460
236,262,3.5,1449812940
179,225,3.5,1449820920
37,182,4.0,1449823380
140,58,3.0,1449826560
438,184,2.0,1449838920
252,73,2.5,1449839880
248,38,2.5,1449844020
16,70,3.5,1449844560
303,10,4.0,1449849000
9,275,1.5,1449849120
212,252,3.5,1449849900
234,211,4.0,1449850200
75,200,1.0,1449854520
190,17,3.0,1449856620
349,172,4.5,1449857460
252,208,1.5,1449879900
206,184,3.5,1449882600
144,15,3.0,1449882780
325,244,3.0,1449884460
301,289,1.0,1449892620
295,41,4.0,1449906720
367,1,5.0,1449910920
336,96,4.0,1449912060
454,10,3.5,1449914880
370,284,3.0,1449915120
356,294,4.5,1449921840
246,175,3.5,1449922140
143,231,5.0,1449923400
211,192,4.0,1449925680
32,81,3.0,1449929520
66,65,4.5,1449939840
223,192,3.5,1449949980
219,151,2.0,1449952800
49,136,3.5,1449953640
43,151,3.0,1449953760
12,151,4.0,1449955380
492,288,2.5,1449958500
88,237,4.5,1449961380
229,212,4.5,1449975660
325,184,3.5,1449978240
42,287,4.0,1449987120
468,210,3.5,1449990120
23,60,2.0,1449995520
338,94,3.5,1449996480
355,185,3.5,1449998640
57,239,3.0,1449999060
462,56,3.5,1450002480
256,208,1.5,1450004040
337,101,2.5,1450007040
491,79,4.0,1450011060
247,215,4.5,1450014000
118,24,4.0,1450016160
13,10,3.0,1450016400
378,170,3.0,1450020720
420,250,4.5,1450022880
17,245,3.5,1450024920
150,141,3.0,1450025100
165,121,3.0,1450036920
219,34,2.5,1450038900
263,240,4.5,1450046460
190,150,2.0,1450053180
16,123,5.0,1450053960
454,48,2.5,1450054740
447,133,2.5,1450057860
216,137,3.5,1450062300
277,1,2.5,1450067940
146,47,2.5,1450068300
313,171,2.5,1450068420
92,32,4.0,1450070880
438,144,3.0,1450074420
405,187,4.0,1450093020
308,47,3.0,1450097220
408,250,4.5,1450099140
66,182,5.0,1450099980
38,15,3.5,1450107840
83,64,3.5,1450109400
391,31,5.0,1450111980
181,290,2.5,1450121760
218,270,3.5,1450124160
281,79,3.0,1450131720
268,18,2.5,1450132440
489,26,4.5,1450133700
460,210,3.5,1450139580
282,182,4.0,1450141380
325,138,3.0,1450148220
437,60,3.0,1450148760
129,8,3.5,1450150200
218,226,3.0,1450154220
260,198,2.0,1450155420
74,103,3.0,1450155840
434,106,4.0,1450159680
217,225,1.5,1450162020
147,207,3.0,1450167540
454,284,3.0,1450177140
173,64,5.0,1450178580
321,103,3.0,1450179360
180,197,3.5,1450186260
126,253,2.0,1450192560
276,284,4.0,1450197600
199,132,3.5,1450198140
419,112,5.0,1450198500
417,138,3.0,1450201920
8,111,2.0,1450201920
134,245,3.5,1450202940
207,262,3.5,1450203060
355,163,4.5,1450208700
251,64,4.0,1450213800
278,163,3.0,1450214520
10,43,2.5,1450221300
370,172,4.5,1450221600
174,291,3.5,1450228200
16,74,2.5,1450228680
271,207,0.5,1450229280
115,38,2.5,1450235820
462,147,2.5,1450245780
386,29,3.0,1450248420
90,165,3.0,1450248480
394,282,2.5,1450248780
89,15,4.5,1450277040
174,212,3.5,1450279200
66,142,4.0,1450289220
326,109,3.0,1450289940
5,17,3.0,1450290000
465,31,5.0,1450292220
358,243,3.0,1450294920
75,208,1.5,1450295640
438,36,3.5,1450297980
130,262,3.5,1450304340
9,9,3.5,1450306320
159,245,2.5,1450306800
458,204,3.5,1450307220
492,243,4.0,1450309080
406,154,1.0,1450310640
123,192,4.0,1450311120
237,152,3.5,1450311360
21,211,3.0,1450316520
14,13,4.0,1450320780
458,279,3.0,1450321140
263,172,4.5,1450322040
278,50,3.0,1450324260
302,200,2.5,1450327920
338,37,4.0,1450329780
366,103,3.0,1450332120
9,173,4.5,1450338960
456,93,3.5,1450340640
95,137,3.0,1450347900
287,182,4.5,1450348440
464,154,2.0,1450349580
442,160,2.5,1450352220
58,294,2.5,1450352580
341,38,4.5,1450354260
235,240,2.0,1450358820
42,245,3.0,1450361160
174,198,3.5,1450365120
495,138,5.0,1450370280
402,63,4.5,1450373220
317,262,3.5,1450374180
172,105,3.5,1450381560
326,47,3.0,1450391880
276,297,2.5,1450392720
141,73,2.0,1450397520
402,57,3.5,1450399140
250,123,3.5,1450404420
388,1,2.5,1450406040
86,177,3.5,1450406160
326,38,2.0,1450407120
362,192,3.0,1450407420
471,31,2.5,1450407480
290,220,2.5,1450408920
331,179,3.0,1450412340
359,228,4.0,1450412700
372,94,4.5,1450413180
331,185,4.5,1450414020
245,268,3.5,1450421400
172,155,3.5,1450428660
190,269,4.5,1450431960
125,85,5.0,1450441560
86,250,2.0,1450446060
314,146,2.0,1450447080
53,38,3.5,1450447800
229,24,4.5,1450447860
487,289,2.5,1450457940
443,118,3.0,1450458240
5,265,2.5,1450459260
445,42,2.0,1450470300
84,221,3.0,1450471320
214,14,2.5,1450476600
226,275,2.5,1450477860
75,15,2.5,1450480920
448,169,4.0,1450495260
491,103,3.0,1450496880
114,290,2.5,1450497060
241,296,2.5,1450497600
311,203,2.0,1450498260
316,137,4.5,1450500000
40,123,3.0,1450501620
477,147,2.5,1450506960
279,187,3.0,1450513680
54,161,2.5,1450519440
252,105,3.0,1450521900
140,252,3.5,1450524000
46,156,2.0,1450525500
458,215,3.0,1450527300
171,6,3.0,1450528620
436,47,2.0,1450539420
275,256,2.5,1450542660
333,284,2.5,1450547580
45,6,3.0,1450548300
261,60,2.0,1450550040
395,251,4.5,1450550640
215,127,4.0,1450552020
8,152,4.0,1450557900
98,172,4.0,1450564740
489,109,5.0,1450566300
364,108,3.0,1450568040
120,80,1.5,1450578000
456,96,4.0,1450582200
431,83,2.5,1450587780
305,48,1.0,1450588260
29,2,0.5,1450590600
359,56,4.0,1450594680
86,244,2.5,1450596360
308,67,3.5,1450602900
484,180,4.0,1450611600
236,6,4.0,1450614120
154,231,2.5,1450614540
257,248,2.0,1450621260
475,175,3.5,1450622460
465,138,4.5,1450625280
166,52,3.0,1450634580
186,250,3.5,1450640700
491,231,2.0,1450644360
315,290,2.0,1450644900
10,154,2.0,1450647240
113,289,2.0,1450647960
94,289,2.5,1450651500
384,275,1.0,1450654740
270,95,4.0,1450655580
463,53,3.5,1450657020
158,172,4.0,1450657740
392,67,2.5,1450662300
112,3,2.0,1450662960
75,24,4.5,1450665720
499,98,4.0,1450676040
212,60,1.5,1450683780
177,56,4.5,1450685160
474,237,3.0,1450685160
222,168,2.0,1450690740
28,251,4.0,1450691640
386,231,3.5,1450691700
417,12,3.0,1450694160
495,72,4.0,1450698960
367,133,2.5,1450701000
259,60,2.5,1450704240
480,52,4.0,1450706760
440,243,4.0,1450716660
304,200,2.0,1450717200
96,184,2.0,1450719900
345,215,2.0,1450724580
229,284,3.5,1450725600
134,154,3.0,1450731600
93,226,3.5,1450735080
304,103,3.5,1450738440
273,272,2.0,1450738980
225,37,4.0,1450745820
46,47,2.5,1450746120
459,73,3.5,1450748340
96,31,3.0,1450765140
365,245,2.5,1450768140
189,300,3.0,1450768980
461,58,3.5,1450770780
380,258,2.5,1450772940
415,251,4.0,1450773720
102,58,4.0,1450775160
254,143,3.5,1450781760
407,278,2.0,1450788780
496,93,2.5,1450789560
81,174,4.5,1450789860
270,231,5.0,1450789920
137,288,3.0,1450790760
248,79,3.0,1450797000
430,73,2.5,1450798920
330,245,4.5,1450805340
91,245,3.0,1450806840
105,265,2.5,1450807680
154,106,3.0,1450809840
156,36,5.0,1450813020
78,220,3.5,1450817220
240,72,2.0,1450818960
470,208,2.5,1450823520
96,197,3.0,1450837200
218,35,2.5,1450838820
2,141,3.5,1450846200
200,169,3.5,1450849440
163,217,3.5,1450850640
14,29,3.0,1450852500
322,134,4.0,1450857060
172,145,4.5,1450857960
53,185,4.0,1450870500
185,205,4.0,1450872540
347,258,3.0,1450877160
425,40,4.0,1450880820
157,4,5.0,1450881300
328,51,4.5,1450884960
418,37,1.5,1450887180
369,123,5.0,1450895160
470,175,2.5,1450897680
478,129,2.5,1450897800
77,68,3.0,1450900320
206,177,3.0,1450905900
497,141,4.5,1450910400
258,48,2.0,1450920840
184,262,3.0,1450922940
406,153,2.0,1450925940
325,236,3.0,1450930740
424,94,5.0,1450933980
468,299,3.0,1450934340
439,66,3.5,1450939620
2,275,1.5,1450943160
282,197,3.5,1450943340
124,299,3.0,1450945920
180,68,2.5,1450947180
291,139,3.5,1450948620
233,159,3.5,1450949340
339,172,5.0,1450954080
237,217,4.5,1450955100
304,21,3.5,1450955160
121,215,2.5,1450957800
102,89,3.0,1450958580
450,238,4.0,1450961460
66,58,5.0,1450973280
482,32,4.5,1450974000
90,169,3.5,1450974360
101,249,3.0,1450986360
122,141,3.5,1450990140
261,150,2.5,1450993080
308,289,2.5,1450994760
233,31,4.5,1450997520
17,215,3.5,1451000400
33,60,3.5,1451014260
195,94,2.5,1451015220
359,32,2.5,1451017860
286,6,5.0,1451022780
270,238,5.0,1451027160
213,270,4.0,1451027220
205,55,2.0,1451029680
302,82,2.0,1451032200
131,179,3.5,1451033160
387,291,3.0,1451038740
415,267,4.0,1451040420
296,40,3.0,1451045460
221,245,2.0,1451048100
114,163,4.0,1451054220
244,253,1.5,1451056920
145,103,3.0,1451063040
336,255,5.0,1451076000
177,180,3.5,1451087760
150,59,4.0,1451088780
473,269,4.0,1451090100
335,13,4.0,1451098320
188,299,3.0,1451099400
369,96,4.5,1451119020
283,43,3.5,1451124840
177,233,2.5,1451127000
153,142,4.0,1451132340
321,237,3.0,1451134980
344,18,2.5,1451135400
405,134,3.0,1451137500
129,31,3.5,1451154840
41,214,4.0,1451159040
364,60,1.5,1451160600
394,64,3.5,1451163720
298,253,2.5,1451163900
181,275,0.5,1451165640
217,265,1.5,1451179980
166,291,2.5,1451182800
111,18,2.5,1451188980
115,256,3.0,1451193960
91,256,3.0,1451197140
154,9,2.0,1451201820
48,81,3.5,1451206920
391,118,4.0,1451211300
455,35,3.0,1451216700
214,30,3.5,1451223840
256,243,3.0,1451223960
193,121,3.0,1451225340
166,235,3.0,1451226900
387,53,4.0,1451227560
220,221,4.5,1451229480
73,251,5.0,1451229960
32,172,3.0,1451230080
381,155,4.0,1451230200
263,273,2.5,1451231820
358,294,3.5,1451239200
209,226,4.0,1451245680
302,184,1.5,1451252100
112,245,3.0,1451253960
350,64,3.5,1451256900
137,148,3.0,1451260680
4,172,4.0,1451266620
227,145,4.0,1451271480
166,201,2.5,1451273940
470,51,3.0,1451274120
274,191,3.0,1451277840
383,296,3.0,1451291460
233,219,3.0,1451294100
190,251,4.0,1451298720
206,175,3.5,1451300640
424,220,4.0,1451301240
24,222,2.5,1451302080
60,71,4.5,1451302200
472,221,3.0,1451302500
120,134,2.5,1451303640
82,180,4.0,1451312280
67,281,4.0,1451314980
125,161,3.5,1451323140
202,293,3.0,1451325240
24,290,2.0,1451328840
259,73,3.0,1451330520
100,205,1.5,1451335320
433,148,3.0,1451338380
450,156,3.0,1451342400
47,113,3.0,1451343900
208,293,3.0,1451350320
353,127,2.0,1451350500
352,222,4.0,1451361120
144,36,4.0,1451363460
119,100,3.0,1451372400
231,56,4.0,1451375100
360,203,1.5,1451375220
284,36,4.5,1451379420
94,156,3.0,1451380620
217,52,3.0,1451388000
405,235,4.0,1451390640
120,197,3.5,1451396160
23,129,2.0,1451405520
495,222,4.0,1451405940
137,85,3.0,1451408400
5,237,3.0,1451409540
28,193,3.0,1451410260
324,249,5.0,1451423460
410,122,3.0,1451428740
357,201,1.5,1451434020
275,85,3.5,1451436960
268,222,2.5,1451448840
341,145,2.5,1451456220
130,219,3.5,1451461920
139,74,2.5,1451464560
37,198,2.5,1451464740
351,106,4.0,1451466840
182,106,5.0,1451468580
206,168,4.0,1451474040
280,176,4.5,1451476860
323,183,3.0,1451477520
430,269,4.5,1451479800
118,289,2.5,1451481240
246,104,3.0,1451483220
419,40,4.0,1451486460
464,217,3.0,1451486820
410,173,3.5,1451490960
162,300,3.5,1451492640
104,8,4.0,1451504760
53,10,4.5,1451505720
38,256,3.0,1451507640
56,187,3.5,1451508780
129,45,2.5,1451510400
125,106,3.5,1451513700
455,134,4.5,1451521860
289,244,3.0,1451527140
146,170,4.0,1451531700
243,89,4.0,1451532060
469,99,3.0,1451548080
145,269,4.0,1451549820
114,268,3.5,1451554320
129,88,2.5,1451557320
308,200,2.5,1451558700
431,52,2.5,1451565300
83,162,2.5,1451569320
332,297,2.0,1451576820
338,236,2.5,1451577540
321,201,3.0,1451580780
227,198,4.0,1451583120
480,51,4.0,1451584320
463,243,3.0,1451587440
355,279,3.5,1451591040
443,101,1.0,1451594820
67,222,2.5,1451595480
37,235,3.5,1451598840
152,244,3.5,1451605740
362,189,2.5,1451611380
423,14,3.5,1451613300
212,110,1.0,1451614140
62,184,4.0,1451615580
367,47,4.0,1451618580
209,94,3.5,1451620020
166,106,3.5,1451620380
162,250,5.0,1451621880
469,214,3.5,1451625900
320,279,4.0,1451626500
484,235,3.5,1451632440
19,179,3.5,1451634180
441,186,2.5,1451641080
359,3,2.5,1451648580
270,187,5.0,1451653080
332,171,1.5,1451661480
423,219,3.5,1451664540
387,290,3.5,1451667660
404,93,5.0,1451687640
195,15,2.0,1451688720
302,65,3.0,1451698740
190,5,2.0,1451701380
378,281,3.5,1451707560
121,262,5.0,1451718180
253,141,4.0,1451718240
437,138,3.5,1451724480
470,52,2.0,1451738160
486,240,2.5,1451739360
500,47,2.5,1451742240
31,80,1.5,1451745060
284,211,2.5,1451747100
453,53,3.5,1451762460
388,58,2.5,1451763600
127,58,2.5,1451772780
64,150,3.0,1451782740
220,175,2.5,1451784000
346,35,1.5,1451786640
277,59,3.0,1451789940
480,250,2.5,1451796600
325,105,3.0,1451799240
100,162,2.5,1451801700
210,51,4.0,1451803440
360,150,1.0,1451811960
195,36,3.0,1451816460
114,217,3.5,1451822580
482,137,4.0,1451823060
468,281,4.5,1451823840
411,137,4.5,1451833260
241,34,2.0,1451840940
111,138,5.0,1451847840
325,107,4.0,1451849280
94,197,4.0,1451854140
300,245,2.5,1451856900
273,269,3.5,1451862360
297,194,3.0,1451869980
251,170,2.5,1451871240
98,137,4.0,1451893320
64,138,4.5,1451893620
358,185,4.0,1451898540
151,43,4.0,1451903460
3,165,3.0,1451908740
21,21,3.0,1451908980
484,253,2.0,1451917920
169,178,3.5,1451929500
119,101,3.0,1451931240
34,172,5.0,1451932740
438,168,2.5,1451935260
109,231,3.5,1451940780
183,231,3.5,1451942160
239,206,4.0,1451945280
343,245,2.5,1451947200
82,245,3.5,1451951220
175,258,3.0,1451957040
78,243,3.5,1451957040
10,255,2.5,1451957040
6,229,2.5,1451958000
104,160,3.0,1451959020
179,247,3.0,1451963340
95,94,2.0,1451963760
272,123,4.0,1451965980
449,239,2.5,1451969160
4,203,3.5,1451977860
255,198,2.5,1451990940
433,24,3.5,1451991420
452,165,3.5,1451999880
462,105,4.0,1452000180
138,21,4.0,1452007500
91,171,2.0,1452012600
15,187,2.5,1452014400
68,233,2.5,1452019740
351,54,4.0,1452046020
229,17,4.0,1452047280
447,32,4.5,1452048180
385,169,4.0,1452050040
2,119,2.0,1452059040
318,137,3.5,1452059340
309,231,3.0,1452059700
40,217,5.0,1452059820
452,243,3.5,1452062040
438,133,1.0,1452063780
405,34,2.0,1452064440
199,251,3.0,1452065040
78,147,2.0,1452065400
89,176,3.5,1452065820
154,72,1.5,1452068460
385,52,3.5,1452071940
145,240,3.5,1452073920
298,173,5.0,1452082020
327,171,1.5,1452083700
187,65,5.0,1452088620
125,43,5.0,1452099060
468,15,4.0,1452101580
110,200,1.5,1452103020
9,261,3.0,1452105120
358,35,1.5,1452111120
299,14,2.0,1452114060
285,244,2.0,1452115980
361,175,4.5,1452128700
102,183,2.5,1452133620
272,89,3.5,1452136560
444,176,4.5,1452136680
98,229,4.0,1452136920
222,92,3.0,1452137820
175,27,3.0,1452147120
131,104,3.5,1452147660
88,35,2.0,1452150720
281,251,2.5,1452151440
219,273,1.5,1452161160
57,275,1.5,1452173100
335,177,2.0,1452179220
2,256,3.5,1452182880
111,119,2.5,1452186240
360,68,0.5,1452186540
356,207,3.0,1452186960
351,58,4.0,1452198000
425,233,2.0,1452198960
152,215,3.5,1452204540
8,129,3.5,1452204780
487,27,2.5,1452208800
342,64,3.5,1452210660
356,1,5.0,1452227940
467,220,4.5,1452228360
249,134,2.5,1452229560
255,215,2.5,1452229680
427,85,4.5,1452230580
11,255,4.0,1452233100
11,200,2.0,1452237360
182,166,5.0,1452237420
356,83,4.5,1452241620
149,1,1.5,1452245940
292,207,1.0,1452246600
122,65,4.0,1452249840
144,127,2.0,1452253020
234,47,2.5,1452253920
153,296,3.5,1452263460
362,58,4.5,1452265860
302,70,2.0,1452267240
2,183,3.0,1452271860
458,175,2.5,1452272580
372,299,3.0,1452277200
249,129,2.0,1452279840
247,269,4.5,1452281040
346,256,2.5,1452283680
263,134,3.5,1452284280
300,146,3.0,1452285300
70,101,2.0,1452298020
348,207,1.0,1452298320
7,248,2.0,1452304860
286,129,4.5,1452305700
309,178,2.5,1452312420
325,173,4.0,1452314520
461,169,3.0,1452325740
366,146,3.5,1452329640
411,279,3.5,1452335220
152,178,4.0,1452335220
2,226,3.0,1452338520
238,197,5.0,1452352440
425,17,4.0,1452356160
418,153,2.5,1452356520
196,275,1.5,1452357660
139,28,2.5,1452358800
229,89,4.5,1452360000
156,223,5.0,1452366840
203,241,3.0,1452372480
99,175,4.0,1452374760
179,74,4.0,1452376080
271,123,4.0,1452380100
39,86,2.0,1452383280
275,284,4.0,1452384000
329,245,3.0,1452390840
338,222,3.0,1452390960
200,280,3.0,1452391560
189,21,3.0,1452393420
492,198,3.0,1452394500
360,63,0.5,1452400920
356,147,3.5,1452406020
251,207,2.0,1452406140
231,37,3.0,1452408540
385,178,3.5,1452410880
318,14,3.5,1452417900
265,197,4.5,1452427320
68,165,2.5,1452437520
174,3,3.0,1452438000
154,145,3.5,1452440820
289,79,5.0,1452441660
273,251,3.5,1452442200
412,269,5.0,1452444000
23,269,3.0,1452448500
470,294,3.0,1452448620
17,137,3.5,1452452880
394,170,0.5,1452454500
154,85,3.5,1452455220
458,137,4.0,1452455640
449,148,3.5,1452458580
276,242,2.0,1452460260
347,269,5.0,1452461940
385,156,3.5,1452463020
476,159,3.0,1452465060
216,165,3.0,1452481260
166,217,2.5,1452483540
469,14,3.5,1452493140
111,200,2.5,1452511020
331,107,3.0,1452517860
276,5,2.5,1452521100
233,258,4.0,1452524700
296,141,4.0,1452526380
257,170,4.0,1452536100
39,57,1.5,1452540600
8,220,4.0,1452540720
22,65,3.5,1452541620
49,197,5.0,1452545160
225,79,5.0,1452556260
259,137,3.5,1452571020
309,225,2.0,1452594240
99,66,3.0,1452594540
466,299,3.5,1452597480
66,170,3.0,1452599160
130,65,2.5,1452600300
133,34,3.5,1452602640
292,82,3.0,1452605100
362,89,4.5,1452610080
311,71,4.0,1452616260
432,164,5.0,1452616740
418,178,3.0,1452617520
212,164,4.0,1452619500
317,119,3.0,1452625800
101,5,2.0,1452633660
404,270,3.5,1452637620
482,240,3.5,1452642900
369,132,4.5,1452643140
246,243,4.0,1452644820
19,13,3.5,1452647340
176,175,3.5,1452658500
344,15,2.0,1452660120
408,184,4.0,1452671520
50,231,3.5,1452674220
126,147,4.0,1452676020
373,244,2.5,1452678660
74,298,3.5,1452688620
68,280,2.0,1452694020
231,248,1.5,1452696060
42,51,3.0,1452698220
92,149,2.5,1452700320
496,148,2.0,1452700380
436,34,2.5,1452700560
134,205,2.0,1452702600
354,159,4.0,1452704520
201,284,4.0,1452705000
367,210,5.0,1452705240
286,101,3.5,1452708960
363,24,5.0,1452710220
426,94,3.0,1452710880
420,203,3.0,1452733980
496,215,2.5,1452740220
159,47,4.0,1452746040
302,132,3.0,1452762420
101,217,4.0,1452762600
435,294,3.5,1452765180
94,296,3.0,1452767520
498,85,3.5,1452769800
169,279,4.0,1452769860
473,279,3.5,1452770580
372,231,2.5,1452777360
406,280,1.5,1452781380
129,70,3.5,1452784800
143,154,4.5,1452794400
220,250,3.5,1452795840
382,107,3.0,1452796260
87,23,3.0,1452804660
254,156,2.5,1452810360
110,262,3.5,1452810840
13,244,2.5,1452823260
119,284,3.0,1452824280
98,208,2.5,1452827880
105,3,2.0,1452828060
155,51,4.0,1452828900
312,29,2.5,1452829740
498,101,3.0,1452849000
38,3,1.5,1452854220
100,281,3.5,1452859020
338,34,2.5,1452875700
36,24,3.0,1452876600
143,21,3.5,1452879660
256,250,2.0,1452885180
441,116,2.5,1452887040
361,24,3.5,1452888060
224,122,5.0,1452889440
384,15,2.5,1452894300
351,2,2.5,1452896460
387,184,3.0,1452899700
41,233,2.5,1452901920
356,235,5.0,1452905460
68,81,2.5,1452907920
422,217,4.0,1452910320
481,47,3.5,1452911400
294,24,4.0,1452916740
435,246,3.5,1452918600
170,281,3.5,1452925380
373,164,3.0,1452925920
315,15,2.0,1452926880
204,243,5.0,1452930780
244,195,2.0,1452931620
214,37,1.5,1452934680
148,237,3.5,1452935040
227,282,4.5,1452936360
171,81,2.5,1452943800
228,79,3.0,1452945000
79,72,1.5,1452945060
457,288,3.0,1452949080
121,137,4.0,1452953520
169,128,3.5,1452956160
209,59,4.5,1452959040
364,80,2.0,1452960480
323,34,2.5,1452961440
459,189,2.5,1452968160
142,269,3.0,1452974220
140,244,2.5,1452975420
129,59,3.0,1452985380
411,3,2.5,1452993120
199,15,3.5,1453007580
34,290,2.0,1453011540
65,285,4.0,1453011720
182,93,4.0,1453012980
483,129,4.0,1453017360
270,78,4.5,1453029780
252,170,1.0,1453039680
3,286,4.0,1453042260
190,70,3.0,1453042920
500,30,3.5,1453044120
96,243,3.5,1453045380
187,51,4.0,1453050480
163,294,4.0,1453052760
103,133,3.5,1453059660
353,30,4.0,1453060320
428,244,1.5,1453064460
405,10,2.5,1453075800
204,71,5.0,1453079940
71,289,3.0,1453082040
426,3,2.0,1453091220
111,203,3.0,1453094340
108,149,1.5,1453095540
23,250,4.0,1453097820
111,78,3.5,1453099920
213,289,3.0,1453100760
352,262,4.5,1453103580
136,37,3.0,1453112160
371,150,1.5,1453129500
370,34,3.5,1453131960
117,230,4.0,1453151760
387,254,3.0,1453152120
175,182,4.0,1453158360
329,80,1.0,1453161720
320,217,4.0,1453164300
164,281,4.0,1453166220
184,61,3.5,1453176480
469,217,5.0,1453190880
472,104,3.0,1453196760
467,241,4.5,1453200420
370,184,4.0,1453213680
417,271,2.5,1453213800
156,246,5.0,1453222440
277,3,2.0,1453227120
15,63,3.0,1453232220
245,94,4.0,1453233660
295,47,2.0,1453235700
387,65,4.5,1453243200
311,170,2.5,1453251960
374,187,4.5,1453255320
283,215,3.5,1453256400
231,197,4.5,1453263660
434,150,3.0,1453278180
333,5,2.5,1453281780
316,121,3.5,1453283880
148,64,3.5,1453285200
272,73,2.5,1453285920
494,290,2.0,1453292640
366,29,3.5,1453294620
65,74,3.0,1453300500
427,280,4.0,1453307400
317,219,3.0,1453313640
260,245,3.0,1453319700
203,243,2.5,1453319880
152,179,4.0,1453322160
116,231,3.0,1453331400
344,285,3.0,1453332240
259,94,2.5,1453336200
149,171,2.0,1453337520
110,127,3.5,1453339980
4,271,2.5,1453349460
85,23,3.0,1453351020
290,5,1.5,1453354320
165,15,2.5,1453361940
173,251,4.0,1453367160
221,79,3.0,1453374060
272,244,2.0,1453375620
262,60,3.5,1453377480
238,258,2.5,1453380360
370,262,3.0,1453386180
402,249,3.0,1453389840
289,189,3.0,1453389960
310,132,3.5,1453392300
413,112,4.5,1453397640
436,94,1.5,1453420440
487,240,2.0,1453423440
406,58,2.5,1453433160
131,231,3.5,1453435560
146,297,2.0,1453437000
442,195,3.5,1453438800
389,222,3.0,1453449240
315,231,2.5,1453451280
439,44,3.0,1453454160
46,279,3.5,1453455240
253,183,3.0,1453458420
283,14,4.0,1453459020
150,42,3.0,1453459140
468,252,3.5,1453464000
273,245,2.5,1453465140
219,157,3.0,1453467240
246,256,3.5,1453467420
226,259,3.0,1453469280
207,185,4.0,1453470180
364,73,3.5,1453472400
188,175,3.5,1453474620
426,264,4.0,1453478280
312,148,3.5,1453479000
109,185,2.5,1453495800
362,282,4.0,1453501200
303,136,3.0,1453501740
130,147,3.0,1453518960
236,147,3.0,1453523460
337,64,3.0,1453532160
396,231,0.5,1453536120
158,259,2.0,1453536900
476,284,3.5,1453537800
484,14,4.0,1453547940
164,284,5.0,1453548600
378,240,2.0,1453551480
312,141,4.0,1453552500
171,192,3.5,1453555200
193,60,2.0,1453557840
412,187,3.5,1453557960
200,70,3.0,1453560240
173,94,3.5,1453562460
391,151,4.0,1453568760
97,61,4.5,1453569000
158,119,2.0,1453574580
266,242,4.0,1453582860
98,82,3.0,1453584660
223,164,4.0,1453585140
360,269,2.5,1453587240
398,212,4.0,1453591260
324,170,4.5,1453604760
399,248,1.5,1453607280
25,129,3.0,1453608900
350,38,3.0,1453611300
54,73,2.0,1453612980
328,226,4.5,1453614780
322,230,4.5,1453621140
136,94,4.0,1453627800
205,253,2.5,1453628160
268,155,2.5,1453628400
397,103,2.5,1453629060
365,150,1.0,1453632780
70,94,3.0,1453632840
22,171,1.5,1453637700
494,145,3.0,1453638060
43,205,4.0,1453642560
325,172,4.0,1453643700
110,58,4.0,1453643820
373,284,4.5,1453646880
46,300,3.0,1453648980
438,103,2.0,1453651320
473,184,3.5,1453655760
180,171,2.0,1453660800
300,254,1.5,1453660980
431,148,3.5,1453661280
493,289,2.0,1453661400
456,175,3.5,1453661460
420,206,3.0,1453674300
3,254,3.5,1453678920
196,245,2.5,1453699500
489,40,3.0,1453702920
295,180,3.0,1453703040
287,300,4.5,1453703160
176,161,2.5,1453706160
231,96,3.5,1453713120
310,250,3.5,1453717800
473,64,3.5,1453720500
29,262,3.0,1453721880
288,9,4.5,1453724880
97,294,3.5,1453733280
176,17,4.0,1453736580
348,68,1.5,1453744380
363,34,2.5,1453752300
150,264,4.0,1453753200
413,147,3.0,1453754880
179,198,4.0,1453762200
392,251,2.5,1453762440
40,51,4.5,1453766640
220,101,4.5,1453772160
487,151,1.5,1453773780
231,170,2.0,1453774380
80,141,3.5,1453777500
185,289,3.5,1453780440
330,182,4.5,1453786500
481,193,4.0,1453791480
368,101,3.5,1453798080
181,193,4.0,1453799340
89,275,2.0,1453807200
420,28,4.5,1453808700
80,245,2.5,1453818780
360,275,0.5,1453821840
168,194,3.5,1453823460
208,182,4.0,1453825680
492,207,2.0,1453831740
77,241,3.0,1453831740
391,182,5.0,1453835820
365,141,2.5,1453838760
216,128,4.0,1453848420
282,160,2.5,1453850880
405,70,2.5,1453857420
379,15,3.5,1453866720
54,260,4.5,1453869120
327,235,3.0,1453871940
415,15,2.5,1453873260
222,45,1.5,1453874460
175,79,4.5,1453879500
318,10,3.0,1453885080
142,268,2.0,1453892700
322,156,3.0,1453893540
204,64,4.0,1453914960
358,85,3.0,1453915500
463,294,4.0,1453920060
262,41,3.5,1453920660
320,206,4.5,1453927260
245,175,4.0,1453930560
357,43,2.5,1453934640
264,281,4.5,1453935900
126,152,4.0,1453936560
500,252,4.0,1453938660
459,185,4.0,1453938780
307,184,4.0,1453948680
286,210,4.0,1453953000
378,137,3.0,1453953960
313,233,3.5,1453956660
188,73,5.0,1453957380
424,127,3.5,1453959780
156,266,5.0,1453966740
268,48,3.0,1453967100
265,110,2.5,1453968300
117,149,3.0,1453968660
160,93,4.0,1453972200
85,136,3.0,1453973100
411,240,3.0,1453973280
12,28,4.5,1453975980
47,51,3.5,1453986900
71,150,3.0,1453987320
78,265,3.0,1453997580
385,189,4.5,1453998000
330,221,4.0,1454000880
356,121,4.0,1454007480
395,273,3.0,1454007780
253,228,3.5,1454010120
394,129,2.0,1454010720
4,290,3.5,1454014560
417,273,1.5,1454016120
248,178,2.5,1454022120
60,269,5.0,1454023500
227,255,5.0,1454023620
175,159,3.5,1454024100
193,146,2.0,1454028480
20,197,4.0,1454039280
241,173,3.0,1454039700
266,170,3.0,1454040840
119,44,2.0,1454045340
227,101,3.5,1454045520
284,229,4.0,1454052420
355,170,2.5,1454053680
430,60,4.0,1454055240
371,289,2.0,1454057760
156,138,5.0,1454061780
100,269,3.5,1454062800
241,178,3.0,1454065260
52,160,3.0,1454073600
130,63,2.5,1454076420
212,82,2.5,1454079420
164,216,4.0,1454088480
434,94,3.5,1454090520
29,187,3.0,1454096640
404,42,3.5,1454112120
326,240,4.0,1454118720
471,155,3.5,1454120820
268,59,2.5,1454126460
393,265,2.5,1454134200
37,156,2.5,1454137440
28,231,3.5,1454148900
379,182,5.0,1454150580
213,253,4.0,1454165040
204,220,4.5,1454171160
481,251,5.0,1454175060
341,34,4.0,1454183100
47,2,1.5,1454183280
143,269,5.0,1454184900
373,58,3.0,1454187780
301,76,2.5,1454187900
343,208,2.5,1454196600
92,215,3.5,1454196900
28,57,3.5,1454206320
278,70,4.0,1454219460
296,284,3.5,1454225460
225,173,4.5,1454226420
196,226,2.0,1454226720
410,260,3.0,1454228160
395,176,4.5,1454228340
151,293,2.5,1454230200
104,182,5.0,1454233680
179,294,5.0,1454234880
484,147,2.5,1454241900
380,245,2.5,1454242380
291,229,4.0,1454244180
491,73,2.5,1454246280
466,150,2.5,1454247240
313,279,3.0,1454247900
181,65,3.0,1454249220
237,294,4.5,1454255100
439,275,1.0,1454266080
418,217,3.5,1454266920
290,255,3.5,1454267880
334,48,1.5,1454270460
308,36,4.5,1454279700
149,245,3.0,1454287920
360,119,0.5,1454290860
251,262,3.5,1454304120
367,146,3.5,1454304300
261,164,4.0,1454308140
371,175,3.0,1454310900
450,210,4.0,1454325480
209,70,3.0,1454340300
54,231,3.0,1454343240
181,300,3.0,1454346840
173,241,3.0,1454347980
269,64,3.5,1454351880
279,104,3.0,1454352780
210,56,4.5,1454354880
36,32,3.0,1454357520
332,203,3.0,1454357760
412,217,4.0,1454358420
476,286,2.5,1454366340
312,94,3.5,1454371860
24,250,4.0,1454375580
103,3,2.0,1454376840
260,195,3.0,1454376900
419,299,5.0,1454387400
275,68,2.5,1454390700
7,137,3.5,1454396400
123,178,2.5,1454396580
62,31,4.0,1454403540
432,63,2.5,1454404860
123,93,2.5,1454415120
184,237,3.5,1454430480
137,180,2.5,1454434440
404,70,3.0,1454436600
72,226,4.0,1454437320
399,289,1.0,1454441460
250,71,3.5,1454442120
60,170,3.0,1454442540
1,114,2.5,1454446080
39,173,4.5,1454459580
319,222,4.0,1454467440
360,184,1.5,1454470920
72,275,1.0,1454471460
267,199,3.0,1454475000
278,134,3.5,1454475660
161,111,2.5,1454480400
229,286,3.5,1454481360
280,294,4.0,1454485320
474,250,3.5,1454489100
35,232,3.0,1454489280
418,251,3.5,1454498100
365,98,3.5,1454499600
95,171,1.0,1454501460
248,155,2.0,1454501760
370,49,3.5,1454504100
256,289,1.0,1454508060
216,192,4.0,1454522160
27,262,3.0,1454528400
24,105,3.5,1454528640
456,105,4.0,1454534760
105,251,4.0,1454535900
276,51,2.5,1454539980
275,162,2.5,1454546580
3,244,3.5,1454555040
374,280,3.0,1454555460
118,5,1.5,1454555880
214,198,3.0,1454556060
373,294,3.0,1454561280
227,210,4.5,1454565660
304,43,4.0,1454567640
92,48,3.0,1454572500
70,182,3.5,1454573820
296,151,3.0,1454578800
435,13,4.0,1454580060
401,244,2.0,1454580120
497,175,4.5,1454581800
260,285,4.0,1454581860
410,58,3.5,1454590140
150,300,4.5,1454596800
291,84,4.0,1454603880
365,274,3.5,1454608740
227,243,5.0,1454613360
214,134,2.0,1454615880
478,267,4.0,1454622900
128,284,4.0,1454630580
134,220,3.0,1454636460
452,70,3.0,1454642700
297,71,5.0,1454645460
366,62,3.0,1454645820
172,251,3.0,1454646240
331,219,3.0,1454646960
396,30,4.0,1454647680
401,247,1.0,1454677380
305,81,3.0,1454678040
7,253,3.5,1454685900
251,157,3.0,1454686980
245,64,3.5,1454698320
268,82,2.5,1454698800
337,80,1.5,1454702160
405,248,2.5,1454703300
429,243,3.5,1454705100
309,253,2.0,1454705460
234,292,3.5,1454710740
385,278,2.5,1454715120
375,250,3.5,1454715360
206,21,3.5,1454716980
411,23,3.5,1454720160
182,37,4.5,1454723520
198,208,2.0,1454723880
252,107,2.5,1454732760
9,188,4.0,1454734440
222,58,3.0,1454740380
67,82,3.5,1454742420
89,65,4.0,1454744940
378,21,3.0,1454758140
183,105,3.5,1454765100
459,112,5.0,1454770380
252,30,3.0,1454771760
347,10,4.0,1454775300
480,281,4.0,1454787420
196,23,3.0,1454788200
293,290,2.0,1454790300
395,76,5.0,1454803860
21,251,3.5,1454805660
206,172,4.5,1454819340
308,19,4.0,1454827980
257,129,4.0,1454831700
119,182,3.5,1454833380
426,189,3.0,1454836140
7,299,3.5,1454840640
400,34,3.5,1454844900
402,182,4.5,1454845620
51,290,3.0,1454847120
370,152,3.5,1454849520
7,105,3.5,1454849580
433,221,3.0,1454853120
128,280,3.0,1454858220
82,208,2.0,1454859060
409,173,4.5,1454864460
145,185,4.0,1454870100
382,222,2.0,1454874600
345,240,2.5,1454874960
488,13,3.5,1454880540
52,137,5.0,1454882160
200,94,3.0,1454888880
481,253,3.0,1454891940
370,256,3.5,1454897160
144,96,4.0,1454898360
485,214,1.5,1454905500
11,40,3.0,1454917080
491,106,2.0,1454919000
489,197,5.0,1454921100
235,129,3.5,1454927160
437,243,3.0,1454933640
119,50,1.5,1454937180
368,145,3.5,1454941200
199,172,4.5,1454945100
365,52,2.5,1454945760
339,262,3.5,1454950560
333,231,4.5,1454950740
132,272,2.0,1454951220
439,73,3.0,1454955000
111,284,4.0,1454956500
95,47,0.5,1454960460
185,250,5.0,1454961360
70,82,3.0,1454966520
8,31,3.5,1454968380
295,290,3.0,1454978820
178,86,4.0,1454983500
311,88,2.0,1454986020
346,107,2.5,1454986140
220,149,3.0,1454989680
282,47,2.5,1454997300
339,157,3.0,1454998860
54,43,4.5,1455006420
344,72,2.0,1455018660
313,169,3.5,1455021720
60,279,3.0,1455023220
50,140,2.5,1455030480
4,253,2.5,1455038040
370,251,3.5,1455051240
481,1,4.0,1455057600
74,162,3.5,1455062100
302,233,2.0,1455063360
217,280,2.5,1455064620
61,126,3.0,1455069300
427,237,3.5,1455071580
76,215,2.0,1455072660
459,300,4.5,1455075240
314,8,2.0,1455076680
281,284,2.5,1455079740
430,289,2.5,1455080460
305,222,1.5,1455087180
154,265,1.0,1455087360
75,187,3.5,1455087720
249,37,2.0,1455088980
398,152,4.0,1455090240
6,197,3.5,1455090720
424,188,4.5,1455090900
195,142,3.5,1455091320
61,106,3.0,1455093540
308,206,4.5,1455093720
61,203,3.0,1455094380
366,296,3.0,1455098400
407,76,4.5,1455101520
480,77,2.0,1455103920
192,56,3.5,1455106140
81,263,4.5,1455109920
132,15,2.5,1455110100
465,30,3.5,1455111780
16,208,3.0,1455114660
18,150,3.5,1455127980
62,182,5.0,1455128160
166,187,2.5,1455128760
92,182,4.0,1455130680
442,175,4.0,1455135900
445,151,2.0,1455136740
191,52,2.5,1455138300
455,240,3.0,1455143880
240,150,2.5,1455172620
461,258,2.5,1455175560
135,172,4.5,1455177360
364,18,2.5,1455179580
345,55,2.5,1455185400
361,294,3.5,1455189780
97,94,3.0,1455194280
226,63,3.5,1455197820
114,1,4.0,1455199140
142,163,2.5,1455203640
146,51,3.5,1455207960
300,287,3.0,1455219000
401,267,2.0,1455220200
373,81,2.5,1455221760
205,42,2.0,1455227940
348,64,3.5,1455229500
59,275,2.5,1455236280
449,101,3.0,1455240600
500,73,3.5,1455242340
253,121,2.5,1455246360
304,159,4.5,1455253080
274,90,4.0,1455257460
72,214,5.0,1455257700
192,261,5.0,1455259920
458,94,4.5,1455272880
110,284,4.5,1455274320
445,240,2.5,1455278100
102,285,3.5,1455281460
276,280,2.0,1455282000
112,275,1.5,1455282960
170,141,2.5,1455283140
101,207,3.0,1455283140
432,255,3.0,1455286860
358,177,2.0,1455292380
99,252,3.0,1455294900
51,273,4.0,1455295500
194,226,4.5,1455302280
17,176,2.5,1455307260
202,63,4.0,1455307500
323,218,3.5,1455316980
253,105,3.0,1455325680
278,197,4.0,1455326040
476,220,3.5,1455334860
446,222,4.0,1455335880
465,5,3.0,1455341220
254,44,2.5,1455343980
278,79,3.5,1455346560
104,150,3.0,1455354480
238,196,3.5,1455356040
261,127,3.0,1455361200
491,159,3.5,1455362280
284,3,2.0,1455364500
480,289,2.5,1455365280
409,151,2.0,1455368880
44,141,3.0,1455374040
298,215,3.5,1455375660
128,138,4.0,1455379020
78,141,2.5,1455387600
365,248,1.0,1455392760
496,31,4.5,1455393180
344,275,0.5,1455398640
342,66,2.0,1455405780
72,13,4.5,1455412440
336,141,4.5,1455413220
447,59,3.5,1455420840
5,222,3.5,1455426420
51,154,3.0,1455428820
78,249,2.0,1455430680
42,55,2.5,1455431040
228,88,2.5,1455434700
77,245,1.0,1455442260
34,182,3.0,1455442860
346,177,2.0,1455446400
477,18,2.5,1455449580
294,42,2.0,1455450360
424,132,5.0,1455459480
34,258,2.5,1455460320
366,289,2.0,1455460980
467,284,4.5,1455470220
319,137,3.5,1455470880
452,173,4.0,1455474720
92,80,3.0,1455475380
59,183,4.0,1455479940
236,60,2.5,1455483360
10,63,2.5,1455487740
206,3,2.0,1455492960
492,121,3.0,1455496440
453,290,3.0,1455498180
391,105,3.5,1455506040
46,141,3.0,1455507840
481,174,4.5,1455511440
237,240,4.0,1455512160
170,165,2.5,1455517140
55,134,3.0,1455532140
143,201,4.5,1455532200
155,197,4.0,1455533880
434,55,3.0,1455534420
168,142,3.5,1455544320
108,231,2.0,1455546840
103,279,3.5,1455556740
425,14,4.0,1455559080
18,30,4.5,1455572580
81,265,3.0,1455573300
58,233,4.0,1455573840
146,248,2.5,1455582840
254,64,3.5,1455586380
221,188,3.0,1455598980
148,2,2.0,1455609600
153,275,1.0,1455613200
147,103,4.0,1455617280
5,173,3.5,1455621240
321,229,3.5,1455622980
49,13,5.0,1455628980
334,200,1.0,1455631500
11,88,2.0,1455637380
302,107,3.0,1455643080
376,94,3.5,1455645660
32,291,3.0,1455645900
478,233,4.0,1455646500
241,160,2.5,1455651060
242,187,2.5,1455658800
389,18,3.0,1455662340
203,10,4.0,1455667800
22,226,4.5,1455675480
151,172,5.0,1455678480
385,239,2.0,1455682500
90,93,3.0,1455688140
268,88,3.0,1455689220
229,21,3.5,1455690120
151,18,3.5,1455690180
20,153,2.5,1455696060
211,217,3.5,1455697140
345,185,2.5,1455699540
436,13,4.0,1455705660
250,172,3.5,1455708480
416,55,3.5,1455716100
346,269,3.5,1455717240
300,229,2.5,1455722520
233,136,3.5,1455724380
176,36,3.5,1455725940
493,103,1.5,1455726720
465,198,2.5,1455731340
383,281,5.0,1455735300
281,240,1.5,1455739440
268,106,2.0,1455748380
343,140,4.0,1455750720
241,203,2.5,1455751860
392,279,1.5,1455754020
234,250,3.5,1455755460
233,193,4.0,1455762360
460,208,2.0,1455762420
177,195,4.0,1455764160
282,106,3.0,1455772620
271,31,4.0,1455773160
262,5,4.0,1455780060
241,13,2.5,1455786360
325,37,3.0,1455789000
150,294,3.5,1455792960
89,208,4.0,1455794100
489,154,2.5,1455797520
359,10,4.0,1455797700
11,219,4.0,1455805020
105,156,2.0,1455808140
370,299,3.5,1455814020
278,43,3.5,1455814680
463,63,3.5,1455824040
80,77,2.5,1455826380
371,217,3.0,1455830040
277,150,2.0,1455833460
477,91,1.5,1455844860
207,197,5.0,1455853080
169,18,3.0,1455854520
62,195,3.0,1455856500
328,243,5.0,1455860220
249,123,4.0,1455868260
331,156,3.0,1455871200
266,107,3.0,1455882960
200,294,2.5,1455892080
446,65,4.5,1455892200
177,207,2.5,1455894960
321,105,3.0,1455906420
199,237,4.5,1455907020
381,51,5.0,1455907740
170,164,3.0,1455909840
14,5,2.0,1455914640
314,256,2.5,1455919320
39,73,2.0,1455921840
255,21,3.5,1455929580
272,134,3.0,1455930720
57,85,4.0,1455931020
398,300,3.0,1455931200
117,159,4.5,1455933840
232,14,4.5,1455934500
29,294,3.0,1455940680
302,215,2.0,1455944760
341,59,4.0,1455953940
388,183,2.5,1455971040
401,172,3.0,1455977220
352,154,3.5,1455979560
443,94,3.5,1455982680
381,60,4.0,1455983100
146,94,3.5,1455983400
83,88,2.0,1455984420
86,29,3.5,1455984540
355,210,4.5,1455987660
377,176,3.5,1455991860
116,173,4.5,1455993180
195,59,3.5,1456003320
41,182,4.5,1456009200
77,256,2.5,1456014180
434,105,3.5,1456022760
206,104,4.0,1456024740
365,265,1.5,1456027320
374,70,4.0,1456031160
392,171,1.0,1456039740
390,200,1.5,1456049400
240,28,4.5,1456051860
404,290,3.0,1456055340
196,137,2.5,1456056060
383,166,4.5,1456057380
470,258,2.5,1456058880
482,269,3.5,1456063680
459,207,2.0,1456065540
387,73,3.5,1456067460
207,203,5.0,1456080720
38,183,4.0,1456083180
216,215,3.0,1456085040
493,81,3.0,1456087080
218,253,2.5,1456094880
282,66,2.5,1456099440
361,198,4.0,1456102140
266,27,3.5,1456102860
29,251,2.5,1456112760
277,245,2.0,1456113900
47,120,3.5,1456114320
219,104,3.0,1456119300
221,273,1.5,1456123020
106,52,2.5,1456128960
236,231,3.5,1456131360
193,66,2.5,1456134660
224,235,5.0,1456135980
463,27,2.5,1456138560
393,226,3.5,1456143720
183,217,5.0,1456146720
137,60,1.0,1456148520
271,101,3.0,1456149660
432,134,2.5,1456149840
324,101,4.0,1456150320
157,137,5.0,1456152720
73,183,4.0,1456156140
258,123,4.0,1456157580
318,240,3.0,1456158360
95,251,2.5,1456161060
84,210,3.0,1456162560
223,151,1.5,1456168620
368,105,5.0,1456170780
400,124,2.5,1456173780
25,243,3.5,1456177200
330,279,3.5,1456178580
452,251,4.5,1456181940
392,28,3.0,1456182180
163,235,3.5,1456182360
70,128,3.5,1456194060
24,53,2.5,1456195020
83,123,3.0,1456205580
475,154,3.0,1456206480
498,210,3.5,1456209780
401,187,2.5,1456211640
191,156,1.5,1456216200
452,205,4.0,1456222260
112,256,3.5,1456245660
379,255,2.5,1456248420
204,289,2.5,1456260180
307,103,3.0,1456264500
385,267,4.0,1456265940
258,237,3.0,1456267620
39,3,1.5,1456277760
448,147,3.0,1456278240
461,36,3.5,1456279200
414,185,4.5,1456279980
44,10,4.0,1456286040
343,36,4.0,1456291740
128,103,2.5,1456295100
341,134,3.5,1456295580
18,145,4.0,1456299480
306,14,3.5,1456306440
119,299,3.0,1456308600
148,59,2.0,1456312440
356,124,5.0,1456314840
2,109,4.0,1456321020
338,166,4.5,1456321620
452,30,3.5,1456324380
336,119,4.0,1456327320
136,139,2.5,1456333500
375,296,2.0,1456337760
457,73,4.5,1456338540
222,207,1.5,1456357860
421,128,3.5,1456358400
351,59,3.0,1456364760
250,256,2.5,1456367340
137,59,3.5,1456373760
90,35,3.0,1456381260
86,98,3.5,1456383120
382,173,4.0,1456384440
67,16,4.0,1456387620
144,134,4.0,1456392360
253,137,4.0,1456413180
47,294,3.5,1456414920
90,51,3.5,1456431660
383,208,3.5,1456434120
35,157,2.5,1456438020
336,65,4.0,1456440360
363,176,3.5,1456441860
496,78,3.0,1456444920
103,206,3.0,1456449780
156,123,5.0,1456468800
474,26,2.0,1456471380
298,101,2.5,1456477800
183,40,3.5,1456478700
343,226,4.0,1456483980
236,176,3.0,1456487160
32,79,3.0,1456494480
152,264,4.5,1456494540
141,152,3.5,1456497480
336,8,3.5,1456500840
22,106,4.0,1456503180
289,35,3.0,1456503300
369,245,4.0,1456503420
132,156,3.0,1456509300
437,275,2.0,1456510320
310,156,3.0,1456514220
333,30,3.0,1456520340
162,233,3.5,1456523580
79,154,3.5,1456525500
11,76,4.5,1456544460
376,45,2.0,1456547280
496,251,3.5,1456551480
210,197,4.5,1456553700
239,96,4.0,1456556880
486,105,4.0,1456565580
499,161,2.5,1456582020
246,240,3.5,1456584180
266,283,3.5,1456588200
478,240,4.5,1456590240
307,96,4.0,1456592160
274,222,3.0,1456593180
481,81,3.5,1456593360
448,38,3.0,1456597440
341,157,4.0,1456600980
238,47,2.5,1456605840
140,53,3.5,1456606200
383,127,3.5,1456608600
132,40,5.0,1456610040
487,194,1.5,1456627560
83,170,3.0,1456627740
119,18,2.5,1456635240
451,78,2.0,1456641960
402,166,4.5,1456651920
164,24,3.5,1456653240
283,123,4.0,1456661400
497,172,4.5,1456662900
317,289,2.5,1456666680
192,94,5.0,1456674360
209,26,3.5,1456676760
409,229,3.5,1456681020
180,180,3.0,1456681800
281,231,3.0,1456682100
287,85,4.5,1456684680
411,171,1.5,1456690140
431,299,2.0,1456695660
468,154,3.0,1456699440
391,152,4.0,1456700820
228,105,3.5,1456703520
135,55,2.5,1456707720
466,172,5.0,1456709340
81,212,3.5,1456713420
94,182,3.5,1456715400
397,250,2.5,1456715640
359,175,4.0,1456718640
382,217,3.5,1456720320
256,198,1.5,1456725420
44,255,2.5,1456734360
262,279,4.0,1456735200
468,194,3.5,1456736160
201,299,4.0,1456737060
17,299,3.0,1456738500
146,208,2.5,1456744740
311,213,4.0,1456752240
395,255,4.0,1456771440
47,176,3.5,1456781220
137,187,3.0,1456784040
388,3,2.0,1456785180
321,238,3.0,1456785540
152,198,3.0,1456788900
70,176,3.0,1456795080
106,210,4.0,1456797300
274,48,2.5,1456812240
412,168,4.0,1456818960
174,30,4.0,1456819440
473,51,3.5,1456830120
145,42,2.0,1456836120
12,37,3.0,1456845780
165,164,3.5,1456846980
206,235,4.5,1456848780
250,253,2.0,1456848900
117,111,2.0,1456850460
61,94,3.0,1456864140
199,271,3.5,1456868280
331,65,4.5,1456869000
14,182,4.0,1456871220
134,144,5.0,1456879200
413,175,3.5,1456881840
261,34,2.0,1456888200
54,208,2.5,1456889040
108,2,1.5,1456890720
336,53,4.5,1456892400
273,56,4.0,1456896000
196,76,3.5,1456901460
343,66,2.5,1456908480
115,206,3.0,1456925580
109,280,2.5,1456926060
22,240,3.0,1456928100
291,202,4.0,1456929780
480,134,3.5,1456932780
493,35,1.5,1456937520
436,284,3.5,1456938840
335,157,3.5,1456948080
123,47,2.5,1456951980
113,245,3.0,1456957920
306,251,3.0,1456961160
285,215,2.0,1456972320
488,120,3.0,1456972500
54,197,4.0,1456979460
352,197,5.0,1456980180
180,273,3.5,1456998120
296,24,3.5,1456999860
395,244,3.0,1457003640
220,71,5.0,1457009640
33,235,4.0,1457011980
341,119,3.5,1457012580
448,70,3.0,1457015340
136,226,3.5,1457019840
490,195,3.0,1457021760
189,66,2.5,1457021940
68,134,3.0,1457022360
24,165,2.0,1457027280
156,129,5.0,1457028660
65,269,4.0,1457029800
204,241,4.5,1457033160
70,237,3.5,1457038620
167,82,4.5,1457041500
327,136,3.0,1457042580
306,72,2.0,1457048940
206,92,3.5,1457058780
481,137,4.0,1457064360
161,178,4.5,1457068620
229,229,3.5,1457081400
58,236,3.0,1457089500
64,51,4.5,1457096520
324,96,5.0,1457097420
430,266,4.0,1457104620
450,105,4.0,1457109960
190,85,4.0,1457110500
483,156,3.5,1457113560
97,86,3.5,1457113920
490,233,3.0,1457115960
82,253,2.5,1457117520
409,243,4.0,1457128080
101,121,3.0,1457132220
293,210,2.5,1457137140
491,18,3.5,1457138880
416,255,4.0,1457140680
132,92,3.5,1457144940
86,265,3.0,1457145900
28,223,4.0,1457147340
495,141,5.0,1457151420
150,127,4.0,1457154780
241,197,4.5,1457161140
288,173,4.5,1457171280
40,141,3.5,1457174220
367,270,4.0,1457175000
277,141,3.5,1457177460
145,184,3.5,1457205420
340,103,3.5,1457213340
260,173,3.5,1457216460
270,275,2.5,1457217060
42,231,3.0,1457217120
24,154,2.0,1457219520
228,15,3.5,1457224260
151,173,4.5,1457225280
190,240,3.5,1457232420
400,170,2.0,1457237460
308,256,3.5,1457237760
484,275,1.5,1457241120
82,45,2.0,1457243220
350,256,2.5,1457245680
356,165,4.0,1457249040
460,289,3.0,1457273100
166,194,2.0,1457277540
122,183,2.5,1457280420
495,207,4.0,1457280480
219,173,4.0,1457282640
63,168,3.5,1457292300
445,68,2.0,1457296500
50,82,3.0,1457305320
333,105,3.0,1457309700
181,288,2.0,1457310900
442,91,2.5,1457317380
476,64,3.0,1457318400
23,45,2.5,1457321580
353,219,3.0,1457322900
217,205,2.5,1457332440
239,165,2.0,1457334840
487,180,2.0,1457340660
420,205,2.5,1457342700
40,32,5.0,1457348220
280,58,4.5,1457352060
216,94,4.0,1457356560
258,278,3.5,1457362380
14,55,2.0,1457363340
364,72,2.5,1457363340
442,56,5.0,1457365020
263,137,5.0,1457378880
192,152,4.5,1457381040
125,132,5.0,1457382900
116,43,4.0,1457385000
443,171,0.5,1457387160
297,140,2.5,1457389560
66,94,4.5,1457395800
33,269,4.0,1457396520
406,136,2.5,1457398980
289,184,3.5,1457399580
263,162,2.5,1457400660
321,251,3.0,1457400720
30,107,4.5,1457403780
178,233,3.0,1457405160
51,178,2.5,1457405640
357,176,1.5,1457408700
276,94,4.0,1457416800
447,28,4.5,1457418300
97,217,4.0,1457428920
345,238,3.0,1457429640
340,157,4.0,1457432700
430,229,3.5,1457440320
423,294,2.0,1457442120
448,40,3.0,1457443500
216,65,3.0,1457451480
393,64,3.5,1457451960
381,239,2.5,1457454780
267,172,3.5,1457457840
354,3,2.0,1457467200
341,40,3.5,1457469600
151,245,5.0,1457475720
420,154,3.5,1457476560
332,63,4.0,1457484420
5,58,4.0,1457484480
478,172,4.5,1457484960
14,31,2.5,1457488500
400,132,4.0,1457490300
432,222,2.5,1457494560
260,65,3.5,1457496660
424,6,4.5,1457496960
102,37,3.5,1457498940
320,136,3.5,1457501940
194,40,3.5,1457506500
97,72,2.0,1457511780
107,226,2.5,1457517960
418,160,1.5,1457521560
5,101,2.5,1457525940
194,222,4.0,1457531520
379,159,3.5,1457531580
60,182,4.5,1457532000
427,68,2.5,1457533920
205,165,2.5,1457536560
129,94,3.0,1457550000
282,175,2.0,1457551320
354,246,2.5,1457556900
58,217,4.5,1457561640
252,203,2.0,1457564400
389,244,3.0,1457565600
93,4,4.0,1457566380
437,227,4.0,1457573700
470,256,3.0,1457574900
439,294,3.5,1457578980
48,282,4.0,1457580060
469,92,3.0,1457589900
310,65,3.0,1457597280
214,57,2.0,1457599920
154,43,3.0,1457603520
77,152,3.5,1457605560
7,288,2.0,1457607900
306,140,3.0,1457608680
428,250,3.0,1457617920
371,121,2.0,1457620620
339,81,3.0,1457622540
282,35,2.5,1457627340
120,101,2.0,1457639040
483,108,4.0,1457641620
469,13,3.5,1457641740
200,240,3.5,1457643540
4,250,3.0,1457645820
308,240,3.0,1457650440
115,246,3.0,1457655360
300,121,2.5,1457655840
336,6,4.5,1457657880
377,121,5.0,1457658180
287,73,4.5,1457658360
496,176,3.0,1457659020
80,20,2.5,1457661840
265,132,5.0,1457664300
109,137,3.0,1457675880
451,217,4.0,1457683200
256,184,2.5,1457696760
213,157,3.5,1457697000
72,291,1.5,1457700180
62,48,3.0,1457705880
44,259,2.0,1457713560
228,262,2.5,1457713860
181,297,2.0,1457721360
302,176,2.0,1457722860
100,73,3.5,1457730900
377,115,3.0,1457733120
325,134,3.5,1457739000
26,132,4.5,1457739120
397,198,3.0,1457742660
355,257,4.0,1457749080
297,244,4.0,1457750280
17,150,3.0,1457751900
53,212,5.0,1457755320
355,200,3.0,1457757720
159,262,4.5,1457762220
460,183,4.0,1457765280
67,81,3.0,1457767620
276,194,2.0,1457775180
265,41,4.5,1457777400
230,162,2.5,1457779500
1,123,3.5,1457785260
342,126,2.5,1457788620
491,139,2.0,1457792220
286,1,3.5,1457797620
388,143,3.0,1457803980
228,174,3.0,1457805720
194,253,2.0,1457811480
138,31,4.0,1457820960
36,35,1.5,1457825280
148,244,2.5,1457831520
39,30,2.5,1457840580
223,60,2.0,1457841480
113,3,2.0,1457841900
148,169,4.5,1457847420
189,150,1.0,1457848140
29,137,2.5,1457849700
433,14,3.0,1457852040
335,206,4.5,1457858640
197,280,2.5,1457860380
7,244,3.0,1457860620
309,207,2.0,1457861880
293,93,2.0,1457862720
338,257,3.0,1457868360
223,6,3.0,1457868540
157,250,4.0,1457868840
294,31,4.0,1457874840
212,174,3.0,1457876040
88,187,3.5,1457879520
334,156,1.0,1457881620
494,172,4.5,1457882880
316,207,2.0,1457886420
174,206,5.0,1457888400
39,128,3.0,1457892060
158,235,4.0,1457897220
275,64,3.0,1457897460
287,24,4.0,1457900820
236,200,2.5,1457902320
314,216,3.0,1457908620
398,137,3.0,1457909160
206,13,4.5,1457915100
367,137,5.0,1457926140
38,172,5.0,1457928120
487,101,3.0,1457931360
37,242,3.0,1457935740
495,174,5.0,1457936700
391,223,5.0,1457946600
447,174,4.0,1457949300
67,60,2.5,1457958360
209,243,4.0,1457973420
420,94,3.0,1457977080
142,60,2.0,1457977740
145,84,4.0,1457980860
10,48,2.0,1457982240
476,230,4.5,1457990520
139,133,2.0,1457994780
44,60,2.5,1457994900
456,192,3.5,1457995380
286,84,4.0,1457997360
103,242,3.0,1458000900
497,150,3.5,1458008460
308,263,4.0,1458012840
459,110,2.0,1458017940
64,279,3.0,1458025080
146,214,3.5,1458030300
370,178,3.0,1458031080
182,160,3.0,1458033180
452,172,4.5,1458037020
241,294,1.5,1458038580
208,67,3.5,1458039960
243,129,2.0,1458041640
283,296,4.0,1458044880
239,150,2.0,1458049680
50,279,2.0,1458054660
226,281,5.0,1458058140
433,137,4.0,1458058500
322,278,3.0,1458064380
259,227,2.5,1458065940
288,58,3.5,1458067260
116,280,1.5,1458069660
14,272,2.0,1458070920
103,230,4.5,1458071100
437,137,4.5,1458076440
302,18,2.0,1458081480
106,171,2.0,1458081900
480,146,3.0,1458084720
358,171,2.0,1458089520
435,94,3.0,1458102900
256,201,1.5,1458105000
356,215,4.0,1458105780
456,272,2.0,1458121740
482,3,1.5,1458126660
170,203,2.0,1458129960
380,182,2.5,1458134400
201,43,4.0,1458142800
153,174,2.0,1458143280
208,206,4.0,1458145680
327,217,3.0,1458152700
47,81,2.0,1458158520
260,18,2.5,1458161280
425,89,4.5,1458163020
371,205,1.5,1458171000
32,148,4.0,1458173100
166,294,4.0,1458176760
229,207,2.0,1458179160
396,96,2.0,1458182460
376,73,1.5,1458183360
325,147,2.0,1458184680
257,255,4.0,1458193800
363,153,3.5,1458198240
369,88,4.0,1458199080
15,34,3.0,1458207420
112,273,3.5,1458207600
32,221,3.0,1458207960
112,222,3.0,1458217860
338,77,2.5,1458218100
293,220,3.0,1458220500
157,157,3.5,1458221820
343,289,1.5,1458226140
179,275,3.0,1458227520
13,251,3.0,1458230100
267,48,2.5,1458230580
98,94,3.0,1458239520
397,134,2.5,1458240780
113,82,3.0,1458248820
384,187,3.5,1458259860
186,290,2.0,1458260340
112,173,4.0,1458261480
270,182,5.0,1458272460
206,65,4.5,1458287580
459,48,3.5,1458289980
385,70,3.0,1458290160
61,279,2.5,1458290160
341,175,4.0,1458290520
86,237,3.5,1458290820
39,152,3.5,1458293580
97,250,3.0,1458299340
346,30,2.5,1458299880
423,93,4.0,1458300780
338,134,4.5,1458308400
405,65,3.0,1458310680
142,245,2.5,1458325560
111,48,2.0,1458333960
203,177,2.5,1458339900
464,279,2.5,1458344760
265,295,4.0,1458348420
464,245,3.5,1458350340
404,272,3.0,1458361200
254,243,3.5,1458369000
356,149,4.0,1458370320
328,137,4.0,1458377760
351,231,4.0,1458389280
358,64,3.0,1458401400
443,65,3.0,1458409980
494,132,4.0,1458429780
390,206,3.5,1458432180
79,2,2.0,1458434460
203,63,2.5,1458436680
260,70,4.0,1458437220
386,294,4.0,1458437580
310,284,4.0,1458442440
399,66,2.5,1458450780
490,154,2.5,1458454680
219,99,3.0,1458462720
69,193,4.5,1458465840
62,282,5.0,1458471720
441,250,3.5,1458472500
163,263,4.0,1458475800
487,159,2.5,1458476040
432,62,2.5,1458480660
303,221,3.5,1458484140
346,174,2.0,1458486180
41,203,3.0,1458488520
187,260,4.5,1458491220
154,169,2.0,1458501300
436,5,1.5,1458503100
239,279,3.0,1458513540
450,240,4.0,1458519120
474,14,2.5,1458519360
254,177,2.0,1458520920
496,37,2.5,1458525600
341,100,4.0,1458526080
462,206,4.0,1458529320
219,77,1.5,1458537480
77,92,3.5,1458542100
322,221,3.5,1458543060
357,124,2.5,1458550380
425,262,4.0,1458551580
162,182,5.0,1458558180
268,262,2.5,1458561360
76,150,1.5,1458564180
374,40,3.5,1458573420
307,194,3.5,1458574380
125,208,3.5,1458580560
147,43,3.5,1458585780
68,63,2.0,1458596700
423,267,3.5,1458598740
362,233,3.0,1458599700
52,43,3.5,1458605520
254,72,1.5,1458614640
455,160,3.0,1458623280
237,251,4.5,1458624300
328,174,3.5,1458626520
246,30,3.0,1458628920
313,94,3.5,1458630240
477,35,2.0,1458638100
21,173,4.5,1458645780
87,137,4.0,1458646380
431,269,4.0,1458653100
285,216,3.0,1458656520
388,252,3.0,1458662340
347,51,4.0,1458665100
397,60,2.5,1458666060
193,178,3.0,1458666180
341,63,4.0,1458667080
202,64,4.0,1458672060
217,169,4.0,1458677400
274,47,2.0,1458687000
428,99,1.5,1458691800
373,5,2.5,1458693360
384,254,3.5,1458705060
436,201,2.0,1458706440
218,215,2.5,1458708300
366,206,3.5,1458709140
343,230,4.5,1458709800
463,245,3.0,1458713460
19,280,3.0,1458721680
256,123,3.0,1458727800
80,233,3.5,1458729540
36,269,3.0,1458733080
32,169,3.5,1458734220
202,55,3.0,1458734400
394,174,2.5,1458735180
294,146,3.0,1458737040
308,279,3.0,1458747960
189,70,2.5,1458748200
331,216,5.0,1458752880
165,119,3.5,1458755520
487,265,1.0,1458762600
11,123,4.5,1458785760
294,38,3.5,1458792300
319,152,4.0,1458798180
489,67,4.5,1458802320
228,38,3.0,1458814740
87,230,5.0,1458819240
448,32,3.5,1458838560
379,147,4.0,1458838740
249,78,2.0,1458840840
358,28,4.5,1458844980
411,83,2.5,1458849780
386,172,5.0,1458854280
38,81,2.0,1458858540
385,203,3.0,1458871680
263,250,4.0,1458875520
86,73,2.5,1458886680
283,105,3.5,1458893940
25,184,3.0,1458895080
425,258,3.5,1458895920
424,217,5.0,1458909120
426,173,4.5,1458910620
323,101,1.5,1458911100
399,285,3.0,1458923280
498,168,2.5,1458923820
499,275,1.5,1458926100
227,56,3.5,1458931920
118,177,3.5,1458934380
7,201,3.0,1458938100
9,207,2.5,1458948300
57,187,4.0,1458950220
487,21,2.5,1458954180
193,233,1.5,1458960480
119,219,3.5,1458963600
472,197,3.5,1458968820
14,65,3.0,1458973740
34,215,3.5,1458974700
198,175,4.0,1458977400
280,154,2.0,1458978180
185,174,4.0,1458988560
152,216,5.0,1458996360
493,19,1.5,1458998220
279,77,2.5,1458998400
181,19,2.5,1459000500
152,149,3.0,1459025700
171,148,2.5,1459028640
167,134,4.0,1459033140
47,207,1.5,1459050840
104,252,5.0,1459054320
186,243,3.5,1459054500
164,40,3.5,1459056420
450,215,3.5,1459057500
227,215,3.5,1459058640
482,219,4.0,1459065420
75,176,2.5,1459069500
32,250,4.0,1459070760
126,262,3.5,1459071420
406,194,1.5,1459072680
415,84,3.5,1459075920
126,192,5.0,1459080120
138,276,2.0,1459088760
33,34,4.0,1459091280
102,188,3.0,1459093500
322,269,3.0,1459093560
284,241,3.0,1459102500
343,159,3.5,1459108140
470,47,2.5,1459108740
351,5,2.5,1459110360
9,78,3.0,1459111920
71,279,3.0,1459116420
237,1,4.5,1459121280
207,79,5.0,1459122420
189,222,4.0,1459124760
229,168,3.0,1459136220
430,103,2.5,1459139340
227,157,4.0,1459141140
149,81,3.0,1459150080
367,294,4.5,1459150920
30,14,5.0,1459157220
71,147,4.5,1459163700
20,107,3.0,1459163820
90,36,5.0,1459163880
70,241,3.0,1459167240
53,269,4.5,1459168560
188,45,2.0,1459175640
490,173,4.0,1459177200
324,162,4.5,1459184520
58,55,3.5,1459192620
51,174,3.5,1459193220
105,94,4.5,1459195800
73,5,3.5,1459204860
169,176,3.5,1459209060
217,171,2.5,1459209420
468,290,3.5,1459211880
14,175,3.0,1459212660
88,255,3.5,1459213140
154,29,2.0,1459218240
100,279,3.0,1459218420
490,171,2.5,1459223040
368,70,4.5,1459228020
488,37,3.0,1459228080
52,64,4.5,1459234680
91,123,3.5,1459244280
134,63,3.5,1459251720
363,138,4.0,1459252080
100,48,1.5,1459261020
492,264,4.5,1459263720
237,156,2.5,1459273020
288,128,3.0,1459285620
143,187,4.0,1459287480
123,31,3.0,1459298220
179,243,5.0,1459307220
241,132,4.5,1459313040
258,46,3.5,1459314240
474,103,1.5,1459317420
75,233,2.5,1459324680
197,3,2.5,1459326420
187,256,3.5,1459331580
285,231,2.5,1459344720
195,173,3.5,1459348560
399,294,2.5,1459355040
284,95,2.5,1459358640
382,169,3.5,1459361760
21,262,2.5,1459363260
195,222,3.0,1459369320
335,252,3.5,1459374360
59,18,4.0,1459376640
51,60,2.5,1459377780
421,55,3.5,1459377900
86,63,3.0,1459382640
400,56,4.0,1459389060
69,183,3.5,1459409700
115,220,3.5,1459410120
112,51,4.0,1459418880
83,272,1.5,1459420800
289,268,4.0,1459424160
325,240,3.5,1459424880
341,284,3.5,1459436760
69,79,4.0,1459443900
208,51,3.0,1459447800
57,35,3.5,1459447860
134,128,4.5,1459455720
181,165,2.5,1459456500
212,244,1.5,1459458180
171,28,3.5,1459467240
487,93,2.5,1459469040
35,142,3.0,1459472820
129,186,4.0,1459473060
373,173,4.0,1459485180
87,138,4.5,1459492680
244,5,0.5,1459502100
274,126,2.5,1459504140
345,213,3.0,1459510560
443,218,4.0,1459517100
264,280,2.5,1459518900
464,256,3.0,1459519200
48,242,3.0,1459521780
177,194,3.0,1459525380
458,89,3.5,1459525500
375,175,2.5,1459525500
364,140,3.0,1459529160
333,290,3.0,1459529880
9,154,3.0,1459530480
166,23,3.0,1459530720
352,73,4.5,1459530840
54,45,2.5,1459539180
407,63,2.0,1459542360
265,250,4.0,1459545420
294,175,3.5,1459552320
47,134,3.0,1459552680
166,173,4.0,1459552860
70,281,3.5,1459554120
212,73,2.0,1459556280
68,141,3.0,1459560540
404,210,4.0,1459562700
448,244,3.0,1459563300
75,189,2.5,1459566240
453,134,4.5,1459570440
111,28,4.5,1459573380
158,89,4.0,1459579980
230,240,4.0,1459584840
138,14,3.5,1459589040
479,224,1.0,1459602240
224,217,4.5,1459604580
266,172,4.5,1459608720
107,203,1.5,1459609740
481,17,3.5,1459611960
229,6,3.0,1459612140
403,101,3.0,1459616460
172,210,3.5,1459621380
97,203,3.0,1459629300
118,101,2.0,1459629420
231,235,3.0,1459629900
479,215,1.5,1459632240
357,262,1.5,1459636200
22,137,3.5,1459639320
350,62,2.0,1459644600
83,41,2.5,1459651320
262,174,4.5,1459659900
87,156,4.0,1459662600
201,201,2.5,1459663500
194,192,4.5,1459665240
92,105,3.5,1459666080
490,157,3.5,1459667340
336,98,5.0,1459672440
81,28,3.5,1459679100
65,42,4.0,1459680060
257,14,5.0,1459693800
127,52,2.5,1459704480
252,294,3.5,1459721760
121,43,4.0,1459722840
425,184,3.5,1459724940
85,137,3.5,1459728600
65,238,3.0,1459730700
251,208,2.5,1459732860
48,164,5.0,1459734960
326,43,3.0,1459735740
188,94,3.0,1459736820
232,88,2.5,1459736880
273,66,3.0,1459737060
356,132,5.0,1459762680
240,27,3.5,1459771080
426,137,4.0,1459772700
148,96,3.5,1459773720
424,141,4.5,1459774500
340,73,3.0,1459781640
168,237,4.0,1459784640
271,1,2.5,1459786560
383,101,4.0,1459789260
364,35,2.5,1459790940
125,127,4.5,1459796460
283,193,3.5,1459798560
45,258,2.5,1459816680
353,139,1.5,1459817460
41,187,3.0,1459820460
320,72,3.0,1459827660
37,269,4.0,1459832940
326,156,2.0,1459833300
185,98,5.0,1459834020
197,289,2.0,1459834860
410,106,4.5,1459836840
205,175,3.0,1459840980
55,165,2.5,1459843380
434,37,3.0,1459847040
309,222,2.5,1459851300
72,206,4.0,1459851660
332,275,0.5,1459853340
270,129,4.0,1459858620
83,51,2.0,1459864620
186,190,4.0,1459866720
116,131,2.0,1459867740
143,1,3.0,1459872120
430,30,2.5,1459879440
392,183,3.0,1459881900
480,202,4.5,1459882020
141,250,1.5,1459883700
361,39,4.5,1459890300
485,53,3.0,1459898040
400,105,4.0,1459901040
307,34,3.5,1459906020
467,137,3.5,1459908000
122,289,2.0,1459910700
481,245,3.5,1459915500
389,20,2.5,1459916640
27,299,3.0,1459918020
242,65,3.0,1459922340
495,231,4.5,1459924680
145,172,5.0,1459928940
466,52,4.0,1459939740
300,250,4.0,1459943220
480,265,4.0,1459945740
339,106,4.0,1459951200
63,289,2.0,1459959420
281,252,3.0,1459968180
266,282,3.5,1459968660
385,63,4.0,1459973340
164,252,3.5,1459978320
455,140,4.5,1459981200
472,70,4.0,1459985520
42,34,3.0,1459985880
111,249,3.5,1459987920
262,56,4.5,1459992840
54,230,3.5,1459997220
100,240,3.0,1460000640
87,215,2.5,1460002680
425,221,3.0,1460005980
107,59,3.0,1460006460
23,79,2.5,1460012820
266,279,3.5,1460015280
53,48,3.5,1460017860
246,236,3.0,1460024520
455,108,3.5,1460024760
455,243,4.5,1460024880
251,241,4.0,1460030700
90,159,4.0,1460031780
404,79,4.5,1460033880
276,294,3.0,1460044980
116,83,2.5,1460046300
3,258,3.0,1460050920
189,203,2.0,1460051520
185,66,3.5,1460053080
365,149,2.0,1460053680
481,203,3.5,1460055300
46,148,4.0,1460068980
51,262,3.5,1460088720
100,109,3.0,1460094540
383,205,3.5,1460095320
146,134,3.0,1460097720
320,215,4.5,1460099340
384,163,2.5,1460100000
137,172,4.5,1460103300
21,86,3.5,1460107080
167,123,5.0,1460113140
425,82,4.0,1460128380
390,105,2.5,1460129940
299,164,4.0,1460138280
395,221,4.5,1460145960
121,290,3.5,1460153460
47,290,2.0,1460156040
112,38,4.5,1460160600
441,188,3.0,1460161920
491,88,2.0,1460178240
284,21,3.0,1460182980
112,203,3.5,1460184180
239,107,3.5,1460187120
209,284,4.0,1460187780
202,41,4.0,1460192580
283,64,4.5,1460193600
215,239,3.5,1460208120
451,40,2.5,1460209320
75,226,3.0,1460219580
245,203,3.5,1460227560
92,209,3.0,1460227680
167,139,4.5,1460229300
214,122,2.5,1460231220
184,82,2.5,1460232480
258,229,4.0,1460233020
71,20,3.5,1460236140
440,51,2.5,1460243820
132,121,2.5,1460247120
498,137,3.5,1460249340
50,99,3.5,1460249580
387,193,5.0,1460251860
267,175,3.0,1460254200
60,21,4.0,1460254380
43,55,3.0,1460254860
484,105,4.5,1460260740
400,235,4.5,1460263200
57,60,4.0,1460273280
374,60,3.0,1460275020
86,231,3.0,1460275740
229,137,4.0,1460276880
280,63,3.0,1460278740
53,154,2.5,1460286300
299,64,3.0,1460287620
358,152,3.0,1460291760
440,262,3.0,1460294580
312,34,2.5,1460298060
381,26,4.5,1460298960
429,200,2.0,1460305440
443,253,2.0,1460309820
348,176,2.5,1460326200
151,256,4.0,1460326440
345,243,3.5,1460330160
281,207,1.5,1460331120
486,48,2.0,1460335740
87,93,4.0,1460338140
393,290,3.0,1460339580
120,100,3.0,1460348280
146,65,4.0,1460365080
127,134,3.5,1460375280
426,132,4.0,1460375940
481,173,4.0,1460378520
434,157,3.5,1460385540
397,150,2.5,1460396040
290,231,3.0,1460396520
323,86,2.5,1460398500
8,275,0.5,1460402400
255,175,3.5,1460404260
78,189,2.0,1460405640
398,134,3.5,1460411460
220,134,5.0,1460417040
59,256,4.0,1460421840
422,51,3.5,1460428920
113,254,3.5,1460433300
408,194,3.5,1460433360
334,241,3.5,1460434020
156,84,5.0,1460436660
462,73,3.5,1460437860
167,254,3.5,1460443560
223,296,4.0,1460445840
142,154,1.5,1460456760
45,150,1.5,1460457240
33,142,4.0,1460460240
388,42,2.0,1460467800
4,82,4.0,1460468640
496,60,3.0,1460469600
272,296,3.0,1460470140
145,44,3.0,1460472540
140,203,2.5,1460475120
289,177,2.5,1460482680
256,222,2.5,1460483880
104,56,5.0,1460484420
24,299,3.0,1460484720
458,138,4.5,1460485680
324,52,5.0,1460493480
228,281,3.5,1460494080
362,150,2.5,1460495220
155,29,4.5,1460500560
303,84,4.0,1460503620
75,92,2.5,1460509440
310,101,2.5,1460511120
187,245,4.5,1460514120
403,133,2.5,1460519820
433,285,4.5,1460522940
112,37,3.0,1460528100
4,187,3.0,1460530980
134,180,2.5,1460545980
316,50,3.5,1460549400
216,58,3.5,1460550840
304,28,4.5,1460553600
233,176,3.5,1460557620
465,126,4.0,1460566380
274,80,0.5,1460569740
45,252,3.0,1460572980
229,197,3.5,1460581440
499,218,3.5,1460590920
317,231,3.5,1460594400
404,149,3.0,1460594940
404,255,4.5,1460597460
364,293,2.0,1460608380
237,187,4.5,1460615700
231,63,3.5,1460623680
454,272,3.0,1460628540
395,44,4.5,1460633760
372,41,5.0,1460642400
310,56,3.0,1460643000
35,37,3.0,1460643420
213,210,4.5,1460646420
75,172,4.5,1460652960
449,188,4.0,1460656500
280,137,4.5,1460660220
429,26,3.5,1460660460
65,129,4.0,1460665680
320,280,3.0,1460680320
78,278,2.5,1460683260
407,94,2.5,1460691960
202,94,4.0,1460696460
373,96,4.0,1460700420
268,94,3.0,1460702100
135,272,2.5,1460710500
393,240,2.0,1460718120
318,23,3.5,1460718360
398,220,3.0,1460718960
266,24,4.5,1460720520
444,172,5.0,1460723400
218,137,4.0,1460728200
6,50,2.0,1460730060
425,252,4.5,1460735640
362,64,3.5,1460735880
289,210,3.5,1460739180
81,94,4.0,1460740680
441,165,2.0,1460744880
434,67,3.0,1460755380
394,215,2.5,1460758140
190,174,2.5,1460764260
286,264,4.5,1460768400
25,81,3.0,1460777820
369,189,3.5,1460788800
244,90,4.0,1460805060
240,164,3.5,1460813160
258,269,3.5,1460818020
393,84,4.0,1460820000
338,173,4.0,1460820240
74,231,3.5,1460826180
160,132,4.5,1460828340
150,273,3.0,1460830920
89,36,4.5,1460838840
34,106,3.0,1460840340
351,73,3.5,1460844240
342,61,2.5,1460846400
114,260,4.5,1460848620
185,17,4.5,1460856840
111,137,3.5,1460860920
313,240,3.5,1460863980
124,182,4.5,1460868540
221,136,2.0,1460869500
43,129,5.0,1460871960
271,216,5.0,1460873640
241,245,2.0,1460883360
294,159,4.0,1460887860
200,58,3.0,1460890320
50,64,3.5,1460901960
310,275,0.5,1460906760
473,154,2.5,1460913060
414,251,5.0,1460913300
401,138,3.0,1460915580
382,151,2.5,1460919120
50,134,3.5,1460923620
371,48,2.5,1460923800
83,105,2.0,1460929380
169,37,3.5,1460933580
193,284,3.0,1460941860
499,108,3.5,1460945700
363,43,3.0,1460952060
347,80,0.5,1460955300
52,155,4.5,1460958000
145,56,2.5,1460958840
389,287,4.5,1460960580
466,268,4.5,1460964420
260,275,2.0,1460964420
213,99,4.5,1460969220
286,65,4.0,1460984340
206,293,2.5,1460989800
171,38,2.5,1460990820
71,82,3.5,1460998500
230,275,1.0,1461001680
119,289,1.5,1461004440
479,65,3.0,1461011760
4,103,2.5,1461019260
105,43,3.0,1461021600
291,297,2.5,1461023580
18,235,4.0,1461024900
376,285,3.0,1461025920
172,81,3.0,1461026520
332,99,3.5,1461027180
183,79,3.0,1461027960
467,127,3.5,1461031620
410,203,2.5,1461033420
310,289,1.5,1461036780
347,38,3.5,1461037560
352,48,3.5,1461039840
129,193,4.0,1461040680
85,44,3.5,1461041940
297,138,2.5,1461045300
346,137,2.5,1461046740
449,149,2.5,1461054060
308,170,3.5,1461055380
483,243,4.5,1461057540
94,294,3.0,1461061440
248,147,3.0,1461066000
470,169,2.0,1461071340
203,107,2.0,1461072300
315,286,1.5,1461073500
357,137,2.0,1461074460
493,253,2.0,1461076200
331,145,4.0,1461078420
224,3,2.0,1461079020
353,105,2.0,1461079560
399,147,1.5,1461081060
61,15,2.0,1461092820
220,47,3.0,1461092940
262,201,3.0,1461096000
92,240,2.5,1461098460
156,244,4.5,1461107340
272,59,3.5,1461119220
364,282,4.0,1461121920
158,53,3.5,1461125400
373,276,3.0,1461127620
124,269,4.5,1461132420
81,250,3.5,1461139920
390,70,2.5,1461144060
202,121,4.5,1461147360
452,194,3.0,1461150660
153,64,3.0,1461155160
17,172,4.5,1461158880
272,294,2.0,1461160440
461,156,2.0,1461168600
278,21,3.5,1461172920
456,206,4.5,1461184200
356,200,4.5,1461185340
263,28,4.5,1461185700
418,82,2.5,1461189480
149,289,1.0,1461190920
500,155,3.0,1461198420
267,237,2.5,1461198960
356,3,3.5,1461201480
490,231,2.5,1461208560
252,280,2.5,1461211260
406,3,1.5,1461213480
346,172,4.0,1461226500
297,215,3.0,1461228660
108,94,3.5,1461234840
138,174,3.0,1461252900
52,71,5.0,1461257820
482,176,3.0,1461259020
226,250,4.5,1461259980
35,280,2.5,1461263700
403,175,2.5,1461264420
60,222,3.5,1461265200
311,264,3.0,1461268560
473,231,3.5,1461271560
317,293,2.5,1461277200
436,56,4.0,1461281280
276,143,2.5,1461284880
13,267,2.5,1461291420
311,52,2.5,1461293640
404,112,4.0,1461294240
35,235,3.5,1461294480
249,289,1.5,1461296160
170,251,2.5,1461300120
360,3,1.0,1461314400
422,233,2.0,1461317580
436,89,2.0,1461331020
399,101,3.5,1461331800
302,44,2.5,1461341520
326,172,4.0,1461353640
99,255,2.5,1461356640
289,106,5.0,1461358440
249,267,2.5,1461363720
33,275,1.0,1461367680
24,29,2.0,1461373740
190,289,3.0,1461375120
109,296,3.0,1461376440
349,260,3.0,1461385320
107,192,3.0,1461388080
391,141,5.0,1461388380
447,180,3.0,1461391980
436,245,2.5,1461394140
175,94,3.5,1461396000
202,166,5.0,1461397440
41,63,4.5,1461398220
57,289,3.0,1461399540
148,73,2.0,1461401460
307,182,5.0,1461421560
324,134,5.0,1461427260
362,269,3.5,1461428040
364,95,3.0,1461430380
207,29,3.0,1461434520
78,217,2.0,1461439320
148,163,2.5,1461442140
283,89,4.5,1461447660
345,47,2.0,1461447720
61,276,3.0,1461448740
210,289,3.5,1461457680
139,56,2.5,1461460200
150,41,2.5,1461462000
246,208,1.5,1461463800
280,244,3.0,1461465600
440,237,2.5,1461468120
287,269,5.0,1461469440
297,137,4.0,1461472620
101,137,5.0,1461473700
44,163,2.0,1461475920
38,70,4.0,1461482640
39,241,2.5,1461482760
176,163,2.0,1461490380
437,254,2.5,1461491640
111,180,2.5,1461493080
376,38,1.0,1461496680
170,217,2.0,1461496800
131,197,4.0,1461503400
344,289,2.0,1461516660
346,163,2.0,1461524820
344,258,1.5,1461526680
130,281,4.0,1461530100
68,284,3.0,1461530820
166,262,3.5,1461534000
210,73,3.0,1461540960
331,73,4.0,1461544020
136,64,4.0,1461546540
442,248,3.0,1461548040
67,237,3.5,1461552960
278,127,1.5,1461555420
79,256,3.0,1461557400
310,147,3.5,1461565620
402,159,4.0,1461565680
375,243,3.0,1461583020
361,60,3.5,1461583080
412,290,2.5,1461586140
451,185,3.5,1461587460
256,28,2.0,1461590280
431,94,2.5,1461592680
126,137,4.5,1461601140
458,221,3.0,1461607920
93,262,2.5,1461615480
184,59,4.5,1461627360
338,254,2.5,1461634920
456,233,2.0,1461635460
118,15,3.5,1461636420
33,40,4.0,1461638820
382,72,2.0,1461639120
23,37,3.0,1461639360
40,175,3.0,1461641160
169,296,4.5,1461642000
4,146,3.0,1461642660
25,255,3.0,1461647700
254,222,4.0,1461648720
172,121,3.0,1461654480
166,229,3.5,1461655560
496,249,3.0,1461662340
329,214,5.0,1461663240
262,207,1.5,1461664680
256,43,2.5,1461664800
23,155,2.0,1461664980
387,231,3.5,1461666300
124,156,3.5,1461667740
320,296,4.0,1461670200
258,137,3.5,1461673440
163,291,3.0,1461676860
212,165,2.0,1461684240
140,150,2.0,1461689520
19,28,3.0,1461691980
353,233,2.5,1461693420
138,284,4.5,1461697020
193,21,2.5,1461704520
346,229,3.5,1461704580
461,256,3.5,1461706260
121,194,4.0,1461709380
287,171,3.5,1461712260
498,47,4.0,1461724020
372,250,5.0,1461725400
357,73,2.0,1461731640
486,79,3.0,1461736080
496,218,4.5,1461738300
57,262,3.5,1461753360
255,56,3.5,1461755880
432,56,3.0,1461758580
284,94,3.5,1461760020
474,275,2.0,1461760800
316,79,4.0,1461761160
495,80,3.0,1461764760
364,279,3.0,1461769980
122,57,3.0,1461774240
171,183,2.5,1461776820
145,120,3.0,1461778860
339,292,4.0,1461781620
384,176,3.5,1461788100
99,248,0.5,1461792180
136,66,3.0,1461792660
130,34,2.5,1461794940
385,165,3.5,1461799440
475,14,4.5,1461811620
72,5,2.5,1461811920
3,148,2.0,1461813780
280,245,3.5,1461816480
298,51,3.5,1461817440
76,245,2.5,1461829200
362,208,3.0,1461830820
13,2,1.0,1461837900
297,171,2.5,1461838440
465,187,4.0,1461838680
286,60,2.5,1461838920
387,245,2.0,1461844620
432,60,3.0,1461846780
9,64,4.0,1461847080
175,253,2.0,1461847440
291,194,3.0,1461851520
477,214,3.5,1461852060
416,296,4.0,1461858120
97,262,3.5,1461860760
466,85,5.0,1461866220
465,251,3.5,1461871980
216,231,3.5,1461890160
210,240,2.0,1461897060
26,43,3.5,1461897660
330,132,5.0,1461902040
330,80,3.0,1461902400
361,235,5.0,1461907920
104,193,5.0,1461909660
201,269,5.0,1461911940
105,66,3.5,1461913620
340,3,3.0,1461916380
257,247,3.0,1461916920
285,65,2.5,1461917580
252,210,3.5,1461921480
326,299,3.0,1461926100
306,91,2.5,1461926280
369,221,3.5,1461929100
451,141,3.0,1461932520
150,297,3.5,1461937560
493,47,2.0,1461948060
109,243,3.0,1461950280
188,40,4.0,1461952920
394,253,1.5,1461956640
197,196,3.5,1461957120
315,70,2.5,1461960660
357,162,1.5,1461962700
139,81,3.0,1461966300
166,84,3.5,1461968880
485,88,1.5,1461976860
205,215,3.5,1461977400
491,179,3.5,1461979320
69,229,4.5,1461982440
466,82,2.5,1461994380
140,72,2.0,1461995040
209,195,2.5,1462014360
268,107,2.5,1462021800
70,53,2.5,1462024320
327,154,2.0,1462024920
133,79,3.5,1462026600
217,269,2.5,1462027980
357,231,1.5,1462028460
384,63,2.5,1462028820
465,264,4.5,1462036500
381,30,4.5,1462042020
215,56,3.5,1462046340
130,122,3.0,1462048380
118,222,3.5,1462053420
158,141,3.0,1462055940
5,256,3.0,1462056120
449,90,3.0,1462057140
103,72,2.5,1462062060
278,233,2.5,1462072140
193,65,2.0,1462073400
185,94,4.0,1462082340
321,71,4.0,1462084860
195,207,1.5,1462086180
434,233,2.5,1462086360
137,200,1.0,1462092720
279,57,3.5,1462092960
495,65,4.0,1462114020
281,15,2.0,1462114020
369,217,5.0,1462115520
378,72,2.0,1462119240
261,55,2.5,1462124040
350,153,2.5,1462125120
321,215,4.5,1462125840
377,31,4.0,1462143900
353,37,2.5,1462144800
274,182,3.0,1462145820
378,175,3.5,1462145880
140,280,1.5,1462146060
211,37,2.5,1462148760
371,101,2.5,1462151580
333,52,3.0,1462153440
344,294,2.5,1462164720
453,222,3.5,1462169160
235,236,1.5,1462175460
129,187,4.0,1462181280
270,51,5.0,1462184460
20,101,3.0,1462185360
221,215,2.5,1462185840
80,2,3.0,1462187880
103,216,4.0,1462196940
409,63,3.5,1462200780
67,134,2.5,1462211880
142,10,3.5,1462220520
139,30,4.0,1462221840
374,159,4.0,1462234680
52,179,5.0,1462239000
270,160,4.0,1462239480
482,148,3.5,1462240500
73,55,2.5,1462244520
79,147,3.0,1462246140
401,81,2.0,1462247580
313,78,3.5,1462249560
61,280,2.5,1462249680
149,48,2.5,1462253520
289,251,4.0,1462255860
221,44,2.5,1462256820
150,64,4.0,1462274820
41,296,4.0,1462285140
353,172,3.0,1462286160
418,5,2.5,1462286460
366,64,4.5,1462292520
184,277,2.5,1462297860
137,269,3.5,1462298580
380,118,2.5,1462300440
57,249,3.0,1462302480
462,104,3.5,1462306140
13,229,3.0,1462307280
56,177,2.0,1462309200
438,197,3.0,1462309200
217,255,4.0,1462311660
422,275,1.5,1462312860
428,24,2.5,1462318680
464,14,3.0,1462320660
457,132,5.0,1462323780
205,65,3.0,1462330380
191,238,3.5,1462331820
171,220,3.0,1462333980
50,52,3.5,1462334940
191,275,0.5,1462336740
118,147,3.5,1462345140
365,17,2.5,1462350480
324,14,5.0,1462352940
155,47,1.5,1462369140
136,172,4.5,1462372440
422,137,4.5,1462375260
76,5,1.5,1462377360
47,217,3.5,1462378080
175,165,1.5,1462380180
324,56,5.0,1462387020
6,98,3.0,1462387680
414,230,4.5,1462389000
54,225,2.5,1462391340
256,73,3.5,1462397880
5,94,3.5,1462402140
23,107,3.0,1462405620
161,43,3.5,1462420980
151,290,2.5,1462423860
31,107,4.0,1462424460
32,235,3.5,1462428840
197,65,3.5,1462429800
361,34,4.0,1462441500
22,229,4.5,1462442580
448,137,4.0,1462443300
389,169,3.5,1462445940
418,103,2.0,1462451340
382,89,3.5,1462452000
104,89,4.0,1462458960
239,26,3.5,1462459140
71,24,5.0,1462472160
196,51,2.5,1462474680
47,299,2.5,1462481100
92,244,4.0,1462483800
449,120,4.0,1462485540
452,233,3.0,1462486080
84,116,2.5,1462487820
391,54,4.5,1462497240
254,231,2.5,1462500840
54,243,3.5,1462503300
122,18,2.5,1462510500
455,172,4.0,1462511340
498,70,3.0,1462517700
68,92,3.0,1462525020
271,150,1.5,1462529880
59,70,3.0,1462532640
73,94,3.5,1462534920
316,145,3.0,1462539060
407,141,3.5,1462544460
127,210,3.5,1462556400
274,249,2.0,1462558740
337,137,3.0,1462559280
44,261,3.5,1462564620
429,60,2.5,1462567320
157,233,3.5,1462569360
423,226,3.5,1462589160
249,222,2.0,1462593660
338,107,4.0,1462595880
53,64,5.0,1462604520
46,94,3.5,1462613940
456,51,3.0,1462615260
326,223,4.0,1462615860
300,183,3.0,1462616220
318,28,4.5,1462625580
73,54,5.0,1462633320
392,119,1.5,1462634700
186,36,4.0,1462638180
332,55,2.5,1462639980
342,235,3.0,1462641840
57,265,2.5,1462643280
217,71,3.5,1462661340
280,185,4.5,1462667640
83,32,4.0,1462679640
121,72,3.0,1462682040
195,253,2.5,1462685700
468,94,4.5,1462696020
260,134,4.5,1462705620
348,18,1.5,1462708320
478,51,4.5,1462710240
291,198,3.0,1462713300
62,35,3.0,1462714440
62,163,3.5,1462719360
371,168,2.0,1462735740
257,253,4.0,1462737120
7,36,5.0,1462738680
283,52,3.0,1462740420
325,109,2.5,1462742280
337,176,2.5,1462744500
53,278,4.5,1462748820
336,245,3.0,1462752420
446,238,4.5,1462752540
465,270,4.0,1462753800
414,225,2.0,1462757760
122,256,2.0,1462758180
279,58,5.0,1462758780
180,231,3.0,1462760280
75,159,3.0,1462765080
452,269,5.0,1462766280
487,14,2.5,1462769340
95,51,2.5,1462780740
140,10,3.5,1462785060
185,175,4.0,1462786080
142,229,4.0,1462787040
493,37,2.5,1462792320
116,237,2.5,1462793400
208,222,2.0,1462794780
104,231,3.5,1462808760
178,254,3.0,1462823820
284,280,2.5,1462827000
69,141,4.5,1462833300
147,106,5.0,1462844640
352,172,4.0,1462847160
157,290,4.0,1462847700
219,37,2.5,1462851960
495,216,5.0,1462860780
206,203,3.0,1462863780
54,14,3.5,1462870380
224,134,3.5,1462872780
432,148,3.0,1462873380
134,38,3.0,1462877040
310,3,2.5,1462877040
79,111,3.0,1462879380
308,14,4.0,1462883460
78,24,3.0,1462890120
110,105,4.0,1462890240
196,210,3.0,1462890780
300,275,0.5,1462894560
135,133,1.5,1462911000
139,153,3.0,1462911480
448,254,3.0,1462911600
367,222,4.5,1462916100
436,108,2.5,1462916880
442,262,5.0,1462917240
483,30,5.0,1462919460
244,290,2.0,1462919820
196,170,1.0,1462921560
109,93,3.5,1462926900
480,270,2.0,1462929120
35,106,2.5,1462938960
450,182,5.0,1462945140
305,157,3.0,1462945500
238,111,2.5,1462968420
267,47,2.0,1462970640
400,238,4.5,1462970940
179,80,4.5,1462972080
173,126,3.5,1462972320
57,299,3.0,1462973340
289,134,5.0,1462980960
419,197,5.0,1462991160
131,80,2.0,1462993440
86,218,4.0,1462997640
396,150,1.5,1463005860
44,71,4.0,1463010000
400,229,4.0,1463021520
231,137,3.5,1463032260
103,294,3.5,1463038560
55,203,3.0,1463038680
212,151,2.0,1463040600
172,231,3.0,1463043000
358,161,3.0,1463047200
310,197,4.5,1463048520
222,23,3.0,1463048820
76,220,2.5,1463055960
99,201,2.5,1463059380
311,34,3.0,1463060580
496,3,1.5,1463061900
138,151,3.5,1463065080
325,3,2.5,1463072940
162,284,5.0,1463081640
78,96,2.5,1463083260
159,174,3.0,1463084820
444,269,5.0,1463086320
433,28,3.5,1463087040
188,88,3.0,1463091180
398,240,2.5,1463096640
473,280,2.5,1463107080
310,64,4.0,1463117460
281,172,4.0,1463117820
287,187,5.0,1463119020
49,294,4.0,1463124720
30,140,5.0,1463125920
488,299,2.5,1463133720
475,231,3.0,1463148480
9,13,4.0,1463152680
19,72,2.0,1463154180
450,184,4.5,1463164080
54,220,3.5,1463167020
63,121,4.0,1463178960
39,280,2.5,1463182680
94,48,2.5,1463184060
81,40,4.0,1463187360
180,137,3.5,1463202900
9,73,4.0,1463207460
5,64,4.0,1463221380
75,284,4.0,1463222580
225,284,5.0,1463225340
153,94,2.5,1463225760
29,62,2.5,1463225940
108,141,4.5,1463227500
178,175,3.5,1463227620
111,294,4.0,1463234100
29,196,3.5,1463237940
122,250,5.0,1463249160
261,243,3.0,1463249340
51,13,4.0,1463264820
220,237,3.0,1463266740
19,149,3.5,1463266800
81,60,3.5,1463271420
105,175,3.5,1463273160
441,296,3.5,1463278260
403,31,3.0,1463278680
51,179,3.5,1463281500
26,297,3.5,1463283060
73,59,3.5,1463285340
203,185,3.0,1463291880
315,210,2.5,1463303100
146,5,2.0,1463314440
488,173,4.5,1463317860
57,137,4.0,1463319120
174,290,3.5,1463323200
164,195,2.0,1463323560
232,205,3.0,1463332800
225,1,4.5,1463334780
402,107,4.5,1463338140
221,48,1.5,1463342100
363,105,3.5,1463348940
43,122,5.0,1463350140
287,279,4.0,1463353680
455,43,4.0,1463354940
160,197,5.0,1463355420
139,47,2.5,1463356800
413,77,2.0,1463359980
462,197,4.0,1463364540
488,60,2.5,1463365020
357,223,2.0,1463365440
21,250,2.0,1463379180
463,146,3.5,1463379540
93,224,1.0,1463394300
34,222,3.5,1463394420
355,29,3.0,1463396040
490,258,4.0,1463400420
482,24,3.5,1463407500
469,292,3.5,1463408760
277,175,3.0,1463419020
397,203,3.0,1463420880
375,205,1.5,1463423880
27,61,4.5,1463425680
487,251,2.5,1463448180
47,15,2.0,1463449260
247,34,4.0,1463453580
158,196,5.0,1463454420
33,55,3.0,1463458020
252,172,3.5,1463461860
474,105,3.0,1463467260
325,243,3.5,1463470620
315,203,3.5,1463473800
284,231,1.5,1463489340
473,43,3.5,1463491560
413,42,1.0,1463504280
21,175,3.0,1463510880
157,183,4.0,1463514540
414,180,4.0,1463517060
84,24,3.5,1463517180
358,290,2.0,1463517480
282,38,2.5,1463529720
233,101,3.5,1463543400
440,212,3.0,1463546520
238,2,1.5,1463551140
185,159,4.5,1463554980
500,14,3.5,1463558940
272,158,3.0,1463560080
141,255,3.0,1463566920
179,231,5.0,1463571660
406,289,1.5,1463573400
131,1,3.5,1463573580
210,106,4.0,1463574480
453,165,4.0,1463586600
241,137,2.0,1463587740
95,233,2.5,1463590980
212,192,3.5,1463593620
466,137,4.0,1463598000
385,279,3.5,1463598480
272,63,3.5,1463599320
419,286,3.5,1463599860
218,47,2.5,1463600760
366,137,4.0,1463601840
336,157,3.5,1463610360
187,154,3.0,1463620620
298,58,4.5,1463622300
38,64,4.0,1463624820
389,42,3.0,1463625480
152,184,4.0,1463632620
425,65,4.5,1463634960
17,253,3.0,1463637000
443,269,3.5,1463638080
193,203,2.5,1463638740
282,237,2.5,1463651040
390,203,2.0,1463654880
458,28,4.0,1463656380
91,77,3.5,1463657100
358,296,3.5,1463661600
362,14,3.5,1463663460
170,119,1.0,1463672760
117,78,2.5,1463674200
376,290,2.0,1463676660
181,34,2.0,1463686260
295,187,3.5,1463686620
492,92,3.0,1463693880
63,200,2.0,1463694300
156,249,4.0,1463696160
442,98,5.0,1463696280
88,205,3.0,1463700120
429,82,4.0,1463704740
277,211,4.0,1463709360
212,66,3.0,1463712720
196,205,2.5,1463719080
288,266,4.0,1463721420
441,231,2.0,1463723700
396,276,3.0,1463726760
248,290,1.0,1463730000
462,256,3.0,1463735280
54,180,3.5,1463736000
318,184,3.0,1463736720
164,235,3.0,1463746200
116,4,3.5,1463746260
149,177,2.5,1463746740
85,215,3.5,1463747160
219,175,3.0,1463755260
10,127,2.0,1463759220
406,175,3.5,1463760240
180,233,3.5,1463761920
435,146,2.5,1463764980
451,35,1.0,1463767380
182,300,4.5,1463770800
91,289,2.5,1463772780
395,140,4.5,1463773800
333,146,1.5,1463779560
401,64,3.5,1463779680
356,284,5.0,1463781000
213,244,3.0,1463782740
83,28,3.5,1463784540
498,140,2.5,1463784840
386,52,3.0,1463785320
254,111,3.0,1463791740
202,200,3.5,1463792160
96,84,3.5,1463793300
295,132,3.5,1463794200
378,29,3.5,1463794980
435,197,5.0,1463796060
240,173,4.0,1463796540
348,101,2.0,1463816220
286,121,4.0,1463818080
227,68,3.5,1463818920
70,117,3.5,1463825520
421,173,3.0,1463826720
155,222,3.0,1463830440
190,200,1.5,1463832600
165,147,2.5,1463842380
282,184,4.0,1463846580
133,230,4.0,1463848620
290,268,2.0,1463854200
235,218,3.5,1463860800
145,93,3.5,1463860860
98,240,3.5,1463862660
140,137,4.0,1463864220
316,193,4.0,1463872860
269,117,3.0,1463874600
224,255,3.5,1463879700
452,57,3.0,1463882940
216,3,3.5,1463901540
397,154,2.0,1463904420
473,300,3.5,1463913120
352,173,4.5,1463913900
385,143,3.0,1463914440
219,24,3.5,1463914860
499,71,5.0,1463916420
400,256,3.5,1463925360
106,221,3.0,1463932560
305,294,3.5,1463934900
114,226,4.0,1463941140
264,233,2.5,1463946000
412,222,3.5,1463946120
107,256,3.0,1463947140
486,65,3.0,1463953380
399,256,2.5,1463959740
297,211,3.0,1463965080
39,34,2.0,1463969820
4,278,3.5,1463975400
392,289,1.5,1463976780
422,45,2.5,1463978880
424,63,4.0,1463979540
114,282,4.5,1463992380
178,150,2.0,1463995920
352,24,4.0,1464000660
260,60,3.0,1464006540
271,12,3.0,1464007620
284,47,1.5,1464016620
319,183,2.5,1464023400
234,105,4.0,1464025080
319,138,4.5,1464029820
457,17,4.0,1464034860
500,53,3.0,1464035040
475,289,3.0,1464051180
56,138,5.0,1464051660
62,3,3.0,1464058140
145,134,4.5,1464062160
64,215,2.0,1464082560
114,130,2.0,1464083880
261,253,1.5,1464086100
50,96,4.5,1464086820
39,190,2.0,1464093720
315,240,1.5,1464098040
299,210,3.0,1464099900
214,252,3.0,1464112560
152,10,4.5,1464118980
359,245,2.0,1464120660
204,254,4.0,1464124860
464,182,3.5,1464142560
81,17,2.5,1464146160
437,205,3.5,1464155160
134,73,3.5,1464158400
452,64,3.5,1464168600
139,294,3.0,1464170220
134,64,3.5,1464172980
232,254,3.5,1464181020
300,156,2.0,1464188400
286,216,4.5,1464197280
77,24,3.5,1464198060
22,254,3.5,1464200220
148,106,2.5,1464200400
252,129,2.0,1464200400
352,179,3.5,1464203100
285,43,3.0,1464205860
4,59,4.5,1464212100
364,38,3.5,1464212400
302,56,3.0,1464215160
206,231,4.0,1464215220
21,189,3.0,1464216060
283,121,3.0,1464217500
467,165,3.5,1464218400
194,5,3.0,1464222060
443,123,4.0,1464226500
374,264,5.0,1464233160
260,1,4.0,1464235020
396,124,2.5,1464236880
43,65,4.5,1464238860
217,18,2.5,1464239400
434,141,4.0,1464242340
300,219,2.0,1464245100
356,80,3.5,1464250080
144,129,2.0,1464254580
452,145,4.0,1464265560
215,157,5.0,1464267840
402,77,3.0,1464268800
51,200,3.0,1464271260
497,267,5.0,1464275220
92,26,4.5,1464277020
167,10,4.0,1464280200
384,37,3.5,1464281700
173,30,4.0,1464283680
402,226,4.0,1464288840
215,154,4.0,1464290040
486,94,2.5,1464291660
237,3,4.0,1464300600
422,187,4.0,1464301020
224,60,2.0,1464318360
182,154,3.0,1464318960
1,194,2.5,1464325500
347,94,4.0,1464326280
59,269,5.0,1464329880
443,137,3.5,1464330300
83,40,3.5,1464331320
179,171,4.5,1464333720
136,208,2.5,1464343740
142,169,3.0,1464347580
489,137,5.0,1464347640
274,231,2.5,1464357000
484,64,4.0,1464363540
28,63,3.0,1464368100
21,18,2.0,1464373260
16,31,4.5,1464380400
253,81,2.5,1464385320
182,42,3.5,1464388920
53,105,4.5,1464391080
201,230,5.0,1464396240
191,168,2.5,1464399000
420,221,3.0,1464400320
496,15,1.5,1464401040
391,215,4.0,1464403860
179,172,5.0,1464404640
9,269,5.0,1464410700
341,24,4.0,1464414240
377,208,3.0,1464414540
129,284,2.5,1464414600
80,103,2.5,1464415380
190,262,2.0,1464419940
452,24,4.5,1464424500
416,137,4.5,1464426600
431,68,2.5,1464426840
443,197,4.5,1464432660
123,107,3.5,1464434040
112,244,2.5,1464439080
468,68,4.0,1464442980
367,147,5.0,1464445140
332,48,2.0,1464445440
481,262,3.5,1464445620
330,15,4.0,1464447600
339,148,4.0,1464457020
312,30,4.0,1464459540
335,245,3.5,1464462240
191,65,3.0,1464462780
249,197,3.0,1464465000
73,184,5.0,1464467880
355,253,3.5,1464468300
222,229,3.0,1464471240
243,197,4.0,1464474840
366,50,2.0,1464476280
5,299,2.5,1464476460
399,68,2.5,1464484200
38,51,4.0,1464485640
156,83,4.0,1464486360
120,178,2.0,1464497040
106,65,4.0,1464503460
148,165,2.5,1464505260
297,245,4.0,1464507240
28,288,1.5,1464518700
248,226,3.5,1464519300
463,221,4.0,1464519840
430,94,3.0,1464526800
482,273,3.0,1464530760
92,30,3.5,1464531000
284,119,3.5,1464533700
485,132,3.5,1464539700
481,180,3.5,1464543180
7,14,4.0,1464543720
138,134,3.0,1464544740
407,101,3.0,1464552120
361,174,4.0,1464559080
194,93,3.5,1464561420
204,105,3.5,1464565020
222,35,1.5,1464567000
305,34,2.5,1464569700
10,217,3.5,1464571020
158,162,2.5,1464574620
394,66,2.5,1464580620
275,31,3.0,1464587580
281,139,2.0,1464587580
227,165,4.5,1464591480
364,79,4.0,1464593520
308,31,3.0,1464598080
253,10,3.0,1464600000
209,121,2.5,1464602940
258,50,2.5,1464603060
406,26,2.5,1464604500
441,59,3.0,1464605700
82,51,4.5,1464607200
24,243,3.0,1464608160
210,127,2.5,1464609420
417,55,2.0,1464610140
202,24,3.5,1464612480
319,233,1.5,1464613860
350,266,4.0,1464614100
424,96,4.5,1464615480
367,5,3.5,1464615600
135,153,3.0,1464627720
376,194,2.0,1464628800
176,134,3.0,1464632760
263,171,2.0,1464634500
309,146,2.5,1464642720
125,266,5.0,1464643500
391,60,2.5,1464647040
390,218,3.5,1464647580
474,200,1.0,1464657600
121,188,5.0,1464668280
385,134,3.5,1464673140
169,222,3.5,1464673740
278,93,2.0,1464674820
222,40,3.0,1464675120
182,120,5.0,1464675180
201,34,4.0,1464692040
269,95,2.5,1464698640
379,54,3.0,1464702720
284,172,3.0,1464704100
190,32,4.0,1464704580
10,24,3.5,1464707520
337,198,2.5,1464710400
476,235,3.0,1464724920
58,231,3.5,1464726960
251,137,4.5,1464731520
441,175,2.5,1464732180
42,154,2.0,1464733860
438,279,1.5,1464735420
124,187,3.5,1464739320
103,80,2.0,1464739980
208,131,1.5,1464743280
309,65,3.5,1464750480
219,247,1.5,1464755400
319,159,4.5,1464756960
486,253,2.0,1464759120
110,119,3.0,1464763620
309,259,2.0,1464767520
212,188,3.0,1464768060
231,250,2.5,1464774660
39,109,2.5,1464776520
342,186,3.0,1464777600
105,173,4.5,1464777900
78,136,2.5,1464788460
313,154,2.5,1464789300
86,217,4.5,1464795660
468,64,3.5,1464796620
314,15,3.5,1464799800
37,185,2.5,1464808380
67,153,3.0,1464809160
21,210,3.5,1464809340
175,13,3.5,1464815340
56,85,4.0,1464817560
273,213,4.5,1464823380
186,101,3.0,1464829080
16,185,4.0,1464830760
410,138,3.0,1464838080
343,50,2.5,1464838080
235,256,1.5,1464841440
356,243,5.0,1464842700
481,127,3.5,1464844440
461,202,4.0,1464848220
275,266,3.0,1464857520
221,290,1.5,1464867240
245,295,5.0,1464867240
204,253,3.5,1464867420
4,243,4.0,1464868200
343,73,3.0,1464871140
126,235,4.5,1464875160
435,222,3.5,1464875520
249,221,2.5,1464878040
385,284,5.0,1464880620
146,182,3.5,1464882120
451,273,2.5,1464883020
419,205,2.5,1464883800
438,121,2.0,1464884640
381,294,3.5,1464885300
327,187,3.5,1464889740
296,237,4.0,1464893400
171,64,3.5,1464895020
167,31,4.0,1464904260
449,222,3.0,1464904440
227,262,4.5,1464904860
412,293,3.5,1464921240
345,156,1.5,1464922260
467,159,3.5,1464926340
350,6,4.0,1464928920
8,91,1.5,1464928980
145,245,2.5,1464934380
258,200,2.0,1464936180
383,251,4.0,1464943560
173,118,3.5,1464944820
469,223,3.0,1464954240
230,101,3.0,1464966000
177,294,4.0,1464971100
167,156,3.0,1464972480
437,44,3.0,1464982740
77,124,3.0,1464983580
74,281,4.0,1464987960
288,23,5.0,1464988500
193,210,3.0,1464991320
290,294,2.0,1464991680
268,162,2.0,1465012320
385,120,5.0,1465013940
329,13,4.5,1465019400
301,173,2.5,1465019640
31,47,3.5,1465024440
108,26,2.5,1465025760
381,257,3.5,1465027920
262,256,4.5,1465033800
498,28,3.5,1465034700
283,267,3.5,1465038600
2,253,2.5,1465044660
266,37,3.5,1465047720
324,3,2.5,1465049820
377,105,4.0,1465061820
457,217,5.0,1465063860
437,284,4.0,1465070640
44,235,4.0,1465074720
458,240,3.5,1465088760
444,51,3.5,1465088820
492,70,2.5,1465096800
94,89,3.5,1465097460
357,299,1.0,1465102620
338,175,3.0,1465104660
131,229,5.0,1465109760
241,267,2.5,1465111620
282,138,4.0,1465116360
44,156,2.5,1465117260
181,237,2.5,1465119180
45,262,3.5,1465122000
6,18,1.5,1465123920
321,92,3.0,1465125000
229,243,4.0,1465128120
164,243,3.5,1465133700
248,36,3.5,1465155060
372,141,5.0,1465155300
465,172,4.5,1465165800
488,55,4.0,1465171680
158,68,2.0,1465175880
418,169,2.5,1465176720
388,100,4.0,1465178640
255,137,3.0,1465180620
334,137,3.5,1465184940
145,290,2.5,1465188240
355,48,3.5,1465188480
88,73,3.5,1465189980
282,290,2.0,1465191120
330,173,5.0,1465192260
351,63,4.0,1465193700
148,221,3.5,1465194120
291,81,4.0,1465206600
496,199,3.0,1465210200
205,244,2.0,1465210320
274,60,1.5,1465214940
22,132,5.0,1465215780
284,37,3.5,1465216860
263,253,3.5,1465222800
428,292,2.0,1465224960
231,253,2.0,1465227420
244,185,3.5,1465227960
401,235,3.0,1465235040
275,267,2.0,1465249140
445,93,2.5,1465250340
91,51,3.0,1465257720
103,222,4.0,1465258680
446,175,5.0,1465260660
477,231,2.5,1465262100
102,45,2.5,1465262100
312,43,3.0,1465270440
151,143,3.5,1465271400
192,95,4.5,1465277160
78,54,2.5,1465278540
413,63,3.0,1465294620
24,64,3.5,1465299600
269,159,3.5,1465300860
141,253,2.0,1465308240
160,137,3.5,1465308900
317,300,4.0,1465315620
390,251,3.5,1465329720
341,153,4.0,1465332360
294,204,4.0,1465333680
473,210,4.0,1465338480
143,141,5.0,1465341060
265,101,4.0,1465343400
277,226,2.5,1465344300
470,63,1.5,1465346160
48,171,1.5,1465350840
65,60,3.0,1465351440
129,184,3.5,1465358640
459,240,3.0,1465363560
294,78,3.5,1465370520
48,3,2.0,1465372080
464,141,3.0,1465384800
350,195,1.5,1465387020
92,165,4.0,1465395840
320,65,4.0,1465399500
82,222,2.5,1465400160
228,94,3.0,1465403940
281,105,3.0,1465406880
456,168,3.0,1465407120
352,137,4.0,1465410540
323,31,3.0,1465413540
321,277,2.0,1465424700
173,24,5.0,1465431540
166,121,2.0,1465436100
213,296,4.0,1465436160
317,78,2.5,1465442340
288,95,4.5,1465443420
227,275,2.5,1465449180
402,64,3.5,1465449960
221,31,3.0,1465451520
136,175,3.0,1465453380
233,189,3.5,1465459500
137,279,2.5,1465464600
190,52,3.5,1465465200
263,37,3.5,1465467600
286,144,4.5,1465468140
457,262,4.0,1465475940
275,258,2.0,1465476600
160,266,4.0,1465482240
77,289,2.0,1465482480
250,4,3.5,1465486740
379,100,4.0,1465490580
345,77,2.5,1465491540
285,6,3.5,1465494000
434,243,3.5,1465498920
252,165,3.0,1465499460
424,86,5.0,1465500000
105,294,3.5,1465505880
465,255,4.5,1465506360
130,280,1.5,1465509420
447,48,3.0,1465519800
408,105,4.0,1465521000
357,294,1.5,1465521840
52,31,5.0,1465527180
155,141,4.0,1465532520
140,251,3.0,1465535760
432,105,3.5,1465538040
85,279,3.5,1465540800
113,106,3.5,1465549140
36,10,3.0,1465549320
462,187,3.0,1465557000
378,51,4.0,1465561740
201,41,4.5,1465568040
135,13,3.5,1465569180
318,40,2.5,1465573260
486,226,3.5,1465575780
426,135,3.0,1465578720
47,56,2.5,1465582680
427,187,4.0,1465583340
383,195,3.5,1465584120
122,217,3.5,1465592880
181,172,3.5,1465595820
475,176,2.5,1465602480
226,243,4.0,1465605240
75,144,3.5,1465606860
87,64,5.0,1465610460
271,128,4.0,1465610940
22,104,4.0,1465613160
56,121,3.0,1465617780
416,238,4.0,1465626480
234,7,5.0,1465637220
47,145,4.0,1465639140
157,160,4.0,1465641600
250,134,3.5,1465642020
198,138,3.5,1465645380
104,138,5.0,1465647180
69,250,4.5,1465648140
180,165,3.5,1465655820
360,265,1.5,1465658460
447,127,2.5,1465660080
88,96,4.5,1465668660
153,262,2.5,1465673760
316,187,4.0,1465678440
244,27,2.5,1465679460
356,256,5.0,1465680180
403,297,3.0,1465685340
342,293,2.5,1465688040
196,289,1.5,1465692540
493,73,3.5,1465703340
321,18,3.5,1465714260
367,159,5.0,1465714680
74,187,3.5,1465718520
55,229,4.0,1465721280
310,45,1.5,1465721760
1,83,3.0,1465725360
496,70,3.0,1465727040
345,267,3.0,1465736400
99,174,1.5,1465737840
195,10,2.5,1465738800
495,159,5.0,1465739220
423,144,4.5,1465747500
4,280,3.0,1465749240
249,149,1.5,1465750620
277,63,2.0,1465755840
189,251,2.5,1465757700
272,35,1.0,1465760280
146,3,2.5,1465770180
224,299,2.5,1465770540
192,72,2.5,1465771200
315,83,3.5,1465773240
339,230,4.5,1465774800
359,200,2.5,1465777620
26,182,3.5,1465778640
457,133,3.5,1465780380
163,275,1.5,1465786380
410,259,1.0,1465788720
125,31,4.5,1465792980
1,258,3.0,1465794900
309,197,4.0,1465799460
156,60,4.0,1465801320
323,250,2.0,1465810740
419,254,3.5,1465815660
459,82,3.0,1465816440
444,254,3.0,1465820040
232,66,3.0,1465830360
470,251,3.5,1465831020
426,250,3.0,1465833780
7,170,3.0,1465848840
122,259,2.0,1465849920
337,243,4.0,1465851780
81,71,4.0,1465859940
197,240,2.5,1465868760
130,94,3.5,1465871580
259,145,3.5,1465874460
165,70,2.0,1465880520
149,127,2.0,1465892760
483,105,4.5,1465896420
419,208,3.0,1465897440
316,189,2.5,1465897800
249,294,3.5,1465897920
206,56,4.0,1465899120
38,79,4.0,1465903620
145,299,3.5,1465908000
361,92,5.0,1465908900
300,203,3.0,1465909680
344,171,1.0,1465916040
458,278,3.0,1465917060
425,294,4.0,1465921320
476,269,4.0,1465927800
296,95,3.5,1465935480
250,50,2.5,1465941240
457,141,4.5,1465942260
66,88,2.0,1465942440
154,155,3.0,1465955520
5,262,4.0,1465956840
133,264,3.5,1465959960
53,231,4.5,1465965060
81,279,3.5,1465970100
100,52,2.0,1465971060
48,59,3.5,1465972800
448,276,3.5,1465974180
76,294,3.0,1465976160
62,258,3.0,1465976460
185,217,5.0,1465976880
437,73,3.0,1465980480
327,253,1.5,1465989000
399,299,3.0,1465989000
49,175,4.0,1465990500
255,233,2.5,1465990920
290,193,4.0,1465998240
283,154,3.0,1465998660
347,211,3.0,1465999500
5,145,3.5,1465999920
344,142,4.0,1466004120
6,80,1.5,1466005980
498,165,2.5,1466006220
169,216,5.0,1466009460
102,134,2.5,1466011560
173,255,4.5,1466012280
72,251,5.0,1466014140
114,235,4.5,1466018700
494,101,2.5,1466023560
105,229,3.5,1466025300
159,79,4.0,1466027940
34,180,2.5,1466029080
141,137,2.5,1466029920
107,71,4.0,1466031240
480,245,3.0,1466034600
27,139,2.0,1466036640
253,294,3.0,1466038500
136,231,3.0,1466040780
380,40,2.5,1466044320
52,121,4.0,1466045520
266,182,4.0,1466050020
211,107,3.0,1466058660
102,72,1.5,1466059260
20,80,2.0,1466060220
22,73,3.5,1466061300
466,65,3.5,1466063040
336,73,3.5,1466064120
312,245,3.0,1466064540
491,145,2.5,1466066340
373,142,4.0,1466069760
13,294,3.0,1466070120
323,175,2.5,1466070420
270,233,4.5,1466076120
377,44,4.5,1466077320
114,63,2.5,1466090940
210,156,2.5,1466093100
357,182,2.5,1466099040
123,291,1.5,1466100840
326,68,1.5,1466103000
189,284,2.5,1466107680
202,193,5.0,1466108460
262,243,4.5,1466108580
348,146,2.5,1466110140
277,170,1.5,1466118240
363,162,3.0,1466139300
322,227,3.0,1466141940
436,200,3.5,1466147880
84,137,3.5,1466150220
139,101,3.5,1466153820
299,65,4.0,1466156100
3,62,2.0,1466170500
428,30,2.5,1466178240
340,214,4.0,1466180460
230,281,5.0,1466181000
95,151,3.0,1466181780
183,5,3.0,1466185560
417,165,4.5,1466194620
438,261,3.0,1466196720
317,15,3.5,1466198100
104,101,5.0,1466199300
38,72,3.0,1466200020
18,208,2.5,1466204220
438,297,2.5,1466206860
7,140,3.5,1466213040
158,51,2.5,1466214360
426,121,3.0,1466227860
446,177,3.0,1466239920
53,150,3.0,1466244000
380,248,1.5,1466251980
136,154,2.0,1466261040
449,106,3.0,1466263140
3,251,4.5,1466267400
383,64,4.5,1466268960
137,215,2.5,1466271900
463,262,3.5,1466276280
337,58,2.5,1466277300
139,147,3.5,1466277540
470,32,3.0,1466295420
328,37,3.5,1466299020
467,203,2.5,1466300760
167,176,4.0,1466301600
323,14,2.5,1466306400
334,15,3.0,1466314380
325,265,1.5,1466316540
454,182,3.5,1466317920
304,233,3.5,1466318580
374,155,3.0,1466318700
106,229,4.0,1466321340
495,11,5.0,1466324820
278,275,1.5,1466329380
123,256,3.5,1466331120
213,165,3.5,1466335200
101,48,4.0,1466337840
5,24,3.0,1466338800
5,215,3.5,1466343060
345,248,1.5,1466343300
281,157,3.0,1466350200
495,225,2.5,1466354460
342,208,2.5,1466360760
315,222,2.0,1466362020
437,17,3.5,1466367420
282,172,4.0,1466368140
419,73,4.0,1466372820
500,149,4.0,1466373120
441,3,1.0,1466373720
111,145,3.0,1466376180
438,251,2.5,1466377020
381,229,4.5,1466379540
354,152,3.0,1466383920
397,195,3.0,1466385720
391,56,5.0,1466386560
223,172,4.5,1466387760
192,283,3.5,1466389020
60,154,3.5,1466391240
49,203,3.0,1466392080
478,105,4.5,1466392560
25,73,4.0,1466392620
16,64,5.0,1466395920
325,241,2.5,1466400000
141,127,3.0,1466400540
113,222,2.5,1466408160
210,134,4.0,1466408820
95,35,1.0,1466409120
128,263,3.5,1466411640
430,15,3.0,1466415420
90,137,4.5,1466419320
434,24,4.5,1466420100
29,197,4.0,1466421660
383,216,4.5,1466426460
131,13,5.0,1466427900
165,106,4.0,1466428080
345,94,3.0,1466430120
303,13,4.5,1466434560
157,107,4.0,1466451000
261,95,3.0,1466454180
110,240,3.0,1466455800
410,137,3.5,1466456280
289,26,3.5,1466462940
419,88,3.5,1466463300
197,275,2.0,1466467020
447,233,2.5,1466476620
247,277,2.5,1466484060
139,231,3.0,1466486520
303,28,5.0,1466491140
314,152,2.5,1466493000
379,136,3.5,1466496900
318,18,2.5,1466497080
138,294,4.0,1466497440
204,13,5.0,1466497980
242,30,4.0,1466516820
295,3,2.0,1466522760
450,180,3.5,1466523960
79,203,3.0,1466525280
229,154,3.0,1466529180
308,233,1.5,1466532180
283,159,3.5,1466535000
334,216,3.5,1466542800
238,84,3.5,1466543100
102,278,2.0,1466548260
162,108,4.5,1466550600
291,222,3.0,1466554380
176,262,3.0,1466563500
352,146,4.5,1466565780
4,137,3.5,1466575440
207,38,4.0,1466576640
387,3,2.5,1466584980
371,153,2.5,1466585220
499,299,3.0,1466588340
464,171,1.5,1466602320
399,183,2.5,1466604360
168,10,2.0,1466607840
92,77,3.0,1466614440
41,294,4.0,1466614500
470,236,1.5,1466620320
439,120,5.0,1466621880
269,38,2.0,1466626320
63,264,4.0,1466631060
154,175,3.5,1466632140
94,82,3.5,1466633400
106,63,3.5,1466640780
353,134,2.0,1466646840
143,196,5.0,1466649720
179,128,4.0,1466649900
320,235,4.0,1466651160
463,40,2.0,1466657700
29,98,3.5,1466667060
415,243,4.5,1466671260
345,203,2.0,1466673840
77,222,1.5,1466680800
151,240,4.5,1466689500
27,13,3.5,1466693880
396,42,2.5,1466694480
186,278,3.0,1466701020
349,173,3.5,1466706780
197,262,4.5,1466711400
464,294,4.0,1466711400
404,235,4.5,1466713020
371,38,1.5,1466718960
70,171,1.5,1466726460
338,157,3.0,1466728440
347,157,4.0,1466735520
391,109,4.0,1466737080
133,127,2.5,1466737260
366,203,3.0,1466737980
415,197,4.5,1466742420
436,137,3.0,1466749020
29,269,2.5,1466755800
58,177,1.5,1466756340
301,176,2.0,1466756400
478,57,4.5,1466758500
437,133,2.5,1466772180
314,274,4.5,1466772480
180,244,3.0,1466773380
499,138,3.5,1466776740
304,169,3.0,1466778060
470,243,2.5,1466790660
293,147,3.5,1466791440
82,217,3.5,1466800980
430,27,2.5,1466803920
408,112,4.0,1466807940
166,233,3.0,1466809140
8,23,3.0,1466817720
152,245,3.0,1466818920
68,243,3.0,1466820240
63,176,3.0,1466820360
132,30,5.0,1466824200
2,240,3.5,1466834820
486,243,3.5,1466847660
417,51,3.0,1466850660
40,137,4.0,1466863020
120,220,2.5,1466863740
244,73,3.0,1466866620
189,3,1.0,1466874660
33,45,2.5,1466876280
221,150,2.0,1466886300
303,174,4.5,1466890380
389,223,3.5,1466899020
424,175,4.0,1466900400
256,220,2.5,1466904240
57,281,4.5,1466904300
71,248,3.0,1466904360
367,251,5.0,1466905260
225,289,3.0,1466905740
334,251,3.0,1466911080
496,105,3.5,1466911500
67,137,3.5,1466914380
16,27,2.0,1466915940
436,21,3.0,1466916540
409,34,4.5,1466917320
54,101,3.0,1466921640
411,182,4.0,1466923260
366,60,2.5,1466923860
215,294,4.0,1466924640
479,48,2.0,1466924640
329,217,5.0,1466929320
144,105,3.5,1466939700
369,59,4.5,1466946840
49,174,3.5,1466949420
311,73,3.0,1466956680
134,269,5.0,1466956800
201,68,3.0,1466957880
452,193,5.0,1466965980
290,108,3.0,1466966220
162,105,3.5,1466967960
138,152,3.5,1466968440
393,211,4.0,1466970660
71,106,4.0,1466973180
216,123,4.5,1466973660
144,43,4.0,1466974020
224,184,4.0,1466989080
184,146,4.0,1466993040
285,193,4.0,1466994480
292,299,2.5,1467004080
376,150,2.5,1467004800
482,47,3.5,1467008460
227,112,5.0,1467010200
62,165,3.5,1467015780
102,137,4.0,1467018480
421,250,3.5,1467019320
430,146,2.5,1467020340
6,10,3.0,1467025920
116,289,2.0,1467030240
392,209,2.5,1467046020
472,58,4.5,1467059820
149,222,3.0,1467066180
462,217,4.0,1467070860
350,299,3.0,1467079320
189,231,3.0,1467079620
165,215,3.5,1467086520
109,265,1.5,1467086520
357,169,3.0,1467093660
18,171,3.0,1467095880
384,129,4.0,1467098580
6,23,2.5,1467098880
153,145,3.5,1467099240
215,279,5.0,1467108120
368,60,4.0,1467113580
296,163,3.5,1467114480
328,47,4.0,1467119220
187,117,4.5,1467120660
209,150,2.0,1467123360
371,72,1.0,1467131220
443,120,3.0,1467135780
310,32,3.0,1467149220
398,145,3.0,1467150840
301,273,2.5,1467151560
140,88,2.5,1467153540
124,48,3.5,1467162600
494,51,3.5,1467167160
243,275,1.5,1467167940
38,294,3.0,1467168600
11,245,2.5,1467175860
154,20,2.5,1467178500
472,208,3.0,1467181260
2,133,2.0,1467182640
186,269,4.0,1467186240
471,121,3.5,1467189180
443,270,2.5,1467190140
264,269,4.0,1467191460
410,10,3.5,1467198840
300,223,3.5,1467201840
415,159,4.5,1467207660
109,83,3.0,1467211440
173,32,4.5,1467214740
431,159,2.5,1467215820
200,252,3.0,1467219960
374,36,5.0,1467223740
6,58,2.0,1467224520
284,177,2.5,1467224820
45,47,2.0,1467225060
450,134,5.0,1467237900
330,288,4.0,1467237960
478,78,5.0,1467238440
319,300,3.0,1467240960
419,221,4.0,1467253020
265,194,3.0,1467255000
192,31,5.0,1467271800
269,251,3.5,1467277920
61,54,2.5,1467283680
82,220,4.5,1467294360
195,172,3.5,1467295920
65,290,3.5,1467297780
132,254,3.0,1467299940
212,230,3.5,1467300240
227,248,3.0,1467312000
462,101,3.5,1467314940
122,233,2.0,1467328200
430,159,3.5,1467328380
178,235,3.0,1467333780
76,296,2.5,1467341820
412,96,5.0,1467349440
375,110,1.0,1467356220
177,35,2.0,1467358320
253,152,3.0,1467358980
25,183,3.0,1467364320
231,179,3.5,1467365940
133,6,4.0,1467379380
402,280,3.5,1467389340
163,126,1.0,1467391920
231,296,2.5,1467392100
103,183,3.0,1467392340
139,177,2.0,1467394500
187,228,5.0,1467395100
396,151,2.0,1467396000
252,63,2.5,1467397740
120,203,2.5,1467402360
244,165,2.5,1467414000
200,255,3.0,1467415380
212,30,2.5,1467418260
77,210,2.0,1467420000
458,280,2.5,1467422880
173,285,4.5,1467426060
182,77,3.0,1467434160
153,186,2.5,1467435000
283,299,2.5,1467438060
282,252,2.5,1467443700
27,283,2.5,1467457440
295,267,4.5,1467457560
353,235,3.5,1467458880
132,172,4.5,1467462360
351,21,3.5,1467470460
385,223,4.5,1467470880
338,245,2.5,1467478320
154,154,1.5,1467478980
261,105,3.5,1467479940
93,63,3.5,1467484560
73,240,3.5,1467486120
370,173,4.0,1467489420
72,217,5.0,1467489780
406,204,3.5,1467493800
315,251,2.5,1467494040
206,154,3.0,1467498180
133,43,3.0,1467498720
73,48,3.5,1467507540
10,70,2.0,1467517920
287,243,4.5,1467519960
340,5,2.5,1467525720
439,188,3.5,1467531060
430,217,4.0,1467531720
491,275,1.0,1467535020
2,154,3.0,1467537840
323,185,3.5,1467546300
339,246,3.0,1467551040
476,203,3.0,1467559320
416,189,4.0,1467567600
248,82,2.5,1467575460
325,152,3.5,1467577440
484,18,2.5,1467580140
203,202,3.5,1467580560
435,142,4.0,1467588420
61,104,3.0,1467588540
136,157,3.5,1467590400
491,265,3.5,1467591360
114,5,3.0,1467598200
79,219,2.0,1467601080
41,183,4.0,1467601620
250,141,3.0,1467602820
175,205,3.0,1467612420
225,174,4.0,1467614700
327,134,3.0,1467622080
276,243,3.5,1467623940
481,80,2.5,1467624300
341,135,2.5,1467625320
26,110,2.0,1467625380
237,40,3.0,1467630720
323,219,2.5,1467631020
13,240,2.5,1467631500
455,183,4.5,1467636780
365,198,1.5,1467652980
285,208,2.0,1467653880
306,58,3.5,1467658080
436,138,3.0,1467664020
23,253,2.0,1467665400
64,107,3.5,1467669900
214,53,3.0,1467677220
404,300,4.0,1467682920
277,275,2.0,1467687060
164,200,3.0,1467687840
94,105,4.0,1467689340
213,64,4.5,1467699840
274,230,4.0,1467700500
209,64,3.5,1467703440
159,94,3.5,1467707280
166,15,3.5,1467708720
269,106,2.0,1467708900
413,208,2.5,1467712080
152,129,3.5,1467714060
108,54,3.0,1467715800
286,148,4.0,1467718320
29,110,1.0,1467723600
264,47,3.5,1467727500
208,220,4.0,1467730500
173,60,2.5,1467734400
304,1,4.0,1467735000
303,93,2.5,1467741780
3,201,2.5,1467748680
122,220,2.0,1467751860
144,243,3.0,1467753120
499,35,1.5,1467757560
479,151,1.5,1467758820
200,260,3.5,1467759300
256,152,3.0,1467763560
244,288,2.5,1467767280
319,146,3.0,1467772920
369,165,4.0,1467778260
102,148,2.5,1467778740
198,194,2.5,1467781320
269,123,3.5,1467785340
218,230,4.0,1467797100
462,30,3.5,1467799920
276,79,3.5,1467803520
32,242,2.0,1467804780
323,279,3.0,1467823140
199,269,4.5,1467826680
181,197,3.5,1467838080
298,300,4.5,1467843000
324,238,5.0,1467850200
50,154,2.5,1467850920
287,175,4.0,1467852360
331,40,4.5,1467856800
392,65,2.0,1467864000
66,203,3.0,1467868320
335,88,3.0,1467868740
216,281,4.0,1467873180
75,36,3.5,1467873360
257,217,4.5,1467874020
322,207,2.0,1467881940
463,26,2.5,1467884160
360,289,1.0,1467885240
481,126,3.0,1467885660
14,277,1.5,1467888300
450,230,3.5,1467902220
110,82,4.0,1467903300
271,294,3.0,1467903960
36,273,1.5,1467909180
490,250,4.5,1467911700
86,94,3.5,1467916920
16,174,4.5,1467919140
293,65,2.5,1467921120
451,96,3.5,1467921240
350,24,4.0,1467924360
38,174,4.0,1467927360
499,176,2.0,1467928440
18,197,4.0,1467937560
18,173,4.0,1467939420
69,80,2.0,1467944160
348,249,2.5,1467950160
327,14,3.5,1467965220
378,284,3.5,1467965880
462,95,3.5,1467969600
35,135,3.0,1467969660
424,38,3.5,1467973080
215,169,4.5,1467977460
452,268,4.5,1467979800
182,257,5.0,1467990300
200,215,2.5,1467992940
325,250,3.0,1467995100
109,291,1.5,1468010820
24,210,2.0,1468018320
290,171,2.0,1468018380
389,66,4.0,1468023960
114,275,2.0,1468030080
242,93,2.5,1468044840
86,72,1.5,1468051260
85,141,3.5,1468051560
38,279,3.5,1468054680
305,206,3.0,1468058220
143,169,5.0,1468068540
123,81,3.0,1468075080
22,281,5.0,1468077240
88,171,2.5,1468079340
413,105,3.0,1468087380
15,21,3.0,1468087680
151,174,3.5,1468095720
169,134,4.0,1468109580
357,216,3.5,1468117560
317,162,3.0,1468118820
317,189,2.5,1468119780
162,251,4.5,1468123440
364,255,3.5,1468136400
7,64,4.0,1468138560
90,105,3.0,1468139940
382,146,3.0,1468144800
453,21,3.5,1468144980
346,60,2.0,1468146840
333,273,2.5,1468151940
388,217,3.5,1468152660
321,217,4.5,1468155480
77,88,2.5,1468156680
220,245,4.0,1468158120
147,94,5.0,1468161540
363,218,4.0,1468165500
281,220,3.5,1468180260
78,6,3.0,1468192980
59,173,4.5,1468194360
476,11,3.0,1468195260
220,11,4.5,1468198320
320,31,4.5,1468200900
319,65,3.0,1468202820
162,10,5.0,1468203000
191,13,4.0,1468203180
226,148,4.0,1468203420
317,215,3.5,1468204020
453,285,4.5,1468204920
422,299,3.5,1468210140
407,48,3.0,1468213260
230,215,3.0,1468231740
408,121,4.0,1468233720
170,182,3.5,1468237380
211,129,2.5,1468238940
78,2,1.0,1468241880
420,68,2.0,1468249980
71,5,3.0,1468251180
197,226,3.0,1468259760
21,106,3.5,1468272360
202,180,3.5,1468274520
344,129,2.5,1468283820
91,269,4.5,1468286340
286,30,3.5,1468289700
426,150,2.5,1468291920
29,34,2.0,1468294320
236,138,4.5,1468295100
299,244,4.0,1468297320
24,134,4.0,1468303080
296,174,3.5,1468304340
169,101,3.0,1468305360
188,171,2.0,1468307040
409,164,4.5,1468313100
278,217,4.0,1468315440
325,133,3.0,1468320720
85,205,3.0,1468322400
6,24,2.5,1468323660
384,138,3.5,1468326600
373,201,2.5,1468331640
166,48,2.0,1468338240
359,37,3.5,1468338420
65,93,3.5,1468341420
384,247,2.0,1468343520
397,189,3.0,1468359420
139,70,3.5,1468360800
42,27,2.0,1468363260
347,176,3.5,1468364220
413,241,4.0,1468369200
292,257,3.0,1468371540
67,188,3.0,1468374660
40,242,3.5,1468381260
176,59,2.0,1468382760
237,64,4.5,1468386300
134,250,4.0,1468393620
45,48,2.0,1468405320
201,73,3.0,1468406880
392,73,2.0,1468407900
97,161,3.0,1468412040
6,84,3.5,1468413420
62,2,3.5,1468414980
266,229,3.5,1468418160
201,180,4.0,1468420140
210,281,4.5,1468422120
433,193,4.0,1468422540
350,140,3.5,1468424940
445,237,2.5,1468429800
160,1,4.5,1468430220
469,245,3.0,1468431120
469,103,2.5,1468436700
500,156,2.0,1468439940
80,235,4.5,1468442340
93,137,3.0,1468442880
224,173,4.0,1468443060
268,43,3.0,1468446600
222,214,4.0,1468448940
12,48,2.5,1468454040
138,203,3.5,1468464720
455,170,4.0,1468471200
122,36,4.5,1468474140
468,51,4.5,1468477380
323,141,3.0,1468482420
485,154,0.5,1468484280
191,101,2.5,1468486380
202,18,4.0,1468497900
195,3,2.0,1468504620
418,197,3.0,1468513980
60,176,3.0,1468514520
113,187,3.5,1468516440
262,241,4.5,1468517640
58,35,2.0,1468521960
434,137,3.5,1468523700
64,13,3.5,1468525200
128,152,4.0,1468528200
307,244,4.0,1468533660
229,172,5.0,1468543080
427,47,1.5,1468551180
460,43,4.0,1468551960
381,57,4.0,1468557000
34,228,3.5,1468557660
379,48,3.5,1468561080
56,243,3.5,1468565340
109,180,2.5,1468566960
15,294,3.0,1468572540
96,265,2.5,1468573020
339,77,1.5,1468574520
273,48,3.0,1468577100
298,95,3.0,1468583880
274,141,2.5,1468586580
199,51,4.5,1468588380
434,269,4.0,1468604160
9,107,3.5,1468606260
67,250,2.5,1468609560
251,217,5.0,1468609980
498,227,3.5,1468617240
129,182,3.0,1468618020
312,48,3.0,1468618740
363,292,3.5,1468621440
411,282,4.0,1468627500
80,134,4.0,1468632060
483,124,3.5,1468634880
60,30,3.5,1468636380
229,51,3.5,1468638000
94,79,3.5,1468638000
134,85,4.5,1468643160
101,284,4.0,1468644780
11,250,2.0,1468645080
243,251,3.0,1468645620
289,220,3.5,1468661880
57,66,3.0,1468662540
372,133,2.5,1468662720
354,294,3.5,1468664760
438,193,2.5,1468665120
36,1,2.0,1468665120
499,139,2.5,1468665300
179,137,5.0,1468673580
195,220,3.0,1468677360
76,93,2.0,1468677780
225,262,4.0,1468678080
226,76,5.0,1468685340
60,89,3.0,1468695600
23,82,3.0,1468703040
149,208,2.0,1468704540
473,93,3.0,1468723200
167,214,4.0,1468728960
59,34,3.0,1468739700
158,197,4.0,1468740840
453,210,3.5,1468745880
332,229,4.0,1468748580
319,178,4.0,1468755180
216,121,3.0,1468757100
90,185,4.0,1468758540
255,111,2.5,1468762500
425,123,4.5,1468772520
426,101,3.0,1468773540
158,208,3.5,1468773900
491,101,2.0,1468776180
61,208,1.5,1468781880
215,52,4.5,1468783680
336,207,4.0,1468790160
150,172,4.5,1468799340
500,296,4.5,1468807980
325,13,4.0,1468813980
457,300,4.0,1468816740
214,275,0.5,1468821720
38,290,3.5,1468831320
153,73,2.5,1468831620
143,233,3.0,1468837440
451,258,1.5,1468838400
40,279,2.5,1468840020
181,159,3.0,1468845600
35,95,2.5,1468846440
490,43,4.5,1468848960
356,159,5.0,1468850640
394,154,2.0,1468855680
321,104,4.0,1468857000
269,291,2.0,1468863360
59,150,4.0,1468865640
253,149,2.5,1468878060
126,222,3.5,1468885380
293,208,2.5,1468887960
150,217,4.0,1468888260
379,289,3.0,1468894260
473,165,3.5,1468905000
111,140,3.5,1468909260
328,193,5.0,1468912560
33,93,3.0,1468919280
405,252,3.5,1468924980
42,290,3.0,1468930320
213,249,3.5,1468940880
274,269,2.5,1468945320
225,176,3.0,1468946880
20,21,3.5,1468947480
12,40,3.0,1468951620
81,203,4.0,1468955940
157,245,2.5,1468956360
88,150,2.5,1468958040
499,163,2.5,1468958220
190,134,3.0,1468960800
53,153,2.5,1468970160
89,182,5.0,1468974780
174,82,4.0,1468983120
293,231,2.0,1468983480
260,73,2.5,1468985160
346,275,0.5,1468985760
465,165,4.0,1468992660
395,147,3.0,1468994400
3,101,3.5,1469010540
349,292,4.0,1469014740
22,244,3.5,1469020260
165,229,4.0,1469023800
60,275,1.5,1469037840
235,298,1.0,1469038200
172,103,3.0,1469048520
36,263,3.5,1469049780
293,14,3.0,1469061660
321,169,3.0,1469067720
341,186,3.5,1469069700
177,36,4.0,1469074080
173,58,4.0,1469081760
85,282,3.5,1469091000
123,200,2.0,1469097600
194,146,3.0,1469106180
214,230,3.5,1469118000
173,273,3.0,1469128560
166,53,3.0,1469129460
332,138,3.5,1469129940
148,128,4.5,1469132640
416,138,4.5,1469132820
85,251,3.0,1469135220
404,289,3.0,1469137680
452,138,5.0,1469137800
441,170,2.0,1469139060
144,66,3.0,1469144940
409,107,3.0,1469148660
500,214,4.0,1469156520
371,78,2.0,1469159700
33,90,4.0,1469160720
156,253,4.0,1469169060
22,182,4.5,1469182500
82,288,3.5,1469184060
341,174,5.0,1469185440
335,51,4.0,1469193360
385,28,4.0,1469193840
164,37,2.5,1469195040
403,201,3.5,1469196300
472,170,2.0,1469201160
130,121,2.5,1469205420
491,250,2.0,1469205780
366,65,2.5,1469211000
365,151,2.0,1469214120
185,127,2.5,1469223240
40,220,4.0,1469228160
262,70,3.0,1469229120
113,48,2.5,1469233860
430,205,1.5,1469235240
308,184,3.5,1469241660
140,295,3.5,1469247780
13,110,1.5,1469254260
201,63,3.5,1469279160
228,222,3.0,1469287560
276,183,3.0,1469294280
190,233,2.0,1469295120
221,72,2.5,1469298420
206,299,3.5,1469298720
491,109,3.0,1469300640
80,82,3.0,1469316060
329,197,4.0,1469316480
455,116,3.0,1469319840
31,105,4.0,1469322960
77,64,3.0,1469339460
370,294,3.0,1469343300
379,101,3.5,1469348040
133,28,4.0,1469356560
200,149,3.0,1469362080
394,250,2.5,1469376300
294,150,3.0,1469376840
256,93,3.0,1469379900
58,138,5.0,1469389920
499,180,3.5,1469392740
21,134,3.5,1469393940
404,244,4.0,1469398920
431,119,3.0,1469406960
301,150,1.0,1469408820
34,243,3.5,1469409120
443,243,3.5,1469415180
54,159,4.0,1469418900
297,104,4.0,1469424420
357,235,1.5,1469425560
364,241,3.0,1469430600
263,95,3.0,1469431320
83,47,1.0,1469432640
200,203,2.5,1469436480
463,222,3.5,1469439600
307,195,3.0,1469440440
269,200,2.0,1469462880
272,159,2.5,1469464320
12,279,4.0,1469468340
191,272,2.5,1469486760
91,184,3.0,1469486880
215,207,3.5,1469489220
123,296,3.0,1469496720
458,60,2.0,1469510040
189,267,4.0,1469517480
167,250,4.0,1469517900
358,15,2.5,1469518200
54,60,3.5,1469518260
262,188,4.0,1469525280
281,150,1.0,1469534820
445,99,2.5,1469535060
411,197,3.5,1469541540
482,45,2.0,1469542680
229,294,4.5,1469549760
497,240,4.5,1469554380
38,52,3.5,1469559180
488,222,3.5,1469559600
71,206,4.5,1469560800
186,98,4.0,1469562120
479,266,2.5,1469568600
68,58,2.5,1469569860
463,182,3.0,1469570640
144,284,4.0,1469570760
224,150,2.5,1469572320
343,31,4.0,1469578620
467,5,2.5,1469579820
422,129,4.0,1469590080
91,270,3.0,1469595120
401,32,3.0,1469598060
245,15,1.5,1469599380
114,294,3.0,1469605260
54,294,3.0,1469608320
44,94,4.0,1469609040
118,286,2.5,1469609400
70,178,3.0,1469612520
203,248,2.0,1469616600
223,73,2.0,1469619360
72,33,4.0,1469623140
91,254,4.0,1469623140
366,3,2.5,1469627700
212,270,1.5,1469629920
13,31,2.0,1469636640
118,242,3.5,1469636940
195,30,3.5,1469639700
432,279,2.5,1469640600
191,36,3.5,1469641380
9,239,3.5,1469665860
422,259,2.0,1469672160
231,178,3.0,1469676240
296,82,3.0,1469679060
249,111,2.5,1469688120
268,217,3.5,1469692320
205,15,2.5,1469693220
394,207,1.5,1469706000
164,132,3.5,1469706300
218,272,2.5,1469712060
187,251,5.0,1469714520
494,93,3.0,1469716800
292,102,3.5,1469717160
407,245,2.5,1469718300
354,172,4.0,1469719440
404,251,4.0,1469721360
405,254,4.0,1469722020
261,175,2.5,1469724960
217,240,1.5,1469727900
14,231,3.0,1469728140
118,28,4.5,1469728320
274,159,3.5,1469728860
355,159,4.0,1469732940
62,123,5.0,1469734260
483,187,4.0,1469735040
300,37,3.0,1469735460
97,225,2.0,1469741880
452,296,3.5,1469746680
411,144,4.5,1469751720
246,263,4.5,1469753460
57,233,3.0,1469754960
153,28,5.0,1469756400
321,233,2.5,1469757900
490,172,5.0,1469761680
12,217,4.5,1469762880
102,80,1.5,1469778060
459,275,2.0,1469782080
249,72,1.0,1469789040
491,156,2.5,1469792580
473,256,3.5,1469796720
88,267,4.0,1469797260
205,220,3.5,1469797440
342,3,2.5,1469799960
373,222,3.5,1469805960
375,294,3.0,1469811900
269,152,3.5,1469826060
70,165,3.0,1469827260
478,229,4.5,1469828640
51,164,4.0,1469829840
438,250,3.0,1469831280
94,13,4.0,1469836980
167,294,4.0,1469845320
127,159,4.0,1469845800
86,229,5.0,1469847900
178,218,4.0,1469849340
43,216,5.0,1469850300
16,180,3.5,1469852280
338,1,3.5,1469854920
452,66,3.0,1469863200
123,176,3.5,1469869800
83,94,3.0,1469871420
136,210,4.0,1469873280
372,238,4.5,1469894100
47,71,5.0,1469894700
345,180,3.0,1469900760
125,184,4.5,1469904060
247,59,4.0,1469907420
48,183,3.0,1469907480
33,172,5.0,1469918940
38,26,3.5,1469922840
285,166,3.5,1469923860
398,261,3.5,1469924700
324,165,4.5,1469929140
441,30,3.5,1469931120
472,165,4.0,1469942280
179,235,5.0,1469945940
63,141,3.5,1469949780
180,279,3.5,1469956740
383,103,2.5,1469959260
209,27,3.5,1469963160
144,159,3.0,1469963520
77,138,3.5,1469965020
236,161,2.0,1469976840
8,71,3.5,1469979180
41,139,3.5,1469979180
103,60,3.0,1469980860
99,202,4.0,1469985840
212,152,4.0,1469986140
453,231,2.5,1469997300
121,277,3.5,1470002700
161,272,3.5,1470004260
84,197,5.0,1470010380
168,250,4.0,1470018780
176,265,2.5,1470019440
225,22,4.0,1470020340
326,146,2.0,1470026880
209,299,3.5,1470029400
107,166,4.0,1470032880
430,253,3.0,1470042300
107,294,3.0,1470043620
247,81,5.0,1470050520
315,184,2.0,1470052140
169,34,4.5,1470055080
485,256,2.0,1470055140
32,156,3.0,1470060240
289,218,4.5,1470061320
145,291,3.0,1470062580
143,220,4.0,1470063360
180,290,3.0,1470064920
301,276,1.0,1470068820
348,226,4.0,1470075000
348,185,2.0,1470077640
429,279,3.5,1470077760
146,53,3.5,1470079080
133,98,4.0,1470079200
468,172,5.0,1470090960
171,253,2.0,1470095640
202,173,5.0,1470098640
277,258,2.5,1470100500
313,256,3.5,1470104460
56,107,3.0,1470105000
7,147,5.0,1470112980
384,231,3.0,1470119100
384,233,3.5,1470130020
404,138,4.5,1470139860
311,141,3.0,1470140160
99,30,2.5,1470140220
387,248,1.5,1470140520
168,235,4.0,1470144660
85,253,3.0,1470146280
323,64,3.0,1470148740
220,275,2.5,1470153420
466,174,4.0,1470153480
224,233,3.0,1470153480
441,51,2.5,1470156900
35,48,2.5,1470157860
278,101,3.5,1470159780
306,105,4.0,1470176040
4,185,3.5,1470176460
307,37,4.0,1470184560
166,250,3.0,1470192120
191,237,2.5,1470203760
308,217,3.5,1470205740
340,51,3.5,1470206040
415,14,3.0,1470206040
109,64,3.0,1470207060
184,67,3.0,1470219240
168,240,2.5,1470220980
43,265,3.5,1470226140
468,79,2.0,1470227220
407,152,3.5,1470228660
222,148,2.5,1470230040
454,120,3.5,1470232320
227,43,4.0,1470233820
434,36,4.0,1470234300
268,206,4.0,1470236280
193,52,3.0,1470238740
472,250,4.0,1470239400
246,137,4.0,1470241860
5,106,3.0,1470242880
70,230,3.0,1470246720
367,269,5.0,1470250200
397,40,3.0,1470253620
19,171,2.0,1470253680
132,222,2.5,1470262200
178,272,2.0,1470263100
178,279,4.0,1470263520
56,197,4.0,1470274320
419,243,3.5,1470274380
184,289,2.0,1470274380
121,134,5.0,1470297900
408,255,3.5,1470298800
345,45,0.5,1470300780
292,117,2.5,1470305760
266,289,3.0,1470310380
364,215,3.0,1470310500
479,294,2.0,1470313320
29,300,3.5,1470314700
307,226,5.0,1470333480
342,243,4.0,1470338280
49,245,4.5,1470342360
204,215,5.0,1470345240
128,238,3.0,1470346200
408,175,3.0,1470352560
307,74,3.0,1470352860
137,48,2.5,1470358320
106,39,4.0,1470358860
185,101,4.5,1470361680
106,228,4.0,1470376620
366,35,2.0,1470379140
140,173,4.0,1470391440
20,245,1.5,1470393000
200,127,2.5,1470393120
390,230,3.0,1470395700
258,272,2.5,1470398160
165,150,2.5,1470400740
65,73,3.0,1470404460
105,280,1.5,1470408600
457,163,3.0,1470408720
235,273,3.0,1470409020
170,207,2.0,1470410940
353,240,3.0,1470411060
192,133,2.0,1470412380
421,275,1.0,1470415920
232,37,3.5,1470416160
284,290,2.0,1470417600
306,176,3.5,1470417900
163,182,4.0,1470419280
212,58,2.5,1470419940
51,176,4.0,1470420780
499,217,4.0,1470422280
315,156,2.5,1470425340
399,48,1.5,1470428460
462,123,3.0,1470434880
294,238,3.5,1470435720
152,134,3.5,1470440580
88,137,4.0,1470443700
187,105,4.5,1470445920
182,5,3.5,1470454260
316,220,4.5,1470464280
42,233,2.0,1470468720
46,55,3.0,1470472200
437,94,3.0,1470472560
237,37,3.5,1470473880
105,63,3.0,1470474900
24,84,3.0,1470476340
12,4,4.5,1470476820
476,263,4.0,1470493080
336,265,3.5,1470495120
304,256,3.5,1470497880
5,21,3.0,1470499980
147,162,3.5,1470503340
474,134,3.0,1470508500
214,154,3.0,1470514620
332,244,3.5,1470530220
115,104,2.0,1470530820
326,132,4.5,1470534540
242,31,3.0,1470534900
402,204,4.0,1470535560
11,66,3.0,1470542880
445,171,1.0,1470545820
379,52,2.5,1470547500
140,159,3.5,1470547740
170,40,2.5,1470547920
205,230,2.5,1470551580
266,138,4.0,1470555960
453,103,3.5,1470558120
466,289,2.5,1470558480
405,230,4.0,1470573360
253,63,2.5,1470574740
307,14,3.5,1470576180
305,223,3.0,1470577440
182,207,2.5,1470582780
294,245,3.0,1470586260
169,79,4.5,1470599700
25,189,2.0,1470600840
373,282,3.5,1470602580
412,250,4.0,1470603900
487,243,3.0,1470613680
386,182,4.5,1470618720
226,235,4.5,1470627600
349,91,1.5,1470636660
111,188,4.5,1470641700
426,10,3.5,1470644280
152,71,5.0,1470645300
468,42,3.0,1470648060
337,173,3.0,1470658080
1,250,4.0,1470661800
385,222,3.0,1470662640
210,231,3.0,1470665280
236,251,3.5,1470670620
321,89,3.5,1470672180
320,48,3.0,1470672960
96,180,3.5,1470673140
193,138,4.0,1470674100
279,184,3.0,1470674460
84,5,2.0,1470693480
252,13,4.5,1470695820
130,138,3.0,1470699840
178,137,4.0,1470700080
211,213,4.0,1470701280
255,178,3.0,1470703320
221,6,3.5,1470705780
465,42,4.0,1470707340
218,187,3.0,1470716940
171,146,3.0,1470721740
85,28,4.5,1470722040
324,94,5.0,1470724200
331,215,5.0,1470725040
174,248,3.5,1470729960
189,240,1.5,1470730980
416,211,4.5,1470737280
398,215,3.0,1470742800
101,297,3.5,1470746220
109,279,2.0,1470749100
257,191,3.5,1470756600
92,15,3.5,1470760500
459,235,4.0,1470762060
59,55,4.0,1470765060
36,293,1.0,1470765780
206,245,3.5,1470768060
384,223,3.5,1470769260
168,89,3.5,1470770340
159,101,3.5,1470773700
178,10,3.5,1470774240
374,58,4.0,1470777060
9,134,2.5,1470780120
369,297,4.0,1470781740
187,265,4.5,1470785160
43,140,4.5,1470786360
92,207,3.5,1470792060
193,282,3.5,1470795240
140,42,2.5,1470795480
107,198,2.0,1470797820
402,73,3.5,1470798840
43,89,4.5,1470799440
29,173,2.0,1470799860
134,235,4.0,1470799980
69,207,2.0,1470816480
312,235,4.5,1470818880
216,55,3.0,1470828900
470,50,1.5,1470832680
258,86,3.5,1470833100
390,172,4.0,1470841800
158,137,4.0,1470846000
379,215,4.5,1470855900
196,72,1.5,1470856860
413,207,2.0,1470857220
322,31,3.0,1470862260
365,126,2.0,1470863520
150,81,4.0,1470864060
368,243,5.0,1470864840
252,82,3.0,1470869460
367,95,4.0,1470876240
347,55,3.0,1470876480
396,94,2.5,1470882660
174,64,4.5,1470883320
284,63,3.0,1470883500
438,123,3.0,1470883980
372,51,5.0,1470886920
133,52,3.0,1470890880
451,77,1.5,1470893160
290,106,4.5,1470893340
189,197,4.0,1470897720
413,32,4.5,1470898260
175,139,2.0,1470901320
150,1,4.0,1470901380
49,123,5.0,1470906960
146,237,3.0,1470913980
482,205,2.5,1470915180
121,1,3.0,1470916860
134,182,4.5,1470934560
314,73,2.0,1470937800
219,150,2.0,1470942060
431,141,3.5,1470944820
496,174,3.0,1470946140
364,281,4.5,1470946620
469,40,3.5,1470948540
482,58,3.0,1470949680
286,162,3.0,1470952800
71,255,3.5,1470961080
214,182,3.5,1470962640
191,170,2.5,1470965460
99,278,2.0,1470969420
366,251,3.5,1470970380
343,60,1.5,1470975360
148,175,4.0,1470979320
50,163,2.5,1470992940
283,185,3.5,1470994200
471,84,5.0,1470997680
123,13,3.5,1471005780
213,278,4.0,1471005960
175,290,3.0,1471021560
55,150,1.0,1471024200
405,147,4.0,1471036800
248,58,2.5,1471037640
379,180,3.5,1471051260
333,160,2.5,1471064280
166,296,4.5,1471070880
265,55,3.5,1471083660
98,169,3.5,1471087020
373,206,4.0,1471095420
471,6,3.5,1471101900
167,171,2.0,1471102020
341,255,3.5,1471105140
359,81,3.5,1471105620
33,238,3.0,1471118640
317,32,3.5,1471123080
70,133,2.0,1471125000
36,28,3.0,1471125780
493,105,2.0,1471127820
233,289,3.5,1471130460
491,205,2.5,1471132980
93,250,2.0,1471135560
15,182,3.0,1471144200
15,231,2.0,1471144620
487,82,2.5,1471151520
162,40,5.0,1471152300
239,21,3.5,1471152540
52,184,4.0,1471156260
310,170,0.5,1471157700
123,226,4.5,1471162680
346,129,3.0,1471164120
377,30,5.0,1471170360
336,262,4.0,1471171560
132,12,3.5,1471173420
211,14,3.0,1471180200
237,172,5.0,1471181640
44,292,3.5,1471199760
348,34,3.0,1471206840
478,97,4.5,1471207560
317,58,3.5,1471207800
260,63,3.5,1471209060
290,269,4.0,1471209480
442,279,4.0,1471216620
77,244,1.5,1471222320
370,66,4.0,1471227540
391,121,3.5,1471231380
314,269,4.0,1471233420
109,266,3.0,1471233600
435,159,3.5,1471233840
33,300,4.0,1471237320
390,185,4.0,1471245780
217,282,3.0,1471252260
461,266,3.5,1471271160
258,197,3.5,1471272660
500,13,4.0,1471279320
210,101,3.0,1471284840
416,51,4.0,1471286280
406,134,4.5,1471290720
210,120,3.0,1471297380
402,27,2.5,1471297680
274,134,4.0,1471302960
62,67,4.0,1471312740
24,291,2.0,1471313460
254,77,2.0,1471321140
266,38,3.5,1471321920
376,24,3.0,1471337700
343,182,4.5,1471343460
341,184,2.5,1471353780
32,178,3.0,1471353840
279,213,3.5,1471355520
74,31,3.0,1471356960
315,67,4.0,1471372560
438,254,2.5,1471376340
365,174,3.0,1471378140
311,40,2.5,1471381320
482,229,4.5,1471389480
86,165,4.0,1471393800
167,36,5.0,1471401960
213,14,4.5,1471406640
499,262,3.0,1471407960
19,254,2.5,1471408860
225,235,3.5,1471410660
245,85,5.0,1471430940
243,62,2.5,1471435860
448,275,1.5,1471437180
287,222,4.0,1471438620
293,79,2.5,1471438800
155,64,3.5,1471439100
260,159,3.5,1471439520
96,211,3.0,1471443300
286,175,4.5,1471450140
300,180,2.0,1471453740
157,176,3.5,1471458300
341,269,4.0,1471462320
174,9,4.0,1471463580
132,258,3.5,1471466880
119,19,3.0,1471467780
281,56,3.0,1471474800
383,277,2.0,1471475520
7,250,3.5,1471478520
324,154,3.5,1471480020
394,13,3.0,1471481700
427,203,3.0,1471483020
343,82,3.0,1471486800
245,230,4.5,1471490160
29,203,2.0,1471491900
379,127,3.0,1471493280
13,248,2.0,1471493340
355,171,3.0,1471493760
74,101,2.5,1471496400
4,269,4.5,1471498140
216,145,2.5,1471501140
441,245,2.5,1471512300
31,40,4.0,1471515960
427,215,3.0,1471516080
234,254,3.5,1471516620
274,28,3.5,1471519920
1,245,2.5,1471524780
406,60,1.0,1471527000
161,220,4.0,1471551000
348,203,3.0,1471553160
4,236,2.5,1471555740
17,134,3.0,1471559160
205,250,3.0,1471562340
126,275,1.5,1471562940
208,155,3.5,1471563840
35,139,1.5,1471567680
98,101,3.5,1471570560
343,99,3.5,1471572960
142,101,2.0,1471577580
49,150,2.5,1471578660
348,40,2.5,1471579080
304,165,3.0,1471584000
444,58,4.5,1471586880
418,299,3.0,1471587360
377,244,3.0,1471588140
158,223,2.5,1471589100
211,134,3.0,1471589760
124,59,3.5,1471591140
99,253,2.0,1471600380
25,94,3.0,1471604400
465,17,3.5,1471604580
31,275,2.0,1471606020
480,169,3.5,1471609140
209,81,3.5,1471611720
451,70,2.0,1471611900
437,145,3.5,1471613280
36,38,2.5,1471621320
448,175,3.5,1471623120
327,294,2.5,1471626720
445,17,2.5,1471634820
187,197,4.5,1471635600
364,228,3.5,1471637220
151,165,3.0,1471641360
120,105,3.0,1471650720
184,243,3.0,1471650840
274,289,1.5,1471654920
393,51,4.0,1471659960
17,152,3.5,1471663260
226,217,5.0,1471663860
313,245,2.5,1471666620
486,170,1.5,1471668120
344,284,3.5,1471670340
358,203,2.5,1471671480
141,266,3.5,1471672560
115,282,3.5,1471674180
336,275,2.0,1471686240
155,40,3.0,1471689660
44,208,1.5,1471689840
250,215,2.0,1471693380
291,148,3.0,1471696080
160,251,4.0,1471700160
351,256,3.0,1471700220
298,172,4.5,1471703640
316,216,4.5,1471705740
451,222,3.0,1471705740
322,180,2.5,1471712100
380,149,2.0,1471713840
107,156,0.5,1471716060
411,56,3.5,1471716120
156,28,5.0,1471717920
358,150,4.0,1471736520
318,294,3.0,1471739280
490,137,3.0,1471745280
441,168,3.0,1471754220
255,294,2.5,1471754820
191,290,2.0,1471756020
189,36,4.0,1471759860
312,250,3.5,1471764300
394,231,3.0,1471786260
163,123,4.5,1471789080
227,299,3.0,1471792380
219,51,3.5,1471798080
105,26,3.5,1471798620
235,154,2.5,1471800540
214,19,3.0,1471801320
331,241,3.5,1471807560
202,187,4.0,1471807620
323,60,1.0,1471811760
250,185,3.5,1471830240
425,52,3.5,1471831260
219,28,3.5,1471836000
113,129,3.0,1471855620
196,96,4.0,1471859280
104,93,3.5,1471870260
135,231,3.0,1471888620
284,82,3.0,1471892640
242,81,2.0,1471896720
305,251,2.5,1471898640
148,251,4.0,1471898820
294,29,3.0,1471907880
264,225,2.0,1471908300
128,240,3.5,1471909980
245,264,4.5,1471917480
493,138,2.5,1471918560
421,150,3.0,1471924200
485,137,3.0,1471924560
204,244,5.0,1471928100
434,242,2.5,1471931880
85,24,3.5,1471933680
488,65,4.0,1471937340
456,64,4.5,1471940160
241,187,2.5,1471950120
395,127,3.5,1471951800
11,55,2.5,1471956360
122,279,2.5,1471957140
279,281,4.5,1471969680
184,280,1.0,1471970940
240,105,2.5,1471971180
93,40,2.5,1471971720
496,222,3.5,1471978020
400,35,3.0,1471979940
53,84,4.0,1471980000
181,45,2.0,1471987020
57,193,4.0,1471987860
293,36,3.5,1471990680
101,197,5.0,1471992360
63,182,4.0,1471996800
46,243,4.5,1471998240
190,177,2.0,1472016480
330,35,3.0,1472022840
283,221,3.5,1472030940
99,63,3.0,1472042160
111,153,3.5,1472059080
102,141,3.0,1472067420
176,171,1.0,1472071680
100,243,3.5,1472077440
235,243,3.5,1472092680
330,89,4.0,1472097900
55,233,3.0,1472100360
107,289,1.5,1472104380
22,258,3.0,1472105040
399,174,2.0,1472105940
360,99,2.0,1472117520
225,56,4.5,1472118000
253,255,3.5,1472121300
222,39,2.0,1472130420
140,154,2.0,1472132040
298,299,3.5,1472132640
368,69,5.0,1472136240
457,251,4.0,1472138700
482,215,3.5,1472140380
371,280,3.5,1472145660
147,197,4.5,1472151240
14,48,2.0,1472154660
323,2,1.5,1472155560
60,70,3.5,1472164380
96,81,2.5,1472164860
91,14,3.0,1472170380
368,245,4.0,1472170740
46,182,4.0,1472172120
254,200,2.5,1472172600
254,88,2.5,1472173980
16,203,5.0,1472175780
284,216,4.0,1472181900
367,165,4.5,1472183160
478,174,3.5,1472183640
352,284,3.0,1472184420
448,250,4.0,1472185620
267,282,3.0,1472185800
386,141,4.5,1472187960
98,118,3.0,1472191620
312,207,2.5,1472194440
414,139,3.5,1472200380
81,197,4.5,1472201640
429,294,4.0,1472202960
89,154,3.0,1472210520
281,80,1.5,1472213760
143,240,4.0,1472214000
258,18,2.5,1472215620
96,28,4.0,1472217120
62,134,4.5,1472221980
89,63,5.0,1472222640
341,170,3.5,1472223540
115,217,5.0,1472225160
409,60,3.0,1472226540
133,262,3.5,1472228820
50,66,3.5,1472243280
44,73,2.5,1472248440
361,68,3.5,1472260560
28,175,3.0,1472266980
377,137,4.0,1472279280
34,286,3.0,1472284140
5,275,1.0,1472292720
251,70,3.0,1472294460
225,256,4.0,1472300400
325,207,1.5,1472301660
28,135,2.5,1472306580
81,5,3.0,1472311260
196,216,3.5,1472321040
116,134,2.0,1472326020
259,101,2.0,1472326140
296,146,3.0,1472334720
387,222,3.0,1472335740
270,101,5.0,1472338620
219,288,2.5,1472344440
35,133,3.0,1472348700
378,184,3.0,1472348760
75,171,2.5,1472360280
253,242,3.0,1472362200
279,81,2.5,1472368740
60,206,3.5,1472371740
255,243,3.5,1472372040
131,58,3.5,1472373240
368,255,4.0,1472375940
245,281,4.0,1472382180
259,252,3.0,1472385360
227,273,2.5,1472386500
150,71,4.5,1472387040
460,134,4.0,1472398260
482,54,4.0,1472405340
337,150,1.5,1472410920
256,103,2.5,1472417160
70,294,3.5,1472418780
390,231,2.5,1472419260
244,129,3.0,1472425440
308,278,3.5,1472432340
439,147,4.0,1472433240
409,198,3.0,1472442600
30,244,3.5,1472447160
303,197,3.5,1472449800
57,219,3.5,1472455260
389,137,5.0,1472461320
333,275,2.0,1472466000
426,285,4.0,1472471280
493,229,3.0,1472476020
431,245,3.0,1472476200
310,127,1.5,1472477100
262,237,4.5,1472483340
162,277,3.0,1472486760
1,173,3.0,1472491500
234,174,3.0,1472495400
256,112,2.5,1472496240
75,59,4.0,1472500680
270,244,4.5,1472502060
408,101,2.5,1472511840
203,37,1.5,1472512980
322,146,3.0,1472513100
181,182,3.0,1472513340
312,222,3.0,1472522100
81,281,4.5,1472522820
149,146,3.0,1472536920
338,48,3.0,1472537940
161,35,3.5,1472541900
452,254,4.0,1472543760
298,26,4.5,1472546400
353,148,2.0,1472547180
322,132,5.0,1472548620
84,182,5.0,1472556120
330,243,5.0,1472562780
59,1,3.5,1472566980
21,261,3.0,1472567040
314,36,3.5,1472571600
481,237,3.5,1472581740
66,80,3.0,1472595540
264,134,2.0,1472608320
103,221,3.5,1472613840
465,51,5.0,1472616480
199,138,4.0,1472616960
347,183,3.0,1472624280
161,164,4.5,1472625360
69,245,3.0,1472627400
305,151,3.0,1472632440
205,289,2.0,1472633520
80,146,2.5,1472638080
301,13,2.5,1472639400
439,159,3.5,1472639460
225,71,5.0,1472644860
100,14,2.5,1472645820
307,152,4.0,1472653680
209,172,5.0,1472659080
271,135,2.0,1472660580
140,217,4.5,1472666220
163,250,3.0,1472666580
263,238,3.0,1472670960
81,288,2.5,1472671440
111,5,3.0,1472673360
23,282,4.0,1472675940
336,294,5.0,1472676660
200,220,3.0,1472680440
234,65,4.0,1472681280
228,256,3.0,1472681340
321,281,4.5,1472683260
51,43,3.5,1472697840
72,61,3.5,1472701560
155,200,2.0,1472709180
355,137,4.5,1472713020
423,253,3.0,1472719800
342,244,3.0,1472722260
12,281,5.0,1472722860
86,15,3.0,1472741340
231,153,3.0,1472742660
483,34,4.5,1472746020
135,154,1.5,1472749140
329,296,3.5,1472754180
204,265,4.0,1472756040
494,63,3.0,1472757420
82,27,3.5,1472759100
142,171,1.0,1472761740
470,275,0.5,1472763420
490,207,2.5,1472764500
356,94,4.5,1472764860
229,269,4.0,1472767440
475,275,2.5,1472771220
87,35,2.5,1472775360
7,252,3.5,1472775540
457,134,5.0,1472777760
387,250,3.5,1472781900
28,240,3.5,1472796000
271,118,4.0,1472805480
105,189,3.5,1472808780
232,28,4.0,1472809380
319,141,3.5,1472813040
299,279,3.0,1472819220
236,107,3.0,1472832120
320,56,3.0,1472832660
295,52,3.0,1472836980
48,137,4.0,1472838480
487,79,4.0,1472839380
404,109,4.0,1472844300
480,251,3.0,1472850600
79,28,4.5,1472853960
103,154,2.0,1472854440
365,136,2.0,1472858340
212,21,1.5,1472859480
390,266,3.0,1472859720
179,105,5.0,1472867280
315,135,2.5,1472876280
486,63,3.0,1472880000
447,43,3.0,1472880180
135,215,3.0,1472880660
227,31,3.5,1472881080
119,53,3.5,1472884500
407,272,2.5,1472884860
212,27,2.5,1472897520
438,225,1.0,1472898120
108,60,1.5,1472903400
159,17,4.0,1472920140
208,243,4.0,1472925480
135,182,4.0,1472927820
234,267,3.0,1472928000
494,231,2.0,1472932260
242,51,2.0,1472935680
393,299,3.5,1472949120
24,203,2.5,1472964540
471,245,4.0,1472965500
367,65,5.0,1472967960
431,64,2.5,1472973720
143,127,4.5,1472974380
324,90,5.0,1472980200
310,173,4.5,1472980440
255,65,3.0,1472984040
294,34,3.0,1472990700
374,35,3.0,1472991000
486,128,3.0,1472995980
329,17,4.0,1473006660
4,94,3.0,1473016080
290,159,4.0,1473018480
217,67,3.5,1473020580
396,225,0.5,1473023280
71,30,4.0,1473026520
375,173,3.5,1473029460
345,286,2.5,1473031620
426,71,5.0,1473031740
385,197,4.5,1473032640
170,297,2.5,1473032820
315,48,1.5,1473037440
120,208,1.5,1473045300
266,297,4.0,1473047400
57,81,2.5,1473048060
276,197,4.0,1473063420
410,171,2.5,1473066240
20,105,3.0,1473071580
476,73,2.5,1473073200
113,57,2.5,1473079440
48,36,4.0,1473084060
379,253,3.0,1473086160
169,165,4.0,1473105600
17,250,3.5,1473105900
430,156,2.5,1473109020
296,166,4.0,1473112860
319,254,3.5,1473114960
282,65,3.5,1473115020
326,170,1.5,1473119820
496,206,2.5,1473125640
309,171,2.0,1473130560
161,290,4.0,1473134100
68,146,2.5,1473134520
291,176,3.0,1473135780
70,284,2.5,1473138600
270,93,5.0,1473147120
356,137,4.5,1473150480
126,120,4.0,1473163260
292,65,2.0,1473176940
252,215,3.5,1473182460
8,256,2.5,1473196080
117,5,2.0,1473204120
266,250,3.0,1473204120
69,170,3.5,1473211260
90,14,4.0,1473217380
23,151,3.0,1473222720
39,43,3.5,1473223140
118,88,3.0,1473227640
196,207,2.0,1473229980
436,123,3.5,1473238560
377,129,4.0,1473245760
434,165,3.0,1473246120
147,36,5.0,1473252600
57,203,3.0,1473256320
384,101,3.0,1473264180
227,265,3.0,1473269340
229,94,3.5,1473270540
376,179,2.5,1473275880
451,275,0.5,1473280320
397,27,2.0,1473282000
383,245,3.0,1473283080
15,15,2.5,1473291780
196,246,3.5,1473294480
361,160,3.0,1473302580
427,131,2.5,1473303900
229,162,3.5,1473308580
279,269,3.5,1473313380
128,47,4.0,1473314340
95,63,2.0,1473321660
27,82,4.0,1473328080
132,220,3.0,1473329700
367,134,5.0,1473332280
147,150,2.5,1473348000
498,275,1.5,1473354900
224,220,3.5,1473360660
270,273,5.0,1473363120
431,288,3.0,1473364860
394,251,3.0,1473366900
417,1,3.5,1473369420
378,208,3.0,1473373800
479,200,1.0,1473377280
1,294,3.5,1473378720
380,223,2.5,1473378900
354,245,3.0,1473385440
35,21,2.5,1473395460
128,243,4.0,1473400080
75,177,2.0,1473401100
361,103,3.5,1473401580
382,112,5.0,1473411840
127,100,4.0,1473412140
423,110,2.0,1473412200
459,210,3.5,1473414780
299,60,2.5,1473419160
297,268,2.5,1473419760
124,93,4.0,1473423840
358,230,3.5,1473424140
164,220,2.5,1473426780
379,277,2.5,1473432720
140,182,3.0,1473443220
182,226,5.0,1473451620
161,222,3.0,1473458640
371,262,3.0,1473464460
103,226,3.5,1473464640
480,229,4.0,1473466560
131,141,4.5,1473466620
456,295,3.0,1473466920
391,300,4.5,1473468780
54,99,4.0,1473474720
402,281,5.0,1473479640
30,121,5.0,1473482340
214,66,2.5,1473487440
259,154,3.0,1473489300
193,137,2.5,1473493500
202,229,4.5,1473499860
434,220,4.5,1473503280
209,139,4.0,1473503880
454,264,4.5,1473503880
95,141,3.0,1473505320
176,141,3.0,1473506160
417,100,4.0,1473507960
419,216,4.5,1473512340
299,203,3.0,1473513540
447,236,4.0,1473517680
392,34,2.0,1473520080
219,127,2.5,1473521580
237,275,1.0,1473542940
37,101,3.5,1473542940
370,103,2.5,1473544860
236,269,2.0,1473544860
453,137,4.0,1473546480
23,14,3.0,1473548580
237,82,3.5,1473553440
17,1,2.5,1473554340
60,203,2.5,1473554940
142,251,3.5,1473560160
149,251,2.5,1473566100
418,30,2.5,1473566640
81,148,4.0,1473568740
283,284,4.0,1473571260
403,71,5.0,1473575820
212,299,2.5,1473587100
10,166,3.0,1473587820
56,64,3.0,1473589680
28,255,4.0,1473589920
55,40,2.5,1473598380
365,152,2.5,1473600660
191,231,2.5,1473603120
297,134,3.5,1473606720
52,275,2.5,1473607560
95,105,3.0,1473610080
500,15,2.5,1473616440
164,165,3.5,1473616740
294,299,2.5,1473617760
52,150,3.5,1473619500
488,294,3.5,1473628200
36,220,3.0,1473631620
308,132,4.5,1473637140
397,239,2.5,1473638220
453,15,2.5,1473639720
338,64,4.0,1473639780
225,107,4.0,1473643380
94,276,3.0,1473644400
464,73,3.5,1473645780
91,66,2.5,1473645900
331,1,4.0,1473648000
123,51,4.0,1473648060
16,247,2.5,1473650700
221,241,3.0,1473665100
356,77,3.5,1473666360
240,123,3.5,1473666480
453,70,3.0,1473669000
210,47,2.5,1473669660
369,31,3.5,1473670080
446,134,5.0,1473673380
270,138,5.0,1473674520
99,245,2.0,1473674700
165,262,3.5,1473680520
152,43,5.0,1473682020
189,294,3.5,1473683520
167,107,4.0,1473685860
154,52,2.5,1473689400
433,223,3.5,1473695040
132,167,5.0,1473698340
199,178,3.5,1473701400
189,174,2.5,1473706680
219,177,2.0,1473707100
209,9,4.0,1473708540
350,273,2.0,1473712740
440,148,3.0,1473718020
312,231,3.0,1473722700
25,27,2.0,1473726840
45,134,3.5,1473728220
470,230,3.5,1473732660
113,19,3.5,1473738240
242,38,1.5,1473741240
219,84,4.0,1473741780
310,249,2.5,1473741780
117,231,3.0,1473741960
430,24,4.0,1473755100
445,114,1.5,1473759180
339,251,4.0,1473783300
297,35,2.5,1473783600
323,299,1.5,1473785580
442,197,5.0,1473795000
209,148,4.0,1473796080
240,121,3.0,1473796440
399,278,2.5,1473800880
195,252,3.0,1473804480
448,294,2.5,1473807660
488,93,3.0,1473809640
27,107,3.5,1473813720
261,294,2.5,1473818340
429,215,2.0,1473827160
381,193,5.0,1473827220
98,26,3.0,1473827700
125,14,4.5,1473833460
13,266,3.0,1473835140
450,66,4.0,1473835260
440,6,3.0,1473837420
201,14,4.0,1473843000
283,78,2.0,1473844080
124,243,4.5,1473848520
396,64,3.0,1473852120
84,172,5.0,1473852720
327,184,2.0,1473862260
371,300,3.0,1473864180
298,82,3.5,1473866400
50,180,2.0,1473868620
471,260,4.0,1473880080
165,186,3.5,1473883080
55,182,3.5,1473885420
328,284,5.0,1473887760
330,176,4.5,1473893400
412,255,4.0,1473894540
187,40,5.0,1473899280
232,21,4.0,1473899940
80,251,3.5,1473900840
134,219,3.0,1473903360
258,275,1.5,1473904380
304,109,3.5,1473916440
72,229,3.5,1473925500
307,45,2.0,1473927420
183,64,5.0,1473928560
86,220,2.5,1473932820
188,123,5.0,1473941880
21,119,3.5,1473946380
131,106,4.0,1473953100
457,10,4.0,1473960060
137,239,3.5,1473962340
158,240,2.0,1473965040
466,144,4.5,1473973620
411,138,4.0,1473985320
283,47,3.0,1473986160
255,159,3.5,1473989220
457,193,4.5,1473995700
221,82,3.5,1473996000
93,166,3.5,1473996960
49,173,5.0,1473997620
346,215,2.5,1474003380
209,208,3.5,1474004220
455,280,4.5,1474020060
486,13,3.5,1474029780
106,68,3.0,1474031880
185,248,2.0,1474033140
486,150,2.0,1474033260
161,245,3.0,1474034160
135,248,1.5,1474036440
284,65,3.5,1474043580
100,217,4.0,1474044780
373,70,2.0,1474047900
427,272,2.5,1474049640
435,34,3.0,1474058220
101,193,4.5,1474060560
421,210,3.5,1474062720
28,243,4.0,1474067280
470,289,1.5,1474069380
469,18,2.0,1474070400
159,128,4.0,1474071960
96,101,2.0,1474073640
300,196,4.5,1474078200
458,101,3.5,1474079760
477,238,3.0,1474088700
487,239,2.5,1474094040
164,94,2.5,1474094700
257,139,4.0,1474094700
103,273,3.5,1474098600
432,210,3.0,1474102440
20,57,2.5,1474106280
13,179,2.0,1474114200
251,37,3.5,1474114500
477,42,1.0,1474118520
97,25,3.5,1474127880
245,229,4.5,1474128000
392,64,3.0,1474131900
5,134,2.5,1474133760
272,242,2.5,1474139820
329,14,3.5,1474142460
242,36,3.5,1474145100
412,48,3.0,1474156440
164,238,3.0,1474157760
466,180,3.5,1474157760
198,230,4.0,1474159980
157,223,5.0,1474167360
61,137,2.5,1474172760
102,28,4.0,1474174380
60,251,3.5,1474182900
1,275,1.0,1474192980
2,231,3.5,1474198440
347,279,3.5,1474199880
312,226,2.5,1474203960
53,148,4.0,1474211880
300,262,4.0,1474212780
106,273,3.0,1474213140
177,229,4.5,1474215420
88,42,2.5,1474217880
378,73,2.0,1474231320
173,45,2.5,1474233300
483,264,5.0,1474236660
59,45,3.5,1474237020
9,235,3.0,1474241520
244,51,3.0,1474241820
388,184,2.5,1474247160
332,37,3.0,1474247340
230,58,3.0,1474253460
296,119,2.5,1474253940
474,172,4.0,1474255800
433,47,2.5,1474256040
370,290,3.0,1474259580
437,203,3.5,1474279020
135,118,2.0,1474280520
495,58,4.0,1474283760
200,216,3.5,1474288740
486,18,2.0,1474289460
160,121,3.5,1474290120
147,147,3.5,1474292820
188,71,5.0,1474302600
253,154,2.0,1474306320
282,283,3.5,1474307160
138,248,1.5,1474310940
249,24,4.0,1474311660
454,65,3.5,1474312140
11,217,4.0,1474315860
54,80,2.0,1474325280
447,52,3.5,1474327320
458,88,2.5,1474328880
381,137,4.5,1474329600
472,256,4.0,1474335840
116,68,1.0,1474337100
372,217,4.0,1474343640
154,247,1.0,1474353720
482,40,4.0,1474354740
99,81,3.0,1474355580
160,60,2.0,1474359420
285,289,2.5,1474362240
8,56,2.0,1474364880
461,101,3.0,1474365120
348,174,3.0,1474366560
331,259,3.5,1474368000
405,154,1.5,1474369680
354,273,2.0,1474372200
116,64,3.5,1474374000
95,262,2.0,1474383180
113,165,3.0,1474397100
471,90,3.0,1474405740
308,18,2.5,1474410120
325,132,4.5,1474411200
30,231,4.0,1474413120
416,63,4.0,1474413360
88,65,4.5,1474421040
172,269,3.5,1474424760
418,51,3.5,1474425000
290,240,3.0,1474430460
107,254,2.0,1474432260
196,222,3.0,1474432800
246,15,2.5,1474436760
341,238,3.5,1474441860
474,156,1.5,1474442880
155,175,3.5,1474446660
487,68,1.5,1474448820
472,294,4.0,1474449960
389,159,3.5,1474455720
115,37,3.0,1474463640
357,212,2.5,1474474620
401,251,2.5,1474476900
416,78,3.0,1474484100
219,42,2.0,1474485720
65,250,4.0,1474489080
49,266,4.5,1474490820
300,207,1.5,1474499760
334,248,0.5,1474500600
500,295,3.5,1474504440
367,15,5.0,1474511760
462,170,3.0,1474512480
47,237,4.0,1474517280
152,259,3.0,1474518420
211,141,3.0,1474519200
175,220,4.0,1474519560
100,156,2.0,1474523880
115,231,3.5,1474524480
396,137,3.5,1474525500
300,175,4.0,1474527780
199,201,2.5,1474540860
380,215,2.0,1474548840
202,77,2.5,1474552740
92,110,2.5,1474555440
154,160,2.0,1474555740
426,64,3.5,1474557120
122,19,3.5,1474558200
418,279,1.5,1474561200
5,65,3.0,1474567680
159,29,4.0,1474571820
184,235,4.5,1474583460
138,198,4.0,1474589160
409,294,3.5,1474591320
113,94,3.0,1474612080
500,83,2.5,1474615800
128,185,4.5,1474615860
212,210,2.5,1474623840
101,15,3.0,1474623900
5,14,3.0,1474634640
155,15,2.5,1474636740
373,35,2.0,1474636920
300,66,3.5,1474643580
450,132,3.5,1474650780
418,24,3.5,1474651440
84,183,4.0,1474651800
273,94,2.0,1474654920
123,18,2.0,1474657920
468,175,3.5,1474659300
456,190,3.5,1474662780
435,64,4.0,1474665360
158,64,3.0,1474669620
85,275,1.0,1474669920
60,105,4.5,1474673100
413,78,2.0,1474679040
301,217,2.5,1474686420
413,163,2.5,1474697040
494,243,3.5,1474697400
209,43,3.5,1474706340
192,101,3.0,1474707420
186,175,4.0,1474709820
186,220,4.5,1474723200
110,96,4.5,1474727100
278,3,3.0,1474728720
177,231,3.0,1474731000
79,88,2.5,1474733940
54,229,3.0,1474736100
220,170,2.0,1474740960
412,205,2.5,1474746960
95,170,1.0,1474748520
75,241,3.5,1474761300
359,252,4.5,1474765320
386,243,3.5,1474772940
39,294,3.5,1474778400
472,241,5.0,1474792140
255,8,3.0,1474793940
72,82,3.0,1474797060
120,235,3.5,1474801860
408,48,2.5,1474804800
479,39,1.5,1474808280
285,189,2.5,1474815840
339,256,2.5,1474820220
141,272,1.5,1474822500
220,299,3.0,1474825080
350,45,2.5,1474826340
204,137,5.0,1474826820
454,129,4.0,1474828140
4,24,3.5,1474830300
245,104,4.0,1474834200
376,245,2.5,1474835160
140,60,2.5,1474846800
388,21,2.5,1474847220
95,259,1.0,1474865700
275,80,1.0,1474868700
15,13,3.5,1474869720
265,274,5.0,1474873260
373,101,3.5,1474873440
359,263,5.0,1474876620
371,36,4.0,1474877280
247,198,2.5,1474877820
13,24,3.0,1474878240
31,241,5.0,1474890960
68,120,3.5,1474893780
120,250,3.0,1474896000
353,184,2.0,1474897740
397,226,2.5,1474899060
349,24,4.0,1474905480
468,14,3.5,1474906800
230,60,2.5,1474912020
429,4,4.5,1474912980
303,277,2.0,1474920420
380,81,2.0,1474922520
296,294,4.0,1474930740
151,250,3.5,1474933320
122,262,3.0,1474937940
100,60,1.0,1474940220
246,147,4.0,1474953120
344,296,2.5,1474956240
437,121,4.5,1474957620
111,36,4.5,1474971720
359,70,4.0,1474975020
289,105,3.5,1474983900
96,220,3.5,1474996200
322,40,3.5,1474996560
147,137,4.5,1475001360
298,218,4.5,1475002020
230,94,3.0,1475003280
92,118,2.0,1475012040
384,173,3.5,1475012220
224,176,3.0,1475016780
461,176,3.0,1475023920
442,221,3.5,1475024340
129,236,2.5,1475027100
404,59,4.5,1475027460
452,94,3.5,1475029080
216,37,3.0,1475030280
444,27,3.5,1475030640
332,226,4.0,1475034600
85,56,3.5,1475040900
291,195,3.5,1475040900
210,250,3.5,1475042640
231,15,3.0,1475043420
437,250,3.0,1475055060
275,52,2.0,1475063460
244,137,4.0,1475081040
440,267,2.0,1475088780
317,14,3.5,1475091900
293,72,0.5,1475092020
43,269,4.5,1475095500
300,31,3.5,1475095800
394,172,3.5,1475095920
166,244,2.0,1475096160
177,212,3.5,1475098260
382,291,2.0,1475104560
47,150,2.0,1475105400
230,284,5.0,1475105820
494,147,3.0,1475112180
209,133,3.5,1475138340
242,147,3.5,1475140560
218,121,4.0,1475143200
401,63,2.0,1475147580
26,40,2.0,1475147760
154,254,2.5,1475157240
24,109,3.5,1475162160
369,179,4.0,1475179680
499,147,3.0,1475179800
411,195,3.0,1475187660
145,105,3.5,1475190060
107,137,2.0,1475197020
307,51,5.0,1475201880
311,36,4.0,1475204520
81,275,2.0,1475209680
330,141,4.5,1475216400
285,150,2.0,1475220720
259,280,2.5,1475221260
447,164,3.5,1475221680
197,222,3.5,1475227560
261,134,3.0,1475229360
294,23,3.0,1475238780
232,93,3.0,1475247420
349,262,2.5,1475250240
335,265,3.0,1475251740
235,94,3.0,1475254140
444,289,3.0,1475255640
32,176,3.5,1475257080
199,36,4.0,1475257260
386,222,4.0,1475262720
422,127,3.0,1475262720
251,250,4.0,1475262840
94,26,4.5,1475267400
55,197,4.5,1475276700
314,30,2.0,1475278380
396,37,2.0,1475280300
452,275,1.0,1475283060
206,176,3.0,1475294460
304,187,3.5,1475295120
100,80,0.5,1475295960
496,154,2.5,1475299740
117,58,3.5,1475307780
22,184,4.5,1475311080
59,197,5.0,1475315520
123,213,4.0,1475318280
166,182,3.5,1475328360
436,203,3.0,1475332920
25,151,2.5,1475339160
34,79,3.0,1475343900
321,93,3.0,1475344920
47,195,2.5,1475345100
75,182,4.5,1475346240
382,129,3.5,1475353560
200,243,3.5,1475354040
96,94,4.0,1475359920
252,250,3.5,1475360760
324,243,5.0,1475367180
374,42,2.5,1475376240
45,159,3.0,1475381340
251,93,4.5,1475385780
488,31,3.0,1475389380
187,13,5.0,1475394240
136,294,2.5,1475395500
500,250,3.0,1475396340
235,5,2.0,1475398380
35,13,3.5,1475400540
294,37,3.0,1475404260
242,37,3.0,1475404980
87,193,5.0,1475408160
140,243,3.0,1475414460
174,256,3.5,1475418180
293,171,2.0,1475419140
348,53,2.5,1475419620
499,51,4.5,1475421000
7,96,3.5,1475435460
456,37,3.0,1475436780
119,10,4.0,1475447580
339,60,2.0,1475448000
461,48,2.5,1475451060
93,218,3.5,1475462760
398,299,1.5,1475467680
307,82,3.0,1475467860
93,79,3.5,1475477280
367,250,5.0,1475483160
189,262,3.0,1475483460
149,18,2.5,1475486280
130,245,3.0,1475486340
341,96,4.0,1475487360
288,153,3.5,1475492160
233,51,4.5,1475494500
330,47,3.0,1475495220
150,49,4.0,1475496540
32,141,3.0,1475503080
411,139,2.5,1475519100
83,205,1.5,1475525220
231,267,2.0,1475525700
16,15,3.0,1475526780
219,252,3.0,1475535240
156,48,4.0,1475552700
113,28,4.0,1475558880
494,259,2.0,1475566860
412,220,5.0,1475567820
151,251,4.5,1475571180
285,290,2.5,1475573940
108,145,2.5,1475575440
315,300,3.5,1475577660
359,157,4.0,1475579040
462,240,3.5,1475581200
492,233,1.5,1475586120
181,3,1.0,1475587440
485,68,1.5,1475593380
470,233,2.0,1475600220
493,202,3.5,1475600400
474,163,2.5,1475601840
254,157,2.5,1475617440
255,185,3.0,1475621280
398,256,3.5,1475621640
230,64,2.5,1475625900
44,127,2.0,1475628120
81,138,3.5,1475633280
367,70,4.0,1475633460
485,44,2.0,1475637720
399,77,1.5,1475638680
16,252,3.5,1475641980
91,189,2.5,1475649600
69,219,3.0,1475651040
85,175,3.5,1475661120
290,28,3.5,1475664300
466,273,2.5,1475664360
33,259,2.0,1475664960
375,129,2.5,1475666100
464,288,3.0,1475670480
431,15,2.0,1475675280
188,185,4.5,1475675940
351,94,3.0,1475676000
282,294,3.5,1475681160
179,219,4.5,1475685480
255,222,3.5,1475688120
213,32,5.0,1475699880
182,229,5.0,1475700240
492,182,4.0,1475717040
242,21,3.5,1475718000
224,243,2.5,1475719500
101,73,3.5,1475719920
271,166,2.5,1475721960
443,235,2.5,1475723880
118,279,3.5,1475735280
469,251,3.0,1475735700
350,258,2.5,1475745060
82,44,3.0,1475750520
403,185,4.5,1475753340
170,137,3.5,1475764860
110,13,4.5,1475766180
171,77,2.5,1475769720
182,21,4.5,1475769840
448,63,3.0,1475772360
119,20,2.5,1475772600
52,227,3.5,1475775300
442,206,3.5,1475776200
90,119,3.5,1475778600
396,34,2.0,1475779440
5,217,3.5,1475783760
366,170,3.0,1475785200
278,151,3.0,1475790000
248,27,2.0,1475790360
278,31,3.5,1475791020
201,163,2.5,1475791140
117,124,4.0,1475792340
305,64,3.0,1475793180
436,65,1.5,1475794080
255,24,3.0,1475797140
212,182,3.0,1475798100
370,194,2.5,1475804580
283,104,3.0,1475807940
319,208,3.5,1475814600
79,58,3.0,1475815140
446,95,5.0,1475816340
228,169,3.0,1475824200
439,176,3.0,1475826060
264,207,2.0,1475832120
26,88,2.5,1475835000
281,72,2.0,1475835480
137,205,2.5,1475845200
81,133,3.5,1475845980
273,77,2.0,1475852100
112,152,3.0,1475852160
314,238,3.5,1475854500
66,243,4.5,1475854860
122,231,4.0,1475862900
188,30,5.0,1475864100
118,218,3.5,1475866320
386,51,3.5,1475872320
343,254,3.5,1475872500
475,156,3.0,1475874000
240,14,4.0,1475874060
486,212,3.5,1475888700
11,282,4.5,1475895300
266,141,4.5,1475896200
138,101,2.0,1475904000
156,183,4.5,1475904360
20,67,3.5,1475910120
485,133,1.5,1475910240
261,72,0.5,1475910420
336,222,4.0,1475923740
236,215,3.5,1475924460
163,247,2.5,1475926740
385,32,4.0,1475935440
43,244,2.5,1475941260
458,73,4.0,1475945820
442,176,4.5,1475956440
186,154,2.5,1475964180
315,165,2.0,1475970420
154,240,1.0,1475973240
295,83,2.0,1475976240
44,44,2.5,1475976720
49,17,3.0,1475988480
181,93,2.5,1475994960
146,45,2.0,1475997540
276,235,3.5,1476000060
168,96,4.5,1476004740
17,243,4.5,1476010920
478,10,3.5,1476017520
51,98,4.5,1476023760
314,165,2.5,1476031320
299,265,3.5,1476033180
53,172,5.0,1476035220
258,47,2.5,1476041520
235,290,2.5,1476041640
461,217,4.0,1476050040
59,258,3.5,1476050520
429,41,3.5,1476053640
108,52,2.5,1476057240
46,189,3.0,1476060480
236,112,4.5,1476067260
431,263,4.5,1476068520
425,279,4.0,1476071160
339,156,2.0,1476076920
439,3,2.5,1476085800
101,175,4.0,1476087480
84,207,1.0,1476091080
12,94,2.0,1476093060
109,189,3.5,1476094980
344,193,3.0,1476104460
52,69,3.0,1476108300
267,255,3.5,1476114360
335,48,2.5,1476115380
191,278,2.0,1476117060
457,220,4.5,1476126480
382,31,3.5,1476128280
116,30,2.5,1476128460
185,134,5.0,1476134280
121,240,3.0,1476134400
155,14,3.5,1476135960
224,31,4.0,1476138900
480,262,3.0,1476143340
209,116,3.0,1476143340
269,284,3.5,1476145680
84,203,3.5,1476147420
466,42,3.5,1476149640
213,101,3.5,1476151020
118,153,4.0,1476152760
266,245,3.5,1476153900
348,215,2.5,1476163620
206,10,4.0,1476169260
340,101,3.5,1476170280
114,269,4.5,1476177360
351,265,2.0,1476192960
355,94,3.0,1476194880
324,60,4.5,1476196320
264,145,2.5,1476209340
250,174,3.5,1476211200
40,186,3.5,1476222660
491,245,1.5,1476226860
202,290,3.0,1476229680
29,93,1.5,1476230460
12,262,3.5,1476232500
106,48,2.5,1476248640
116,31,2.5,1476251880
156,54,5.0,1476259920
132,27,3.5,1476272700
178,58,4.0,1476277920
3,225,2.5,1476290220
253,280,2.5,1476295860
264,287,2.0,1476304080
427,78,3.5,1476304920
80,58,3.5,1476312600
411,47,2.0,1476313080
221,240,2.0,1476315000
41,55,2.5,1476318000
127,154,2.0,1476324840
110,217,4.5,1476329460
166,60,3.5,1476333060
439,266,4.5,1476339060
383,118,2.5,1476341520
56,140,4.0,1476343920
410,129,3.0,1476348480
362,221,3.0,1476348720
155,152,3.0,1476352020
305,231,2.5,1476356880
116,148,2.0,1476357840
305,208,1.0,1476360300
7,89,3.5,1476363180
165,36,3.5,1476370080
499,58,3.0,1476373980
106,223,3.5,1476391680
62,262,5.0,1476392280
461,250,3.5,1476393060
376,231,2.5,1476404820
303,294,4.0,1476406380
366,182,5.0,1476407940
269,134,2.5,1476413160
166,123,4.0,1476416820
403,94,3.0,1476416940
52,280,2.5,1476424140
376,291,2.0,1476425400
435,273,3.0,1476427500
409,220,3.5,1476427980
134,217,5.0,1476434820
331,281,4.5,1476436380
436,150,2.5,1476436680
317,195,2.0,1476440640
247,163,4.5,1476441660
315,269,3.5,1476452760
469,28,3.5,1476453480
49,158,5.0,1476464460
428,183,2.0,1476476760
475,207,2.5,1476477540
385,237,4.0,1476480600
120,41,3.0,1476487980
237,250,4.5,1476491700
179,208,3.5,1476494580
221,67,2.5,1476496380
293,200,3.0,1476497280
74,262,3.0,1476503160
178,55,3.0,1476504360
278,14,4.0,1476506400
193,150,1.5,1476511860
294,180,3.5,1476513060
427,36,4.5,1476514320
189,14,3.0,1476516720
266,222,4.0,1476520020
393,289,2.5,1476521700
390,165,3.5,1476522540
497,197,5.0,1476528480
141,81,3.0,1476529020
20,198,2.5,1476532800
172,147,3.0,1476535560
44,182,3.5,1476539100
117,48,3.0,1476546060
51,24,4.0,1476550620
376,253,1.0,1476552540
239,221,3.5,1476556800
235,264,2.0,1476557220
223,82,3.0,1476561060
31,136,3.5,1476565380
484,101,3.0,1476571440
244,284,4.0,1476576960
344,147,2.0,1476578940
45,231,2.5,1476581400
373,105,3.5,1476585180
94,66,2.5,1476595200
197,1,2.5,1476596820
133,170,2.0,1476598680
244,206,3.0,1476608940
326,145,3.0,1476613680
364,24,3.0,1476619680
272,31,3.0,1476621060
382,201,2.5,1476628500
495,39,3.5,1476630480
181,173,3.0,1476630720
468,160,3.5,1476632220
179,280,4.5,1476639300
1,207,1.5,1476640020
231,299,4.0,1476641160
104,14,4.5,1476641400
207,145,4.0,1476645900
407,253,2.5,1476647880
77,269,3.0,1476658200
319,279,3.0,1476662460
214,269,4.5,1476682980
7,71,4.5,1476687300
244,220,4.5,1476689760
12,256,3.5,1476697560
396,146,2.0,1476704640
193,134,3.5,1476706500
14,240,2.0,1476710220
478,187,4.5,1476721380
207,183,4.0,1476724200
288,294,4.0,1476725400
93,284,3.5,1476730620
98,216,4.0,1476731640
390,258,2.0,1476732480
108,299,2.0,1476733500
235,159,2.5,1476738300
258,279,3.0,1476741180
236,101,4.0,1476742620
192,241,3.5,1476746280
161,228,3.5,1476746640
195,40,3.0,1476749760
47,67,3.5,1476750480
127,160,2.0,1476760620
498,42,3.5,1476763560
382,15,3.5,1476766440
22,133,2.0,1476768480
400,36,5.0,1476772320
252,194,2.0,1476782820
152,14,4.5,1476790500
322,229,4.5,1476794220
464,17,3.5,1476798600
380,256,2.5,1476803940
89,205,3.0,1476810360
378,220,2.5,1476822240
104,200,3.0,1476823020
490,3,2.0,1476829620
107,185,1.5,1476833220
195,73,3.0,1476833700
416,197,5.0,1476838980
351,65,4.0,1476845220
122,53,4.0,1476847980
85,149,2.0,1476849240
356,241,4.0,1476851760
281,178,1.5,1476854580
184,207,2.5,1476860940
138,129,3.5,1476862260
322,279,3.0,1476865260
104,137,5.0,1476870660
480,3,2.5,1476873900
9,31,4.0,1476877740
451,281,3.5,1476879840
4,221,2.5,1476881700
237,120,4.5,1476881700
171,15,2.5,1476884820
476,175,2.0,1476889860
441,67,2.5,1476892320
162,24,5.0,1476898260
61,228,2.5,1476907080
253,42,2.0,1476908880
169,197,4.5,1476911940
42,82,3.0,1476912600
357,89,3.0,1476914340
102,296,4.5,1476919800
364,165,3.5,1476919860
235,201,1.5,1476923400
72,138,5.0,1476930240
285,26,3.0,1476930960
497,279,5.0,1476942180
396,250,2.0,1476945780
392,229,3.5,1476952080
231,185,3.5,1476953220
498,80,2.0,1476958320
36,176,2.5,1476977220
37,215,3.5,1476977460
227,151,3.0,1476979620
212,81,2.0,1476983700
81,165,3.5,1476997740
483,81,3.0,1477006680
436,169,2.0,1477015140
363,279,3.0,1477021680
325,93,3.5,1477026360
223,227,3.0,1477026660
362,57,3.0,1477029120
457,63,3.0,1477033260
210,177,2.0,1477034880
412,243,4.5,1477035900
430,35,2.5,1477036200
396,169,3.0,1477051080
145,107,4.5,1477051380
133,210,4.0,1477064880
30,188,5.0,1477065600
489,222,3.5,1477072500
61,214,3.5,1477074240
138,70,3.0,1477082400
108,178,3.5,1477091460
481,179,4.0,1477095360
241,63,2.0,1477095660
424,28,4.0,1477099620
408,290,3.5,1477101660
107,63,2.0,1477102440
137,24,2.5,1477104240
62,216,5.0,1477107120
273,30,3.5,1477107420
408,208,3.5,1477111080
218,134,4.5,1477114020
162,243,5.0,1477117860
265,208,2.5,1477119420
146,88,2.5,1477119480
213,132,5.0,1477120680
174,40,3.5,1477123920
260,132,5.0,1477132980
500,89,4.5,1477139340
31,154,3.0,1477142040
253,43,3.0,1477142520
304,15,3.0,1477144920
7,235,3.5,1477147800
65,105,3.5,1477148280
60,285,5.0,1477153560
251,28,4.0,1477158000
481,178,4.0,1477163820
126,297,3.0,1477164000
7,106,3.5,1477168740
419,31,5.0,1477168920
476,288,2.5,1477170060
26,138,5.0,1477173060
315,243,3.0,1477179660
423,94,3.0,1477190640
42,253,3.0,1477206180
276,109,3.5,1477212720
36,163,1.5,1477213500
191,162,3.5,1477213560
473,80,2.0,1477214280
489,107,4.5,1477218720
121,40,3.5,1477225860
132,263,4.5,1477230420
66,47,3.0,1477232220
475,48,4.5,1477234080
11,138,3.5,1477234860
271,13,3.5,1477252860
466,253,3.0,1477257720
23,192,3.5,1477267980
151,94,3.5,1477269780
46,200,2.5,1477278000
330,134,3.5,1477278780
231,264,4.0,1477279140
96,172,5.0,1477279500
63,186,3.0,1477284480
327,27,3.5,1477287000
299,250,4.0,1477295700
45,220,3.0,1477296240
259,229,3.0,1477297260
61,253,1.5,1477305900
229,289,3.0,1477326600
34,48,3.0,1477327080
441,279,2.5,1477330440
384,289,2.0,1477330560
209,146,2.5,1477331700
208,172,4.5,1477332060
223,137,3.0,1477333200
488,202,3.5,1477336260
301,279,2.5,1477336500
220,65,4.0,1477339920
340,297,4.0,1477340820
272,250,3.5,1477341360
429,141,4.0,1477360500
286,94,4.0,1477361760
87,73,4.5,1477366260
456,187,3.0,1477368900
357,170,1.0,1477370640
361,293,3.0,1477372320
190,101,2.5,1477374600
470,269,3.5,1477378500
34,233,2.0,1477384380
372,253,2.0,1477384680
86,137,4.0,1477396260
245,35,2.5,1477413120
278,103,3.0,1477413180
136,134,4.0,1477415460
361,88,3.5,1477417020
93,64,4.0,1477417680
298,137,5.0,1477423140
137,236,3.0,1477425840
346,194,1.0,1477429140
314,47,2.0,1477430280
394,289,2.0,1477440540
359,184,3.5,1477443060
86,103,3.0,1477447980
30,256,5.0,1477453320
490,239,2.5,1477459380
441,47,2.5,1477461840
409,80,3.5,1477466820
489,225,2.0,1477468800
332,205,2.0,1477470180
121,279,3.5,1477472400
55,217,3.5,1477472520
290,154,2.0,1477479600
485,299,2.5,1477481520
279,231,3.0,1477502940
301,247,1.0,1477506840
176,60,1.5,1477513380
220,229,5.0,1477514280
121,151,4.0,1477514760
483,251,4.0,1477514940
88,26,3.5,1477516320
225,275,1.5,1477522260
281,173,3.0,1477535820
497,217,5.0,1477539600
117,182,4.0,1477540740
14,14,3.5,1477544100
99,1,2.5,1477551180
283,4,3.5,1477553100
355,35,2.5,1477553340
79,29,3.0,1477555860
470,30,3.0,1477556700
160,255,3.5,1477559160
112,77,2.0,1477572240
80,152,4.0,1477578780
146,69,3.0,1477583400
95,269,2.5,1477593540
140,174,2.0,1477597740
23,160,2.5,1477598700
362,245,3.5,1477598820
404,1,2.5,1477601640
214,289,2.0,1477604880
489,177,2.5,1477605420
148,255,3.5,1477607940
54,261,4.5,1477608420
325,47,3.5,1477608540
55,128,3.5,1477609080
445,30,2.0,1477610520
328,13,5.0,1477614600
164,10,4.0,1477620180
406,231,2.5,1477621020
276,48,2.5,1477621860
382,88,2.5,1477625580
87,212,4.5,1477629960
392,4,2.5,1477634280
494,197,4.0,1477646340
251,174,3.5,1477649160
374,164,4.5,1477650420
229,14,3.0,1477660380
298,201,4.5,1477661100
213,106,4.5,1477665600
362,95,3.0,1477671720
410,134,5.0,1477672080
182,290,3.0,1477675800
26,3,3.0,1477676640
434,123,4.0,1477682820
267,15,3.0,1477684860
95,245,2.5,1477686060
312,64,3.5,1477692240
234,73,2.5,1477693020
433,58,3.0,1477697100
488,59,4.0,1477708200
9,68,2.0,1477712280
25,220,1.5,1477718520
140,38,4.0,1477719900
191,40,3.0,1477722480
276,36,4.0,1477728060
423,26,4.0,1477729260
53,13,5.0,1477731840
477,55,2.0,1477739820
50,243,4.0,1477741560
272,72,1.5,1477743660
209,222,3.5,1477748940
194,145,4.0,1477753200
420,245,3.5,1477754400
400,8,4.5,1477758720
230,254,3.0,1477763100
79,36,4.5,1477766220
467,133,3.5,1477768560
58,105,4.0,1477780620
77,137,2.5,1477786080
349,60,1.5,1477790340
383,292,4.0,1477790760
40,187,4.0,1477794060
344,256,3.5,1477798860
378,221,3.5,1477799640
353,165,2.5,1477800120
243,65,2.5,1477801140
6,101,2.0,1477805220
27,123,4.5,1477810800
418,220,3.5,1477811460
131,159,3.5,1477812360
55,276,3.5,1477812480
278,269,3.5,1477822740
485,231,1.0,1477849740
35,165,3.0,1477853700
182,105,5.0,1477858920
374,173,4.0,1477860180
270,57,4.5,1477863840
392,217,2.5,1477868160
492,63,2.5,1477870860
138,289,3.5,1477878420
91,231,4.0,1477879860
327,182,3.5,1477889220
108,244,2.5,1477891860
357,226,1.5,1477892160
349,105,4.0,1477905300
195,235,3.0,1477907460
189,187,2.5,1477908840
478,300,5.0,1477909920
58,3,1.5,1477914540
417,274,5.0,1477917420
138,235,4.0,1477921620
111,6,4.5,1477922700
6,294,2.5,1477923720
213,245,3.5,1477924320
205,297,2.5,1477931640
329,262,4.5,1477943760
341,73,3.0,1477944480
430,172,4.5,1477945680
185,171,3.0,1477946640
177,235,5.0,1477947600
164,299,3.0,1477950600
52,213,5.0,1477953780
56,156,2.5,1477958340
360,185,2.5,1477959660
179,4,5.0,1477974480
127,182,3.0,1477985760
196,280,2.0,1477991940
270,137,5.0,1477992480
173,267,4.5,1478010120
25,24,3.0,1478010900
327,258,2.0,1478011680
392,127,2.0,1478016420
329,253,3.0,1478023200
397,271,2.5,1478023320
2,175,3.5,1478031660
456,2,2.5,1478031780
254,93,3.0,1478033220
316,200,2.0,1478035800
218,5,2.5,1478041560
290,101,3.0,1478042040
5,27,2.5,1478048580
434,132,4.5,1478060700
336,240,3.0,1478073480
263,220,3.5,1478077680
484,28,5.0,1478077860
295,34,4.5,1478088480
157,106,5.0,1478100000
377,263,4.5,1478102940
396,174,4.0,1478107380
124,275,1.5,1478110260
178,78,2.5,1478113680
52,243,4.0,1478121180
16,197,4.5,1478121720
450,163,2.5,1478126340
10,294,3.5,1478130600
337,299,2.5,1478141760
126,36,4.0,1478142480
139,123,4.0,1478145840
220,98,3.5,1478148720
55,255,3.0,1478152680
124,145,4.0,1478154900
423,57,3.0,1478188500
266,171,3.0,1478191380
184,94,4.5,1478194620
53,141,5.0,1478203560
49,251,5.0,1478215080
411,9,3.5,1478220960
352,203,3.5,1478221920
321,47,2.5,1478227800
155,235,4.0,1478228400
200,147,2.5,1478235360
254,94,3.5,1478242500
386,250,3.5,1478257440
76,269,3.0,1478258580
476,182,3.0,1478267820
428,147,2.0,1478269140
46,5,2.5,1478271720
138,299,3.0,1478275620
473,299,3.5,1478288400
362,251,3.5,1478289420
312,185,3.5,1478291160
67,142,3.0,1478292660
446,229,5.0,1478293800
277,176,2.5,1478296740
297,294,4.0,1478297760
257,52,4.0,1478298660
81,210,3.5,1478302320
98,89,4.5,1478312940
13,171,1.5,1478320680
242,5,3.0,1478325540
298,129,3.5,1478328960
6,217,3.0,1478330760
58,299,3.5,1478330820
436,106,3.0,1478332860
300,70,3.0,1478337480
314,94,2.5,1478345460
287,7,4.5,1478348400
235,18,2.0,1478354640
133,51,4.0,1478355600
245,294,2.5,1478355840
36,256,2.5,1478356620
234,60,3.5,1478366640
271,28,5.0,1478367180
92,163,3.5,1478372940
251,156,3.0,1478380860
197,252,3.0,1478388900
447,223,4.5,1478389320
389,170,2.5,1478395440
71,179,4.5,1478395680
225,215,3.5,1478419260
381,6,4.5,1478422860
217,173,3.5,1478423280
383,31,3.5,1478428740
259,240,3.0,1478434260
27,280,3.0,1478438280
265,253,2.5,1478441940
470,146,2.5,1478447340
61,294,3.0,1478447760
295,170,2.0,1478451240
469,66,3.0,1478453880
483,172,5.0,1478458920
115,192,3.5,1478467800
467,3,2.5,1478468340
321,63,2.0,1478473500
1,172,4.0,1478474580
94,148,3.0,1478475780
300,134,4.0,1478476080
145,73,3.0,1478495760
65,52,3.0,1478500380
171,3,2.5,1478501580
337,47,1.0,1478506380
160,182,5.0,1478520240
57,94,4.0,1478524320
275,77,1.5,1478525760
165,64,3.5,1478533800
43,47,4.0,1478534760
341,237,5.0,1478537580
199,48,2.0,1478542140
280,47,2.5,1478544300
3,249,3.5,1478546280
130,192,3.0,1478559000
161,288,3.5,1478560200
32,72,1.5,1478565480
446,63,4.0,1478571960
178,154,2.5,1478578620
377,32,4.5,1478582040
417,281,4.5,1478583240
320,245,3.0,1478584080
3,184,3.0,1478585280
322,105,2.5,1478591880
62,230,4.5,1478601000
273,132,5.0,1478605200
106,35,3.0,1478606040
196,243,4.0,1478608380
490,229,4.0,1478611140
54,89,3.5,1478611440
328,275,2.0,1478613840
286,63,3.5,1478624280
232,168,2.5,1478625060
398,230,5.0,1478632440
138,223,4.0,1478636100
440,101,3.5,1478636220
226,256,4.0,1478638560
495,73,3.5,1478653320
471,195,3.0,1478656620
255,10,3.0,1478657520
446,300,5.0,1478658960
82,24,4.5,1478669640
13,210,3.0,1478670000
355,73,4.0,1478673060
222,103,2.0,1478676840
352,46,4.5,1478678940
415,275,1.5,1478684400
159,197,4.0,1478698920
88,176,4.0,1478708640
6,231,2.5,1478708640
143,230,5.0,1478717820
218,265,2.5,1478722980
176,152,4.0,1478729580
168,141,4.5,1478731380
231,107,3.5,1478733660
133,165,3.0,1478734380
473,180,3.0,1478735400
241,289,2.0,1478739480
219,129,2.5,1478755620
346,157,2.5,1478756520
355,191,3.5,1478765160
99,275,1.0,1478769660
102,240,3.0,1478775720
204,250,4.0,1478780880
362,48,2.5,1478782260
136,5,2.5,1478784060
499,10,4.0,1478786760
429,18,2.5,1478787000
23,101,2.5,1478795100
409,24,4.0,1478796960
342,197,4.0,1478809500
398,197,4.0,1478811420
494,73,3.0,1478813760
183,35,2.0,1478818500
134,94,3.0,1478820720
61,127,2.0,1478821200
84,169,3.5,1478827260
245,133,2.0,1478834580
452,258,3.5,1478842920
458,187,3.0,1478849640
238,38,2.0,1478850540
367,119,5.0,1478858280
484,13,4.0,1478860500
273,134,3.5,1478863740
37,5,2.0,1478873340
127,64,3.5,1478874660
32,294,3.0,1478880240
267,204,3.5,1478884080
233,107,3.5,1478889300
210,248,3.0,1478890980
435,185,4.0,1478893380
97,36,4.5,1478895420
213,217,4.5,1478899980
489,176,4.0,1478910600
381,94,4.0,1478910780
287,235,4.5,1478913120
322,137,2.5,1478919000
298,263,4.5,1478937420
41,222,3.5,1478954040
100,197,3.5,1478955360
345,15,2.5,1478967840
330,37,4.5,1478977620
136,146,3.0,1478983980
278,279,3.5,1478988300
216,172,5.0,1478988600
7,233,2.5,1478993820
278,78,2.5,1478995080
473,48,4.0,1479002940
193,195,3.0,1479005640
244,275,1.0,1479015360
337,185,3.0,1479023220
334,21,3.5,1479023940
455,165,4.0,1479027900
200,1,3.0,1479028740
423,82,4.0,1479030600
395,185,4.5,1479038520
142,105,2.5,1479042420
190,217,3.5,1479043200
70,280,2.0,1479043920
274,64,3.5,1479044520
382,288,2.5,1479045780
405,45,2.5,1479046740
187,38,3.5,1479048360
142,157,2.0,1479052020
137,203,1.0,1479067500
495,47,3.0,1479071940
230,207,2.0,1479073500
102,244,2.5,1479085980
265,11,4.0,1479094320
92,169,4.0,1479098400
237,205,4.0,1479101580
129,36,5.0,1479106860
163,19,2.5,1479115860
323,119,3.0,1479120240
270,123,5.0,1479125220
104,64,4.5,1479129600
8,151,1.5,1479133380
283,65,3.5,1479134280
444,250,3.5,1479135300
199,250,2.5,1479136260
21,254,2.0,1479136680
352,147,4.0,1479136800
111,165,4.0,1479143040
97,137,3.5,1479148140
338,60,3.0,1479148200
434,217,4.0,1479148440
256,56,2.5,1479159720
112,168,4.0,1479164760
260,200,3.0,1479170100
458,231,3.0,1479173040
78,108,2.5,1479180780
307,105,4.0,1479187980
388,154,1.5,1479191760
261,201,2.0,1479204120
366,241,3.5,1479204360
175,150,2.5,1479205500
416,146,2.5,1479206040
297,53,3.5,1479211020
446,94,4.5,1479211620
283,70,3.0,1479214080
156,134,5.0,1479216660
349,134,2.5,1479217560
347,175,2.5,1479224520
16,3,4.0,1479230340
237,56,5.0,1479231240
126,121,4.5,1479235860
128,161,3.0,1479238260
404,170,2.0,1479249000
95,64,2.5,1479251520
307,197,4.5,1479253980
290,157,3.5,1479254100
354,103,3.0,1479254460
386,253,2.5,1479254640
4,1,4.0,1479265080
489,191,4.5,1479265380
52,270,4.5,1479267300
418,137,3.5,1479274320
5,51,3.0,1479281340
62,79,4.5,1479292080
17,36,5.0,1479292920
256,193,3.5,1479294480
386,154,2.0,1479294960
249,68,2.0,1479296880
168,47,3.0,1479301260
279,43,3.0,1479316020
166,207,0.5,1479317280
266,162,4.0,1479321600
476,280,2.0,1479327180
455,279,4.0,1479328200
55,272,2.0,1479329160
165,216,4.0,1479332160
155,129,4.0,1479334680
134,187,4.0,1479337260
16,175,3.5,1479343860
197,294,3.0,1479352560
72,255,4.0,1479356700
241,250,2.5,1479358620
19,278,3.5,1479359160
419,262,5.0,1479360900
485,170,2.0,1479363300
178,245,2.5,1479368820
222,79,4.0,1479375660
232,263,5.0,1479375900
134,255,4.5,1479378480
383,183,4.5,1479379440
118,251,3.0,1479379500
284,35,2.0,1479381000
469,243,3.5,1479382380
489,235,5.0,1479386100
386,54,3.5,1479390480
425,255,4.5,1479391020
8,118,2.5,1479394320
328,48,3.0,1479402300
487,197,2.5,1479403980
219,291,2.0,1479410280
52,24,3.5,1479414360
197,232,3.5,1479421620
387,83,2.5,1479426300
114,141,4.5,1479428100
405,30,2.5,1479430560
445,101,3.0,1479431760
486,251,3.0,1479432300
487,271,1.5,1479432600
16,293,2.5,1479434760
313,207,2.5,1479437880
473,65,3.5,1479439200
374,226,4.0,1479439980
199,94,3.0,1479450540
178,195,3.0,1479455280
175,58,3.0,1479457620
193,251,2.5,1479462180
86,233,3.0,1479464460
403,193,4.0,1479466920
360,211,2.5,1479467820
51,244,3.0,1479472500
176,31,2.5,1479474540
411,155,3.0,1479476580
203,3,2.0,1479477300
367,14,4.5,1479483180
305,127,1.5,1479487020
439,251,4.0,1479488100
325,73,3.5,1479491340
196,248,1.5,1479492960
330,51,4.0,1479493320
452,283,4.0,1479497400
472,254,3.5,1479499140
123,48,2.0,1479499740
16,129,3.5,1479503700
62,248,2.5,1479514380
92,146,3.0,1479519000
346,290,2.5,1479523680
493,195,2.5,1479524100
175,296,3.5,1479524940
459,129,4.0,1479528360
192,147,3.5,1479530100
431,256,3.0,1479536700
475,147,5.0,1479537120
382,80,2.5,1479542820
2,82,3.0,1479544560
174,275,2.0,1479547560
486,37,3.0,1479547740
123,208,2.0,1479552300
432,289,2.5,1479555120
235,48,1.5,1479558060
482,132,5.0,1479562560
2,94,3.5,1479567720
219,245,2.0,1479570360
318,172,3.5,1479571680
47,238,2.5,1479573660
6,244,2.0,1479579000
216,156,1.0,1479587820
132,240,3.0,1479594900
484,24,4.0,1479596100
402,201,3.0,1479597420
113,101,2.5,1479602820
348,141,3.0,1479608580
28,5,2.5,1479609060
184,203,2.5,1479612660
429,48,2.5,1479615240
213,290,3.5,1479617760
488,9,4.5,1479620280
237,81,3.0,1479621480
459,182,3.0,1479644640
298,165,4.0,1479645300
393,138,2.5,1479647040
177,244,3.5,1479648660
150,56,2.5,1479653220
145,228,4.0,1479655800
381,206,4.5,1479663300
170,14,2.0,1479666360
257,121,4.0,1479671160
119,133,2.5,1479675300
129,73,2.5,1479676320
129,207,3.0,1479679380
312,238,2.0,1479682260
52,182,4.5,1479682380
35,47,3.0,1479683160
315,220,4.0,1479686520
64,37,4.0,1479690600
429,173,4.0,1479694920
470,180,3.0,1479697080
286,51,4.5,1479699300
275,290,1.5,1479699780
317,245,2.5,1479702660
340,71,4.5,1479705600
95,207,0.5,1479707460
355,12,3.5,1479708000
95,160,1.0,1479713220
82,265,1.5,1479715260
65,165,3.5,1479718620
358,17,2.0,1479719280
156,6,5.0,1479724320
315,5,2.0,1479743820
32,180,3.0,1479756300
10,47,1.5,1479757620
110,34,3.5,1479759840
213,18,3.5,1479763980
368,180,4.0,1479768300
78,64,3.5,1479776520
18,54,4.0,1479781140
459,180,2.5,1479791160
247,243,4.5,1479792480
155,96,4.0,1479792900
231,270,3.0,1479800460
21,30,3.5,1479806280
249,64,3.0,1479808560
68,21,2.0,1479810360
99,28,3.0,1479810720
461,65,3.5,1479811140
407,107,3.0,1479816780
143,250,4.0,1479818220
43,82,4.0,1479819420
209,171,2.5,1479820260
272,95,3.0,1479821820
358,23,3.0,1479824220
198,121,3.5,1479827880
357,42,1.5,1479832140
157,269,5.0,1479840600
75,102,1.5,1479844800
149,145,3.5,1479845820
447,240,3.5,1479847740
310,57,3.0,1479849720
478,203,3.5,1479856320
123,284,3.5,1479865740
76,129,1.5,1479865920
59,15,3.5,1479874080
283,187,3.5,1479876600
16,256,3.5,1479877080
129,275,2.0,1479880860
240,40,3.0,1479880860
3,231,3.5,1479893100
264,59,3.0,1479893700
289,163,2.5,1479894720
88,182,5.0,1479903660
103,217,5.0,1479909660
327,70,2.0,1479912720
295,64,4.0,1479915900
119,208,2.5,1479916140
84,273,1.5,1479921120
378,116,4.0,1479930180
39,60,1.5,1479935880
474,58,2.5,1479938460
82,152,4.5,1479940740
293,195,1.0,1479942660
100,290,2.5,1479943080
86,53,3.5,1479950760
372,245,4.0,1479954480
38,178,2.5,1479958740
222,72,1.0,1479966600
211,56,3.0,1479968340
18,295,5.0,1479971220
134,273,3.5,1479971340
184,5,1.5,1479972060
229,195,4.0,1479973560
254,242,2.5,1479975300
475,101,3.5,1479976740
72,231,4.0,1479983220
247,3,4.0,1479988920
244,64,3.0,1479989760
199,231,3.0,1479990600
14,24,2.5,1479992700
291,63,3.0,1479993000
139,35,2.5,1480006440
365,292,3.5,1480020780
175,264,4.0,1480025400
423,235,4.0,1480027980
367,175,4.5,1480034820
32,27,2.5,1480037880
451,43,3.5,1480041360
281,288,1.5,1480042020
186,222,4.0,1480044000
123,145,3.0,1480044000
36,18,2.0,1480047420
130,297,2.5,1480047600
472,60,2.0,1480052880
49,184,4.5,1480058580
86,147,3.0,1480060860
443,60,2.5,1480061640
76,250,2.5,1480067400
443,182,4.0,1480069740
491,94,3.5,1480074240
100,296,3.0,1480079520
377,93,4.0,1480092780
405,4,4.0,1480099260
491,143,3.5,1480101360
176,55,2.5,1480110300
473,174,2.5,1480114140
212,155,2.5,1480115940
306,118,2.5,1480119420
377,205,4.0,1480120080
146,137,3.5,1480123620
379,179,4.0,1480124820
354,154,2.0,1480135320
486,245,2.5,1480136520
102,269,4.5,1480153320
118,253,1.5,1480154820
362,243,3.5,1480159500
254,255,3.5,1480161060
477,34,3.0,1480161840
250,163,2.0,1480162380
254,226,4.5,1480162680
336,24,5.0,1480168680
238,64,4.0,1480168740
392,103,2.5,1480171020
369,233,4.0,1480171500
361,52,3.5,1480180020
192,51,3.5,1480183980
385,272,3.0,1480197000
49,148,3.5,1480198200
262,236,2.5,1480200480
276,73,3.5,1480201260
9,197,5.0,1480204560
112,265,3.0,1480211220
437,269,5.0,1480212780
335,52,3.0,1480221720
490,269,4.0,1480225140
127,185,3.5,1480231500
414,210,4.0,1480234620
460,192,4.5,1480237260
271,198,2.0,1480241880
403,105,4.0,1480255560
82,290,2.5,1480258860
347,171,2.0,1480259580
410,165,3.0,1480264320
232,238,3.0,1480265220
85,101,2.5,1480267380
168,51,4.0,1480271760
396,242,1.0,1480274580
56,268,4.0,1480275240
465,233,3.0,1480281240
417,37,3.5,1480281420
145,275,1.5,1480284660
210,3,3.0,1480285800
7,173,4.5,1480286460
120,295,2.5,1480287300
193,48,2.5,1480292280
96,43,3.5,1480301760
476,208,2.5,1480304760
270,66,5.0,1480307700
327,81,2.5,1480315320
250,156,1.0,1480317840
265,133,4.0,1480326420
480,299,1.5,1480333440
119,150,2.0,1480342800
319,251,4.0,1480342920
422,14,4.0,1480343040
226,203,4.0,1480347480
219,70,3.0,1480364760
311,105,1.5,1480368780
22,64,4.0,1480373820
176,65,3.0,1480377240
67,24,3.5,1480382160
102,106,2.5,1480383720
52,82,3.5,1480391220
40,261,4.5,1480393020
168,248,2.0,1480396080
221,300,2.0,1480401720
185,254,4.0,1480403520
341,93,3.5,1480417800
291,275,1.5,1480426740
278,147,4.0,1480426980
332,65,2.5,1480428960
394,188,3.5,1480429860
406,278,1.5,1480448400
180,153,3.0,1480449900
83,201,2.5,1480450740
211,203,3.0,1480451760
120,243,3.0,1480453380
444,158,3.5,1480458120
314,80,0.5,1480465980
46,62,2.5,1480474080
8,267,3.0,1480474380
88,289,3.5,1480476120
224,182,3.5,1480483680
123,294,3.5,1480490280
296,59,4.5,1480493280
494,256,3.0,1480495620
492,208,1.5,1480497240
71,253,3.5,1480508400
432,120,4.5,1480513140
372,289,2.0,1480517760
421,294,3.0,1480522920
479,185,3.5,1480528560
27,5,2.5,1480534380
463,132,3.5,1480539120
268,35,2.0,1480541280
378,228,3.0,1480541940
481,154,3.0,1480546020
480,195,2.5,1480550580
335,208,2.0,1480558860
228,228,2.5,1480561380
484,34,3.5,1480561980
372,148,3.0,1480562760
275,250,3.0,1480565940
281,176,2.5,1480566840
250,262,3.5,1480578960
453,263,3.0,1480579740
183,210,4.0,1480583340
330,54,5.0,1480585140
424,248,2.5,1480587540
118,172,4.0,1480591380
93,129,3.5,1480597440
341,172,4.5,1480610760
252,241,4.5,1480615860
250,153,3.0,1480619700
274,175,2.0,1480627140
284,282,3.0,1480630620
164,291,3.0,1480638840
305,229,4.0,1480643280
7,294,3.0,1480645740
293,1,2.0,1480651320
247,134,5.0,1480655460
425,57,3.5,1480658340
31,106,4.5,1480659000
356,151,5.0,1480664400
152,258,4.5,1480667520
419,104,5.0,1480669440
119,254,4.0,1480674000
179,200,4.5,1480674480
391,65,4.5,1480675560
78,120,3.0,1480675800
386,229,3.5,1480676040
130,151,2.5,1480678260
115,134,4.0,1480681140
340,183,4.0,1480682520
175,2,1.5,1480684140
490,94,2.0,1480687860
380,207,1.5,1480689060
166,31,4.0,1480691160
467,150,3.0,1480694400
94,15,3.0,1480699020
96,156,2.0,1480703040
483,280,3.0,1480703400
151,77,2.5,1480704000
302,141,3.0,1480704300
94,102,3.5,1480705380
312,149,2.0,1480707720
214,146,3.0,1480708920
224,47,3.5,1480709400
176,264,3.5,1480715040
98,182,3.5,1480717860
5,126,2.5,1480719660
440,252,3.5,1480728480
402,172,4.0,1480731600
97,286,2.5,1480732140
81,34,4.0,1480734600
165,18,3.0,1480734720
476,52,3.5,1480738320
443,272,2.5,1480739580
44,154,2.0,1480745220
47,231,3.0,1480746660
489,58,3.5,1480756080
69,203,4.5,1480758900
129,154,2.5,1480768200
280,299,3.0,1480780860
5,208,1.5,1480782000
167,182,4.5,1480801260
355,88,3.0,1480807020
259,58,3.0,1480812660
325,201,2.5,1480813380
179,177,4.0,1480816860
116,201,1.5,1480817880
50,173,4.0,1480818540
436,29,2.5,1480824540
417,229,4.0,1480831020
471,289,3.5,1480832280
370,64,4.0,1480833960
56,3,3.0,1480834920
487,28,3.0,1480836960
480,59,2.5,1480838220
206,220,3.0,1480842540
377,219,3.5,1480849260
54,128,3.0,1480849380
189,178,3.5,1480853460
68,105,3.5,1480854960
312,205,3.0,1480877400
160,65,4.0,1480883280
28,200,2.5,1480883340
29,140,2.0,1480888920
471,80,2.5,1480902900
208,254,3.5,1480912440
391,289,4.0,1480920000
323,138,3.0,1480926240
11,262,3.0,1480926480
204,200,2.0,1480935360
124,250,3.5,1480935840
318,265,2.5,1480941300
112,212,3.5,1480946460
40,165,2.5,1480947000
496,53,2.5,1480948560
490,77,2.0,1480949040
106,235,4.0,1480952400
262,195,2.5,1480961880
23,105,3.5,1480963980
136,48,2.5,1480970700
370,51,3.5,1480971600
185,90,4.5,1480971780
28,194,2.5,1480972380
168,200,2.5,1480972440
114,248,3.5,1480973340
372,14,4.0,1480988580
93,244,2.0,1480992540
496,34,3.5,1480997700
281,82,2.5,1481010720
290,137,3.0,1481020080
318,287,3.0,1481021040
327,1,2.0,1481025000
148,13,3.5,1481026080
179,94,4.5,1481029080
437,2,1.5,1481031000
242,188,2.0,1481032020
181,249,2.0,1481036280
230,206,3.5,1481041980
429,55,2.0,1481042760
480,288,1.5,1481047200
140,107,2.5,1481052600
97,173,4.0,1481056140
57,155,3.0,1481057340
247,63,4.0,1481065080
132,243,4.5,1481067780
96,195,1.5,1481074620
499,37,4.0,1481082420
103,137,4.5,1481083740
39,182,3.5,1481088120
411,231,2.5,1481088240
134,124,5.0,1481096280
342,217,3.5,1481101440
443,128,3.0,1481101440
375,2,2.5,1481104140
111,252,3.0,1481106420
267,262,2.5,1481107080
163,148,3.0,1481108280
53,59,4.0,1481108880
7,44,3.0,1481121360
405,40,3.0,1481124540
136,235,4.5,1481129160
85,226,2.5,1481136960
488,156,3.0,1481139540
212,4,2.5,1481149440
150,138,5.0,1481154540
184,73,2.5,1481160060
406,102,2.0,1481163420
129,172,4.0,1481166480
139,116,2.5,1481168580
201,242,4.0,1481171820
336,60,3.5,1481173740
169,175,3.5,1481176020
387,31,4.5,1481179980
213,93,4.0,1481181240
342,37,3.0,1481181540
93,299,3.5,1481188200
238,207,0.5,1481189400
368,222,4.0,1481190360
267,41,3.5,1481190780
447,64,4.0,1481195100
160,225,2.5,1481199120
138,148,4.0,1481203980
72,197,4.5,1481207820
123,64,3.5,1481210940
493,178,2.5,1481212140
206,73,4.0,1481220420
17,151,3.5,1481223840
253,150,1.5,1481225880
285,5,2.0,1481228160
343,279,2.5,1481228700
281,174,3.0,1481228880
99,73,2.0,1481230140
232,294,3.5,1481237220
349,109,2.5,1481237220
238,94,4.0,1481239680
87,152,4.5,1481240760
330,175,4.5,1481241720
27,206,3.5,1481243340
446,146,4.0,1481244240
2,217,4.0,1481247660
399,250,2.5,1481250240
416,156,3.5,1481251500
328,179,5.0,1481253960
403,238,3.5,1481260500
48,269,3.5,1481262180
62,66,3.5,1481267220
152,151,3.0,1481268120
275,209,2.5,1481271120
363,121,4.0,1481277840
316,290,3.0,1481281140
406,141,2.5,1481283600
178,284,3.5,1481291400
499,133,2.5,1481296860
318,273,3.0,1481299920
274,101,2.0,1481301840
116,238,2.5,1481302140
107,281,3.0,1481302500
155,194,3.5,1481306580
242,64,2.5,1481307060
470,235,2.5,1481310840
46,110,2.0,1481319780
415,185,4.0,1481325120
310,254,3.0,1481327340
384,73,3.0,1481331000
195,177,2.0,1481333580
295,272,3.0,1481343300
139,197,3.5,1481344200
441,106,3.0,1481344860
483,94,3.5,1481347980
221,262,3.0,1481348640
128,4,4.0,1481352180
66,183,3.5,1481355600
440,64,3.5,1481357040
241,61,2.0,1481361360
282,254,2.5,1481367060
432,251,4.0,1481377440
21,51,2.5,1481380680
406,106,4.0,1481381160
323,244,3.0,1481383560
290,51,3.0,1481384280
221,10,3.0,1481388000
114,250,4.5,1481388960
22,82,3.5,1481389800
175,245,2.5,1481393340
99,299,2.0,1481395740
142,50,3.0,1481398560
257,183,3.5,1481398800
142,18,1.5,1481399640
440,14,2.5,1481399820
170,139,2.5,1481402880
135,30,2.5,1481410860
246,230,3.5,1481416980
283,170,2.5,1481435460
41,137,4.0,1481435700
76,254,3.0,1481440380
307,283,3.5,1481441820
221,174,3.0,1481444400
165,217,4.5,1481444520
52,250,3.0,1481465280
309,254,2.5,1481465520
98,143,3.5,1481472660
23,13,4.5,1481478060
116,5,1.5,1481478900
497,24,5.0,1481481120
109,47,2.0,1481485080
120,262,3.0,1481489280
274,56,2.5,1481494320
471,142,4.0,1481497140
144,170,3.0,1481497800
320,265,3.5,1481504280
162,175,3.5,1481505840
60,240,4.0,1481506260
173,165,4.5,1481518620
117,137,4.0,1481519940
382,185,3.5,1481521680
177,107,5.0,1481529000
131,108,4.0,1481542080
268,197,5.0,1481545680
433,180,2.5,1481546160
127,13,4.0,1481548380
321,26,3.5,1481550420
65,228,4.0,1481556300
89,88,3.0,1481567640
43,56,4.5,1481570580
389,187,5.0,1481575080
328,244,3.0,1481577240
19,56,3.5,1481577960
134,293,2.5,1481579400
49,299,4.0,1481579700
263,123,4.5,1481588700
105,269,3.0,1481589180
221,183,3.0,1481589180
23,230,4.5,1481592600
416,150,3.5,1481603040
184,279,4.0,1481606040
242,107,3.0,1481606280
128,250,3.5,1481611560
88,269,3.5,1481615340
91,243,5.0,1481616660
466,140,3.0,1481616900
357,258,1.0,1481617800
84,229,4.5,1481626080
331,86,4.0,1481630400
377,215,3.5,1481631840
205,159,2.5,1481637120
277,230,3.0,1481638800
236,51,4.0,1481639820
293,51,4.0,1481640660
379,223,4.5,1481644860
173,148,4.0,1481647620
231,207,1.5,1481654160
345,43,3.0,1481654760
86,275,2.0,1481655480
30,3,4.5,1481659260
408,58,2.5,1481671020
356,251,5.0,1481671440
402,250,3.5,1481686140
402,206,4.0,1481700480
210,123,5.0,1481716980
190,201,3.5,1481734020
178,275,1.0,1481735160
72,279,4.0,1481748840
144,141,4.0,1481755020
270,48,5.0,1481767200
212,187,2.0,1481777400
445,290,2.5,1481778780
223,101,2.5,1481781000
345,206,3.5,1481787840
435,254,4.5,1481794080
54,244,3.0,1481797080
383,269,4.0,1481798100
274,226,3.0,1481801400
401,96,4.5,1481802120
47,18,2.5,1481809440
479,20,2.5,1481811900
168,126,3.0,1481813760
113,92,3.0,1481826720
232,239,3.0,1481827560
130,159,3.0,1481837940
128,96,3.5,1481843100
191,203,3.0,1481852820
349,15,3.0,1481854500
241,275,0.5,1481858580
472,152,4.0,1481860800
387,195,1.0,1481862360
261,65,3.0,1481863140
381,279,3.5,1481875260
308,153,4.5,1481880960
225,273,3.0,1481887980
420,289,2.0,1481894880
89,24,4.5,1481895780
421,50,4.0,1481900880
434,262,4.0,1481901240
301,208,0.5,1481904540
404,51,4.5,1481910060
352,231,3.0,1481910960
473,185,3.5,1481911740
213,188,4.0,1481911740
223,14,3.5,1481918400
383,203,4.0,1481919120
429,105,3.0,1481924100
24,51,2.5,1481926020
192,266,4.5,1481939220
1,222,3.5,1481939820
356,180,4.5,1481946180
465,107,4.0,1481952120
317,47,1.5,1481954940
248,63,3.0,1481963880
34,94,2.5,1481967300
297,148,3.0,1481968680
31,240,3.0,1481969220
200,56,3.5,1481969460
341,180,3.5,1481971500
33,253,3.0,1481973660
44,98,3.5,1481973900
365,173,3.5,1481974920
38,55,3.5,1481976780
246,275,1.5,1481980080
227,105,4.0,1482003420
1,84,3.5,1482006720
222,252,3.0,1482007800
46,174,4.0,1482010440
167,269,4.0,1482012480
151,48,3.0,1482013740
374,13,4.5,1482014820
362,203,2.5,1482016980
372,103,3.5,1482021900
409,79,3.5,1482026220
382,211,4.0,1482030480
153,171,1.0,1482032640
251,257,3.0,1482032880
359,294,4.0,1482034500
295,103,3.0,1482039720
499,251,3.0,1482040140
317,94,3.0,1482042120
78,101,1.5,1482047040
165,107,4.0,1482056400
261,81,2.5,1482056880
75,129,3.5,1482059280
403,294,4.5,1482060360
101,24,4.0,1482068760
357,233,0.5,1482077880
106,74,1.5,1482080340
25,8,1.5,1482084000
72,31,4.0,1482084720
431,152,2.5,1482085860
428,208,1.5,1482095700
331,289,4.0,1482106020
88,197,4.5,1482106860
367,176,4.0,1482109260
44,245,2.5,1482113520
117,24,4.0,1482118920
378,141,4.0,1482119280
17,103,3.0,1482119520
41,256,3.5,1482124560
198,288,3.0,1482130020
155,241,3.5,1482136800
288,172,4.5,1482142260
420,106,3.5,1482148860
69,221,4.0,1482151620
145,66,3.0,1482154500
331,147,4.0,1482155880
53,241,3.0,1482156480
418,245,2.0,1482156660
126,23,3.5,1482160140
63,90,4.5,1482165960
118,169,3.0,1482166320
45,57,2.0,1482166800
300,107,3.0,1482167160
463,159,3.5,1482167520
464,238,3.5,1482168360
385,231,4.0,1482172560
51,79,4.0,1482173880
76,196,4.0,1482174300
17,79,4.5,1482176880
436,140,2.5,1482178560
471,82,3.0,1482178620
459,10,3.5,1482186240
149,154,2.0,1482187020
285,198,3.0,1482193140
23,1,3.0,1482197520
248,217,2.0,1482200460
142,13,4.0,1482204300
211,220,3.5,1482206460
51,226,4.0,1482209220
400,133,2.5,1482210180
255,64,2.5,1482211260
321,174,3.0,1482212280
209,185,3.5,1482214860
189,290,2.0,1482216060
295,160,2.0,1482216420
240,281,4.5,1482216480
30,200,4.0,1482222960
138,229,4.5,1482227220
434,151,3.5,1482235800
484,160,2.0,1482237180
164,218,4.0,1482239400
77,243,3.0,1482245160
222,237,1.5,1482245640
17,148,3.5,1482246360
425,150,5.0,1482247920
165,43,3.0,1482248400
484,251,2.5,1482248880
171,37,3.5,1482254460
160,118,4.0,1482256620
390,138,3.0,1482260400
481,228,3.0,1482260760
227,186,4.0,1482265320
135,281,5.0,1482267000
462,234,2.5,1482267420
425,141,5.0,1482270540
262,172,5.0,1482273360
431,132,3.5,1482277500
17,187,3.0,1482282420
482,189,3.5,1482286080
214,245,2.0,1482287880
235,56,2.5,1482292680
241,208,2.0,1482293400
4,299,3.0,1482294540
16,13,4.0,1482302160
262,233,4.0,1482304140
412,273,4.5,1482305880
304,59,3.5,1482309780
316,78,2.5,1482313080
362,21,4.0,1482321300
383,236,3.0,1482321420
455,139,2.5,1482321900
166,215,2.5,1482326820
483,141,4.0,1482329640
119,193,4.0,1482332520
349,35,2.0,1482334680
461,24,2.5,1482335100
212,101,2.0,1482335760
279,36,4.5,1482339480
166,72,2.5,1482340260
207,118,4.5,1482341460
59,272,3.5,1482342720
118,267,3.5,1482346860
108,275,1.5,1482350520
456,288,3.5,1482355380
51,299,3.5,1482356760
90,170,2.5,1482358440
498,300,4.0,1482358860
38,180,4.0,1482358920
316,205,3.0,1482368100
333,269,3.0,1482368400
44,106,3.0,1482371280
163,70,2.5,1482374880
86,198,3.5,1482376680
90,63,3.5,1482381600
127,175,3.0,1482383700
341,51,4.5,1482387240
258,235,3.5,1482387780
394,72,2.0,1482389100
206,276,2.5,1482393300
127,65,3.5,1482395100
58,48,2.5,1482398940
143,193,4.5,1482400680
35,63,3.0,1482404940
317,173,4.0,1482405420
33,201,3.0,1482406500
267,203,2.0,1482408120
240,296,3.5,1482408420
476,78,2.0,1482410340
474,56,2.0,1482414240
263,66,3.5,1482421260
75,263,4.0,1482434040
243,103,2.5,1482439260
41,178,3.5,1482440160
413,229,4.5,1482441480
36,200,1.5,1482448440
352,17,4.5,1482451560
22,289,2.5,1482459540
219,94,2.5,1482462780
143,106,3.0,1482480600
109,275,1.0,1482483300
218,111,3.0,1482483420
366,175,3.5,1482485700
67,105,3.0,1482488160
129,63,3.0,1482493620
93,77,2.0,1482495840
163,121,4.5,1482497160
223,271,2.0,1482499680
485,275,0.5,1482507660
254,137,4.0,1482515280
144,279,3.0,1482519300
323,137,4.0,1482524820
22,159,5.0,1482527820
398,162,3.5,1482529080
87,169,4.5,1482531540
152,170,3.0,1482539160
42,65,3.5,1482542940
159,152,4.0,1482549540
311,9,3.5,1482549720
480,231,2.5,1482550140
481,101,2.5,1482551520
479,251,2.5,1482556380
477,240,2.0,1482562020
470,250,3.5,1482570420
194,179,4.0,1482576120
57,164,5.0,1482580680
327,106,3.5,1482585060
112,59,3.5,1482585120
106,93,4.0,1482592080
45,173,3.0,1482592920
27,141,4.0,1482593280
414,169,4.0,1482599100
102,52,3.0,1482601560
32,137,3.5,1482601920
284,10,3.5,1482603420
179,85,5.0,1482604920
109,26,2.5,1482607380
81,47,3.5,1482610200
56,231,3.5,1482611520
175,275,1.5,1482613260
67,252,3.0,1482616080
333,159,4.0,1482619260
24,106,3.0,1482624000
236,275,1.0,1482630900
390,263,3.5,1482631560
416,260,3.5,1482634140
315,172,3.0,1482636660
354,255,4.0,1482639720
485,81,2.5,1482644640
358,200,2.5,1482648240
381,217,4.0,1482652800
433,256,3.0,1482655620
48,180,2.0,1482658980
319,12,4.0,1482659940
300,151,2.5,1482678720
22,63,4.0,1482685920
481,129,4.5,1482689760
285,59,3.0,1482695820
92,299,4.0,1482705420
328,103,3.0,1482714120
48,235,4.0,1482716280
354,28,4.5,1482725340
273,121,3.0,1482728400
340,63,3.5,1482730320
499,77,2.0,1482731280
98,170,2.5,1482733020
393,96,3.0,1482736260
366,131,2.0,1482736920
499,189,3.0,1482743400
254,104,3.0,1482745740
136,245,2.0,1482749220
319,197,4.5,1482749580
280,143,3.0,1482750300
248,183,2.5,1482753960
78,233,1.5,1482763140
366,37,3.5,1482763200
454,178,3.0,1482771720
221,26,3.5,1482774780
135,282,3.0,1482778020
38,65,3.5,1482781200
387,37,3.5,1482783900
402,148,3.5,1482786900
241,31,2.0,1482790620
308,94,3.0,1482799260
164,35,2.0,1482801420
308,73,4.0,1482801600
248,175,2.5,1482807840
257,290,3.5,1482810960
297,65,3.0,1482811320
39,262,3.0,1482816120
439,14,4.0,1482823680
233,203,3.5,1482825240
209,269,3.0,1482829620
30,248,4.0,1482830400
228,123,4.0,1482835620
214,153,4.0,1482835860
492,212,4.0,1482837120
406,292,2.0,1482841440
257,50,3.5,1482859440
199,66,4.0,1482865320
310,104,3.5,1482865800
450,269,5.0,1482866880
448,3,2.5,1482867060
163,174,3.0,1482872040
329,59,3.5,1482877740
210,279,3.0,1482882960
59,180,4.5,1482883800
300,64,3.5,1482887340
16,259,3.0,1482888120
445,98,4.0,1482890160
234,56,4.0,1482891720
470,107,2.0,1482895080
64,129,3.5,1482895920
406,34,2.5,1482898500
286,294,4.0,1482901380
144,94,2.5,1482904860
22,243,4.5,1482907260
149,94,3.0,1482907740
328,171,2.0,1482908280
185,253,3.5,1482909780
128,102,3.0,1482910740
379,217,4.0,1482925560
101,1,4.0,1482927840
347,170,2.0,1482929700
463,279,2.5,1482929880
259,65,4.0,1482932640
108,219,2.5,1482938100
228,182,3.5,1482939120
456,262,4.0,1482947100
240,248,2.5,1482948360
248,173,4.0,1482948540
54,281,4.0,1482950760
334,105,3.5,1482951540
393,243,2.5,1482955500
162,230,5.0,1482958320
101,43,4.0,1482961680
16,172,5.0,1482971880
79,250,3.5,1482973920
56,146,3.5,1482975480
183,252,3.0,1482976140
54,284,4.5,1482978720
423,156,3.0,1482979380
331,205,3.5,1482979620
270,47,4.0,1482980580
13,57,2.5,1482987600
378,178,2.5,1482994980
485,178,2.5,1483000860
339,206,3.5,1483002780
141,237,2.5,1483019040
269,215,4.0,1483025100
303,300,4.0,1483026900
336,218,4.5,1483028880
124,45,2.0,1483037400
111,143,3.5,1483044300
458,281,4.5,1483045020
303,215,2.5,1483052280
211,299,2.5,1483053000
144,293,2.0,1483055220
352,248,3.5,1483066200
416,281,5.0,1483067220
148,157,2.5,1483073820
310,73,2.5,1483075680
418,182,2.5,1483078980
477,289,2.0,1483084380
95,9,1.5,1483085220
257,241,4.5,1483086960
284,48,2.5,1483089420
471,294,3.0,1483095540
55,24,3.0,1483096320
65,150,3.0,1483096560
195,275,1.0,1483096560
220,185,4.5,1483096920
328,36,5.0,1483100580
90,151,3.5,1483102440
88,165,3.0,1483103160
18,48,2.5,1483105740
240,54,4.0,1483106040
355,229,4.5,1483112100
439,122,4.5,1483113600
292,296,3.5,1483114380
496,228,3.0,1483117860
351,197,5.0,1483118760
39,258,2.0,1483119900
55,273,2.5,1483120320
419,165,3.0,1483122120
29,151,2.0,1483129440
305,63,2.5,1483132380
401,137,3.5,1483152660
430,150,3.0,1483155120
273,275,1.0,1483155480
282,137,4.0,1483158600
357,289,0.5,1483164900
424,135,3.5,1483167540
163,17,2.5,1483174620
178,60,4.5,1483174800
423,121,4.0,1483176540
176,73,3.0,1483182480
358,47,2.5,1483185240
46,37,3.0,1483190520
185,51,5.0,1483191240
132,64,4.5,1483192080
243,229,3.5,1483194060
55,215,3.0,1483194360
374,210,4.0,1483199340
415,231,3.5,1483200660
24,63,2.0,1483211040
49,105,4.0,1483211580
124,229,4.5,1483220640
119,134,3.0,1483222440
25,36,3.0,1483227240
14,259,1.0,1483232160
63,129,3.0,1483238220
330,45,2.5,1483239600
496,35,1.5,1483240020
223,203,2.5,1483244460
222,192,4.0,1483245000
97,243,3.5,1483246200
25,63,3.0,1483252140
257,86,5.0,1483252380
373,137,3.5,1483261140
237,259,3.0,1483262880
98,141,4.0,1483265040
484,200,3.5,1483267020
200,154,3.0,1483269660
246,176,3.0,1483276980
308,251,4.0,1483281720
273,238,3.5,1483282080
439,82,2.5,1483284180
18,165,3.5,1483284900
100,267,3.0,1483287420
191,72,2.0,1483288260
97,129,2.0,1483289160
265,94,4.0,1483303320
211,275,1.0,1483308120
459,14,3.5,1483311180
338,31,3.5,1483312080
237,129,4.0,1483315800
228,189,2.5,1483316760
108,159,2.5,1483318560
168,98,3.5,1483323060
422,47,3.0,1483331340
472,159,4.5,1483332180
140,31,3.5,1483333080
355,65,4.5,1483333080
198,150,2.5,1483340400
481,58,4.0,1483342080
330,5,2.5,1483344960
96,3,3.5,1483345320
42,153,3.0,1483346400
12,197,5.0,1483348440
395,13,4.5,1483350360
392,290,1.5,1483351680
262,63,3.5,1483360380
496,241,4.0,1483360980
310,226,4.5,1483361040
339,51,4.5,1483364160
274,217,3.0,1483368120
353,226,3.0,1483369260
12,172,5.0,1483369440
417,237,4.5,1483370160
262,115,4.5,1483374000
281,289,1.5,1483382220
164,14,3.5,1483393200
31,279,4.0,1483401000
443,28,3.0,1483401180
204,240,3.0,1483402140
70,6,3.0,1483412820
356,197,5.0,1483417500
382,188,3.0,1483419600
496,299,3.5,1483420740
475,19,3.5,1483422660
499,82,3.0,1483434000
359,96,5.0,1483434960
126,243,4.0,1483435200
54,35,2.0,1483452240
198,180,2.5,1483452360
191,277,2.0,1483456860
353,64,4.0,1483458360
375,106,2.5,1483458420
57,226,3.5,1483461480
205,223,3.0,1483462980
414,173,3.5,1483465140
324,241,5.0,1483465680
76,64,3.0,1483471860
34,275,1.5,1483482120
247,176,4.5,1483483800
395,101,3.0,1483486920
71,34,4.0,1483487160
203,40,3.5,1483487160
221,85,3.5,1483496220
433,230,3.5,1483498680
337,149,3.0,1483501920
87,254,3.5,1483508160
278,292,3.5,1483509240
217,30,3.5,1483520040
470,79,3.5,1483522260
313,251,3.5,1483528200
356,65,4.5,1483530960
11,59,3.5,1483531440
238,259,1.0,1483532700
491,169,3.5,1483536660
371,245,4.5,1483544760
51,28,4.5,1483550880
367,217,5.0,1483551420
123,72,1.5,1483552500
117,253,3.0,1483554840
367,13,5.0,1483557300
370,293,2.5,1483559220
237,133,2.0,1483559580
480,275,1.0,1483565520
399,226,2.5,1483567620
482,33,3.0,1483571040
267,269,3.0,1483578780
406,294,1.5,1483580640
453,187,3.5,1483581540
55,281,3.5,1483581960
343,37,2.5,1483583640
473,272,2.0,1483583880
16,133,2.5,1483586820
213,264,3.5,1483592340
455,7,5.0,1483594620
229,98,4.5,1483596060
178,269,3.5,1483598040
381,134,3.5,1483598460
241,88,1.5,1483598460
170,265,2.5,1483602300
366,263,4.5,1483611420
230,279,3.0,1483611660
336,129,4.0,1483611840
171,88,2.0,1483625700
342,70,2.0,1483632360
328,106,3.5,1483639680
185,157,5.0,1483644360
376,174,3.0,1483680420
52,216,5.0,1483681260
386,279,3.5,1483682340
259,57,3.0,1483683900
405,244,2.5,1483687560
84,251,3.0,1483687800
2,171,1.5,1483694460
172,48,2.5,1483695840
357,12,2.5,1483698540
373,27,3.0,1483699260
141,33,3.5,1483710420
366,106,3.0,1483710720
279,71,4.5,1483713360
439,171,2.0,1483714320
219,206,3.0,1483725780
214,226,4.0,1483726200
382,299,3.5,1483733340
346,267,3.5,1483737840
257,35,3.5,1483746720
224,63,3.5,1483747560
395,152,3.5,1483752900
126,35,2.5,1483753020
351,134,3.0,1483756980
250,237,2.5,1483757040
300,93,3.0,1483760880
146,245,3.5,1483765680
468,298,4.5,1483768140
371,267,3.0,1483772640
488,3,2.0,1483777560
125,256,4.5,1483782540
207,217,4.5,1483787100
413,251,2.5,1483792620
341,81,4.0,1483795860
209,8,3.0,1483798860
352,183,4.5,1483804260
165,108,2.5,1483804800
356,267,4.5,1483811880
393,105,3.0,1483826100
285,243,3.0,1483826880
133,69,3.0,1483830480
350,141,4.5,1483830900
382,284,4.5,1483834860
27,175,4.0,1483836960
356,85,5.0,1483839480
388,243,4.0,1483844400
468,66,2.5,1483846200
286,176,3.0,1483846440
317,105,4.0,1483846800
412,165,4.0,1483847040
59,78,3.5,1483851540
306,208,3.0,1483851720
98,156,2.5,1483852260
234,63,3.0,1483852740
424,230,4.0,1483855380
451,195,2.0,1483869660
331,223,3.5,1483870560
458,150,3.0,1483871460
61,237,3.0,1483873380
229,275,2.0,1483874340
209,45,3.0,1483874820
196,175,3.0,1483880580
253,187,3.0,1483904160
300,167,4.0,1483909860
85,207,2.0,1483913340
32,160,2.5,1483920600
361,279,4.0,1483922580
3,198,3.5,1483923720
171,65,3.0,1483925460
330,64,4.5,1483928280
317,21,4.0,1483938000
302,270,2.0,1483940400
362,250,3.5,1483945500
252,43,3.0,1483949460
24,146,1.5,1483950840
28,72,2.0,1483956720
460,170,2.5,1483957140
214,61,3.0,1483975560
34,195,2.5,1483978260
74,289,3.0,1483978560
246,138,4.0,1483984260
55,118,2.5,1483985940
76,105,2.5,1483987380
337,70,2.5,1483987860
217,215,2.0,1483991700
337,1,2.0,1484002320
327,2,1.0,1484003100
250,68,2.5,1484007540
405,130,2.0,1484016660
343,138,4.0,1484018400
192,154,2.0,1484018640
470,274,3.5,1484018880
118,237,2.0,1484023440
48,258,2.0,1484024880
86,14,3.5,1484034480
4,40,2.5,1484045880
466,231,3.0,1484054040
427,194,2.5,1484056380
329,210,4.0,1484057280
348,182,3.0,1484058540
52,294,4.5,1484066880
188,53,3.5,1484069280
198,20,2.5,1484082420
399,121,3.0,1484086260
108,226,4.0,1484087820
115,64,3.0,1484093280
78,196,3.5,1484099340
266,101,3.5,1484099400
136,237,3.0,1484102760
331,206,4.0,1484106180
241,156,1.5,1484106720
439,280,2.5,1484107380
400,173,4.5,1484109120
231,291,1.5,1484109420
33,242,3.0,1484110560
177,116,4.0,1484111220
101,275,2.5,1484120100
228,289,1.5,1484121600
324,202,5.0,1484127780
457,279,5.0,1484128860
349,243,3.5,1484129820
424,150,4.5,1484135520
468,98,5.0,1484136720
260,262,4.0,1484137320
391,281,5.0,1484147940
333,27,2.0,1484148480
483,153,5.0,1484149260
478,289,3.0,1484153700
69,31,4.0,1484153760
75,67,2.5,1484156220
490,14,4.0,1484163420
313,222,3.5,1484178540
156,1,5.0,1484180520
364,101,3.0,1484183160
90,197,4.5,1484184540
285,254,3.0,1484188560
49,51,3.5,1484196720
184,20,2.5,1484198700
216,256,4.0,1484198940
178,90,3.0,1484200020
245,191,4.0,1484202600
208,283,3.0,1484206380
430,187,3.5,1484208360
359,1,2.5,1484208720
385,15,3.5,1484211300
137,132,3.5,1484211720
132,86,5.0,1484215440
421,178,3.0,1484220240
179,178,4.5,1484221920
288,37,4.5,1484222400
181,154,2.0,1484223240
188,217,4.0,1484225700
378,237,3.5,1484227860
300,150,1.5,1484229300
396,101,1.0,1484248200
407,170,2.5,1484254020
432,294,2.5,1484257140
489,278,3.5,1484261280
259,81,3.0,1484264580
151,233,3.0,1484270160
415,239,3.5,1484274720
393,88,2.0,1484278680
307,5,2.0,1484279640
406,192,2.5,1484284680
411,207,2.0,1484286120
200,268,2.0,1484295660
81,157,4.0,1484298420
438,106,4.0,1484298480
233,279,4.0,1484325540
18,210,3.5,1484328120
201,6,4.0,1484330340
123,250,4.5,1484336940
229,182,3.5,1484339340
26,243,4.0,1484342820
239,64,3.5,1484343360
25,275,0.5,1484349300
4,156,2.5,1484349600
238,17,3.5,1484350140
427,134,3.0,1484350320
241,14,3.0,1484358240
448,219,3.5,1484365020
234,248,3.0,1484366460
377,48,3.0,1484373960
40,103,3.5,1484374320
291,240,3.5,1484374920
368,237,4.5,1484380080
491,48,2.0,1484389860
473,192,4.5,1484396760
319,16,5.0,1484404140
346,154,1.5,1484410020
475,242,3.0,1484414400
190,248,2.0,1484416080
186,205,3.0,1484419680
70,32,3.5,1484433720
156,170,4.5,1484435820
433,203,3.5,1484435940
195,101,2.0,1484436300
140,223,3.0,1484441640
152,182,4.5,1484442600
87,168,4.5,1484446440
255,223,3.0,1484447820
269,79,3.5,1484449020
354,231,3.0,1484450760
364,68,2.0,1484455320
237,225,2.5,1484455380
158,23,3.0,1484457360
458,58,2.5,1484460780
219,243,3.0,1484460960
48,14,3.5,1484461500
281,263,3.0,1484468220
98,81,3.5,1484470980
257,295,4.5,1484476680
336,111,5.0,1484477460
135,6,3.5,1484482380
450,106,4.0,1484490300
361,107,3.0,1484493060
28,208,2.0,1484497560
197,284,3.5,1484502420
133,206,3.5,1484506140
58,245,3.0,1484509560
416,254,3.5,1484511360
19,222,4.0,1484511720
487,48,1.5,1484512320
102,94,3.5,1484513880
59,240,3.0,1484514180
90,9,3.5,1484514300
73,137,5.0,1484517240
78,73,2.5,1484521560
405,294,3.5,1484526840
146,203,3.0,1484529000
170,288,1.5,1484529600
386,80,0.5,1484539620
341,235,4.0,1484540580
288,226,4.5,1484541780
354,82,4.0,1484544900
371,242,2.5,1484546040
363,93,3.0,1484546340
298,122,5.0,1484548980
413,185,4.0,1484553660
13,21,3.0,1484558580
330,164,5.0,1484558880
408,177,3.0,1484560680
483,175,4.5,1484560800
461,240,3.0,1484562600
499,88,1.5,1484563140
167,222,4.0,1484566560
274,132,2.0,1484576040
411,179,4.0,1484579220
487,170,2.0,1484579880
308,145,3.5,1484580660
494,210,3.5,1484583300
445,27,2.0,1484591580
13,159,3.5,1484593080
437,253,2.5,1484595720
27,56,2.5,1484600760
88,59,3.5,1484600820
149,275,1.5,1484612520
494,253,2.5,1484621820
247,155,4.5,1484634780
282,156,2.0,1484643720
222,86,5.0,1484643960
81,175,4.5,1484645220
19,262,3.0,1484646360
235,281,3.5,1484647440
191,174,4.0,1484660400
365,197,3.5,1484664600
177,285,5.0,1484669700
303,281,4.0,1484671200
243,137,4.0,1484673960
111,245,2.5,1484678520
337,60,3.0,1484688660
309,299,2.5,1484692500
189,98,4.5,1484695560
11,141,4.0,1484711400
362,253,2.5,1484713200
352,290,3.0,1484720040
1,137,3.0,1484722860
119,279,2.5,1484724960
317,107,3.5,1484727420
260,281,5.0,1484727480
489,81,4.0,1484736120
108,137,3.0,1484743140
69,230,4.5,1484745780
240,250,3.0,1484748060
379,250,4.0,1484752260
500,294,4.5,1484757960
376,155,1.5,1484760300
57,103,3.0,1484760780
373,243,5.0,1484765280
42,14,3.5,1484773320
74,151,4.0,1484780700
384,119,3.0,1484782860
203,106,3.0,1484784180
288,154,3.5,1484788800
381,68,2.5,1484793240
202,241,4.0,1484797020
86,300,4.5,1484797020
495,119,3.5,1484797680
40,40,3.5,1484800140
79,71,3.5,1484802600
48,24,4.0,1484805900
46,262,3.0,1484810940
440,108,2.0,1484815620
444,14,3.0,1484815740
71,154,3.5,1484821560
440,184,3.0,1484822100
308,48,3.0,1484832900
155,243,3.0,1484840340
274,148,4.0,1484847960
260,175,3.5,1484848380
112,149,1.5,1484852640
211,30,2.5,1484860740
327,45,0.5,1484863080
181,278,2.0,1484865600
444,94,5.0,1484871240
485,139,1.5,1484876520
160,101,4.5,1484876640
369,252,4.5,1484879220
418,17,3.0,1484879580
446,58,4.5,1484881380
312,24,4.0,1484884620
214,293,3.0,1484899020
442,296,4.5,1484906280
245,105,4.0,1484913000
317,138,4.0,1484914260
200,64,3.5,1484918760
24,289,1.5,1484919000
433,154,2.0,1484920680
466,101,3.0,1484924220
30,237,5.0,1484930100
447,53,4.0,1484933100
238,73,3.0,1484939820
132,24,3.5,1484940300
97,140,2.5,1484944800
131,24,4.0,1484950020
334,280,1.5,1484953080
469,255,3.5,1484962200
227,123,5.0,1484962740
135,104,2.5,1484966160
25,289,1.5,1484967960
302,247,1.5,1484979840
455,203,2.5,1484984460
144,275,1.0,1484985120
377,216,4.5,1484988420
187,247,2.5,1484988960
217,251,3.5,1484993760
188,61,3.5,1485002340
169,65,4.0,1485004500
357,279,1.5,1485011700
93,20,2.5,1485013680
132,134,4.5,1485015120
193,30,4.0,1485022080
455,290,4.0,1485025440
294,96,3.5,1485028020
75,221,2.5,1485030720
75,134,3.5,1485035580
440,219,2.5,1485037800
146,222,4.0,1485038400
274,157,2.5,1485042420
485,175,2.5,1485050040
364,275,2.0,1485065400
12,269,2.5,1485070260
429,21,4.0,1485076320
126,52,3.5,1485085380
380,171,1.5,1485090360
30,155,5.0,1485091680
371,191,3.0,1485100500
178,281,4.5,1485104040
128,37,3.5,1485107820
307,180,2.5,1485109080
199,273,3.5,1485117360
307,60,3.5,1485117600
74,230,4.5,1485122040
210,256,3.5,1485122700
135,31,3.5,1485123060
95,258,2.0,1485130260
9,71,4.0,1485143700
210,282,4.0,1485146700
216,279,2.5,1485149580
218,127,3.5,1485152760
294,284,3.0,1485157320
477,203,1.5,1485163320
64,127,2.5,1485164040
306,233,3.0,1485164940
4,169,4.0,1485170760
252,221,3.0,1485173100
42,137,5.0,1485174120
92,137,4.0,1485174960
74,300,4.0,1485175500
398,270,3.0,1485177840
35,103,2.5,1485181980
115,147,3.5,1485187320
121,73,3.5,1485187680
261,279,3.0,1485188880
21,200,2.0,1485192600
264,13,3.5,1485192900
140,14,3.0,1485193920
475,180,3.0,1485195900
284,123,3.5,1485204660
432,182,3.5,1485208920
87,142,4.5,1485212760
206,294,3.5,1485214200
395,83,4.0,1485223260
140,198,2.5,1485224460
182,35,2.5,1485225960
12,81,3.5,1485226260
97,51,3.5,1485227400
34,89,4.0,1485230220
204,66,4.0,1485237540
124,6,4.0,1485241260
127,299,2.5,1485241380
195,262,2.5,1485242040
271,34,2.0,1485242100
400,63,4.0,1485243240
220,294,4.0,1485243840
203,250,3.0,1485256980
336,264,4.0,1485261000
174,150,3.5,1485263820
335,221,2.5,1485272280
303,105,4.5,1485274860
273,243,4.0,1485276420
222,105,3.5,1485277500
167,27,3.0,1485277500
352,233,5.0,1485278880
89,58,4.5,1485281400
131,253,3.5,1485283620
265,134,5.0,1485291240
75,44,2.0,1485294960
105,13,3.5,1485296880
493,15,2.0,1485299460
22,296,3.5,1485304800
344,154,1.0,1485305580
73,200,2.0,1485306600
479,52,1.5,1485326520
166,289,3.0,1485328680
199,137,4.5,1485334320
6,150,2.0,1485339720
211,17,3.5,1485353160
129,254,4.0,1485360300
495,189,4.5,1485375300
147,88,3.0,1485380340
492,15,3.0,1485382380
378,176,2.5,1485392580
121,164,5.0,1485393960
217,250,4.5,1485394980
199,136,3.5,1485397680
158,165,3.0,1485407820
233,260,4.0,1485418740
495,180,4.0,1485423780
107,72,1.0,1485424500
312,66,2.0,1485427860
81,187,3.5,1485427980
378,156,1.5,1485430680
99,229,3.5,1485431580
443,38,3.0,1485435660
134,147,3.5,1485438000
147,47,2.5,1485440340
493,70,2.0,1485443700
137,35,2.0,1485448680
449,60,4.0,1485461760
257,251,4.5,1485468300
330,53,4.5,1485468900
125,251,5.0,1485471060
411,80,1.0,1485472200
150,43,3.0,1485479460
146,178,4.0,1485482820
317,169,2.5,1485485940
327,238,3.0,1485491460
370,106,3.0,1485491520
247,217,5.0,1485497940
335,24,4.0,1485500340
151,101,3.5,1485500700
208,240,3.0,1485501180
236,13,3.5,1485505740
483,137,3.5,1485507720
50,30,3.0,1485515580
218,14,3.0,1485520080
111,13,3.5,1485521220
495,20,4.5,1485521940
238,185,3.0,1485526620
113,60,3.0,1485534360
94,231,3.5,1485536760
382,251,4.0,1485542760
391,110,2.5,1485545460
446,235,4.5,1485548220
203,56,3.0,1485548880
404,241,3.0,1485549360
121,291,3.0,1485551880
125,291,3.5,1485552000
176,295,3.5,1485552540
339,14,4.0,1485552660
324,15,4.5,1485554280
293,245,2.5,1485558060
458,216,5.0,1485559680
451,208,1.5,1485560820
454,145,3.5,1485563040
115,245,3.0,1485572460
220,54,4.0,1485574680
137,78,2.5,1485575100
160,98,4.0,1485580020
243,203,2.0,1485580620
72,177,3.5,1485584400
456,176,3.5,1485586500
494,248,2.5,1485589200
390,3,1.0,1485590160
429,165,3.5,1485601500
29,231,2.5,1485610020
500,105,3.5,1485624180
247,15,4.5,1485624960
206,222,3.0,1485627600
490,235,3.5,1485631620
157,154,3.5,1485632280
23,73,3.5,1485638460
203,217,4.5,1485642540
116,150,1.5,1485643260
415,163,2.5,1485648660
288,222,3.5,1485652800
308,245,3.5,1485659340
165,157,2.5,1485670680
335,175,3.5,1485672420
127,109,3.0,1485673620
69,205,3.5,1485685800
161,264,4.5,1485700800
141,64,3.0,1485715680
403,273,2.5,1485716820
69,279,4.0,1485722940
137,294,2.5,1485724980
28,299,3.0,1485725820
497,28,5.0,1485732000
335,73,3.5,1485732060
279,169,3.5,1485741660
388,294,3.0,1485742680
33,215,2.5,1485742980
424,129,3.5,1485743640
141,103,2.5,1485747240
39,250,3.5,1485753360
456,81,3.0,1485753480
384,42,2.5,1485754140
492,240,2.0,1485756540
28,82,3.5,1485759060
278,28,4.0,1485759420
89,13,5.0,1485762720
395,280,4.0,1485767160
62,42,2.5,1485772440
476,207,3.0,1485772980
454,265,2.0,1485773820
445,297,2.5,1485774360
239,127,2.5,1485775740
252,248,1.5,1485786840
290,217,4.5,1485792360
469,222,3.0,1485797100
75,244,2.0,1485798000
418,70,1.5,1485801360
325,278,2.5,1485802860
201,243,4.0,1485806520
444,197,4.0,1485809880
86,255,3.0,1485810780
159,15,3.5,1485810780
320,115,3.5,1485812040
362,24,3.5,1485821940
79,231,4.5,1485831900
475,71,4.5,1485839820
348,254,3.0,1485844140
74,180,4.0,1485852960
89,134,5.0,1485853200
107,170,0.5,1485853800
410,205,2.5,1485854520
159,233,2.5,1485862140
380,111,2.0,1485864600
241,60,3.0,1485866880
210,31,4.0,1485869280
206,269,5.0,1485873780
227,71,5.0,1485885600
175,128,3.5,1485896040
58,94,3.5,1485896940
422,284,4.0,1485905400
454,139,4.0,1485909180
397,42,1.5,1485913740
1,81,3.0,1485914460
2,229,4.5,1485915180
167,240,3.5,1485918780
268,248,2.0,1485923940
133,221,3.0,1485927540
299,49,3.5,1485928680
157,105,5.0,1485933840
52,60,3.5,1485935580
18,251,3.5,1485937560
417,194,2.5,1485941880
371,207,2.5,1485944220
166,178,3.5,1485949680
198,58,3.5,1485958560
44,284,3.5,1485963660
305,103,3.5,1485964680
358,49,2.5,1485966240
4,206,3.0,1485969420
335,18,2.5,1485970860
380,273,2.0,1485973200
419,35,3.5,1485978360
60,243,3.5,1485988200
308,28,5.0,1485988620
101,172,4.5,1485989640
500,154,3.0,1485992820
235,193,3.5,1485994740
448,65,4.0,1485995460
368,67,4.5,1486004700
72,80,2.0,1486005600
478,45,3.0,1486016820
71,146,3.0,1486017780
116,273,1.5,1486032060
286,197,4.0,1486036800
108,175,3.0,1486038180
50,21,3.5,1486039980
55,38,2.0,1486042140
16,73,4.0,1486043280
400,128,3.5,1486048560
307,63,3.5,1486051740
298,10,4.0,1486052340
438,291,1.5,1486052700
489,120,5.0,1486054080
277,244,2.0,1486062240
388,264,3.5,1486064520
120,5,2.0,1486069080
304,221,3.5,1486071480
409,20,2.5,1486071960
92,172,4.0,1486076640
167,119,5.0,1486077540
459,36,4.0,1486081500
309,80,1.5,1486084380
385,292,4.5,1486084500
357,173,3.0,1486090260
233,197,3.5,1486097100
359,151,3.0,1486100400
444,179,4.0,1486105980
230,151,3.0,1486108500
239,220,4.0,1486108980
380,243,4.5,1486116420
256,212,4.0,1486116480
362,175,3.0,1486118760
449,220,4.5,1486136700
489,243,3.5,1486146900
416,291,2.5,1486147920
148,279,3.0,1486147920
447,208,4.0,1486148160
154,79,1.5,1486153860
493,208,2.0,1486155240
160,230,5.0,1486158000
54,177,3.0,1486159200
384,251,4.5,1486160040
404,175,4.5,1486160100
278,60,1.5,1486163940
393,54,3.5,1486166580
126,37,3.5,1486166940
348,60,2.0,1486168800
219,185,2.5,1486178520
103,203,2.5,1486178700
94,206,3.5,1486183680
195,150,2.0,1486188180
224,202,4.5,1486192920
111,40,3.0,1486194600
260,193,5.0,1486197300
234,241,4.5,1486197600
32,239,3.0,1486201500
275,150,1.5,1486208640
101,141,4.0,1486217700
369,14,4.5,1486226580
79,279,3.0,1486233240
308,244,3.5,1486237920
12,96,4.5,1486238160
282,146,3.0,1486239120
498,201,2.5,1486245540
191,285,4.5,1486245720
172,21,3.0,1486246740
35,93,3.5,1486259820
340,47,3.0,1486269540
190,159,4.5,1486270740
156,81,4.0,1486274640
169,6,4.0,1486275420
195,103,2.0,1486276260
230,14,3.0,1486278240
328,107,4.5,1486288140
416,65,4.0,1486294080
247,151,4.5,1486298340
477,170,2.0,1486302240
250,137,2.5,1486304340
403,47,3.0,1486307280
175,286,2.5,1486313220
295,56,4.5,1486318920
318,170,2.0,1486323300
499,34,2.5,1486333080
96,187,2.0,1486337580
87,101,4.5,1486340880
215,150,4.5,1486348860
383,182,4.0,1486350720
313,5,1.5,1486352100
494,205,2.5,1486353120
471,230,4.5,1486358220
135,81,3.0,1486358340
349,55,2.0,1486359480
228,30,3.0,1486362420
379,219,3.0,1486364700
342,269,4.5,1486365720
220,138,4.5,1486367040
117,117,4.0,1486369740
20,200,3.0,1486371600
491,116,1.5,1486373520
32,30,4.5,1486382100
421,200,4.0,1486383000
376,141,3.5,1486387020
241,121,1.5,1486393260
200,258,3.0,1486407900
57,256,4.0,1486409520
117,289,2.0,1486414080
462,200,2.5,1486415820
135,38,3.5,1486416180
15,137,3.5,1486418580
450,82,3.5,1486423680
206,24,4.0,1486431060
454,64,3.5,1486434480
137,58,2.5,1486435560
482,256,3.5,1486438980
13,88,2.0,1486440420
62,160,3.0,1486440960
263,13,4.0,1486444740
376,47,1.5,1486447020
148,147,3.0,1486460100
201,263,4.5,1486461540
320,262,5.0,1486470240
33,132,5.0,1486475220
485,165,1.5,1486488360
463,190,1.0,1486489320
122,152,3.5,1486493640
61,28,3.5,1486499460
465,60,3.0,1486499580
392,155,3.0,1486513860
499,43,3.5,1486514760
452,31,3.5,1486517160
393,68,2.0,1486522800
360,294,2.0,1486523400
495,156,3.0,1486523940
340,28,4.0,1486534260
249,170,2.0,1486537140
481,250,4.0,1486540560
461,47,3.5,1486540800
338,182,4.0,1486540860
236,152,4.0,1486542300
47,77,1.0,1486547760
345,147,2.5,1486551360
150,66,3.5,1486553460
408,172,5.0,1486555440
435,82,3.0,1486558440
77,221,2.0,1486560660
438,129,1.5,1486565820
228,81,2.0,1486568760
144,23,3.0,1486572480
14,284,3.5,1486573560
20,258,2.5,1486576860
131,174,3.0,1486578960
440,180,2.0,1486580640
167,129,5.0,1486581360
430,250,3.0,1486584840
445,174,3.0,1486585800
298,194,2.5,1486586460
70,289,1.5,1486589160
327,117,2.5,1486594800
96,13,2.5,1486599780
395,64,5.0,1486608960
187,173,4.5,1486615620
92,256,4.0,1486616460
382,262,4.0,1486617600
469,294,4.0,1486619100
183,284,3.5,1486619880
229,217,4.5,1486626900
237,178,3.5,1486636440
163,94,3.5,1486639500
367,153,5.0,1486642260
210,284,2.0,1486647360
414,269,4.0,1486649760
479,51,2.0,1486662840
331,210,4.5,1486663980
177,237,3.5,1486664280
161,206,4.5,1486670520
289,254,3.0,1486672440
409,242,4.0,1486672860
427,101,3.0,1486679520
299,212,3.5,1486684320
234,3,2.0,1486685760
174,180,3.5,1486696320
361,173,4.0,1486702560
11,197,4.0,1486704660
172,187,3.0,1486707480
183,57,3.5,1486707720
37,219,3.0,1486711740
31,269,4.5,1486712520
478,211,4.5,1486717860
301,47,1.5,1486719240
330,233,3.5,1486722480
134,77,2.0,1486728720
186,165,2.5,1486729980
77,74,2.0,1486732380
156,51,4.5,1486736400
145,205,3.0,1486739220
12,134,3.5,1486740120
384,171,2.0,1486744200
103,171,2.0,1486750680
171,48,2.5,1486752300
144,189,3.0,1486752900
492,279,3.0,1486755360
234,265,3.0,1486763160
286,14,3.5,1486763760
337,31,2.0,1486769460
51,38,3.5,1486776300
206,14,3.0,1486787640
59,31,4.5,1486794420
59,60,3.5,1486813980
202,56,4.0,1486825320
438,47,1.5,1486830780
328,197,5.0,1486834080
200,63,2.5,1486838100
420,169,3.5,1486838640
483,154,3.5,1486843740
262,273,3.0,1486844460
461,83,2.5,1486847640
451,165,2.0,1486854060
484,164,3.5,1486859760
132,214,4.5,1486864920
380,217,2.5,1486883040
188,205,2.5,1486910580
486,152,3.0,1486915440
78,291,2.0,1486920240
450,88,2.0,1486921200
6,201,1.5,1486924500
382,70,3.5,1486925340
322,163,2.0,1486928940
425,19,5.0,1486929300
12,87,4.0,1486929420
85,31,3.0,1486934700
284,156,2.0,1486942440
227,18,3.0,1486944360
210,58,3.0,1486948620
294,285,4.5,1486953120
13,120,2.5,1486961160
354,177,2.0,1486961580
202,66,3.5,1486974060
220,92,4.5,1486974480
185,141,5.0,1486975200
251,287,3.5,1486975320
458,72,2.0,1486982700
127,221,2.5,1486985460
139,269,2.5,1486989960
383,111,4.0,1486993800
117,175,3.0,1486997520
321,231,3.5,1486997940
358,237,3.0,1487003040
342,294,3.0,1487014260
18,163,3.0,1487021160
38,299,3.0,1487023440
87,275,2.0,1487032740
500,280,3.0,1487037240
382,101,2.5,1487039220
271,59,2.5,1487040420
335,262,4.5,1487041860
220,180,4.0,1487042580
162,66,4.0,1487043060
21,93,2.5,1487047320
470,216,4.0,1487051100
260,84,5.0,1487055540
467,68,2.5,1487064300
384,182,4.0,1487071740
344,168,1.5,1487076780
114,203,3.5,1487078880
166,35,2.0,1487082240
308,182,5.0,1487083080
372,262,3.0,1487085000
273,34,3.5,1487087700
146,299,4.0,1487088480
59,187,4.0,1487089620
11,134,3.5,1487094300
324,223,4.5,1487097120
166,145,3.0,1487098200
126,58,3.0,1487110020
131,230,4.5,1487145840
318,94,3.0,1487154000
233,235,4.0,1487158080
460,162,3.5,1487162640
153,175,2.5,1487163600
133,91,2.0,1487164440
8,277,2.0,1487180340
386,187,2.5,1487180880
59,206,4.0,1487181960
143,47,4.5,1487182920
181,269,3.5,1487191920
35,201,2.0,1487192760
438,2,1.5,1487193300
131,294,4.0,1487194980
455,220,4.0,1487196000
401,61,4.0,1487196720
285,57,1.5,1487197260
367,48,4.5,1487199840
8,182,4.5,1487203320
346,15,2.5,1487205060
20,284,3.0,1487214300
369,127,4.0,1487216280
381,40,3.5,1487220300
152,150,2.5,1487223360
77,37,2.0,1487227320
123,24,3.5,1487229300
196,182,4.0,1487232300
148,176,3.5,1487233320
288,147,4.0,1487236860
217,254,2.0,1487237400
123,36,4.0,1487243220
387,81,3.0,1487245860
69,70,3.0,1487246820
358,160,2.5,1487252340
295,118,3.5,1487259720
128,211,4.5,1487265360
393,235,3.0,1487267160
466,197,4.0,1487272500
253,226,4.0,1487290620
313,290,3.0,1487291640
436,57,1.5,1487294700
131,60,3.0,1487295780
273,105,4.0,1487296920
45,277,2.0,1487297460
343,3,1.0,1487302080
426,237,4.5,1487304180
490,197,4.5,1487305020
19,147,2.0,1487311020
380,137,2.5,1487311020
493,275,1.0,1487311560
403,85,4.5,1487313360
496,262,3.5,1487315520
283,277,2.5,1487317320
420,66,3.0,1487322120
413,85,4.5,1487322840
310,243,2.5,1487330100
163,83,3.0,1487330340
73,141,4.5,1487332320
383,220,3.5,1487335200
456,116,2.5,1487340840
73,284,3.5,1487342160
413,290,2.5,1487346360
145,64,4.0,1487348280
158,275,1.5,1487352600
376,241,3.0,1487355120
284,160,2.0,1487357520
3,226,3.5,1487362920
216,30,3.5,1487371440
338,63,3.0,1487372760
370,101,2.0,1487381160
272,105,3.5,1487382420
51,10,3.5,1487383560
93,94,3.0,1487386680
98,38,2.5,1487389200
431,200,2.0,1487392740
493,210,3.0,1487394180
451,159,3.0,1487397300
255,4,3.5,1487398260
253,289,2.5,1487401620
278,247,2.5,1487405280
293,237,2.5,1487407140
214,205,2.5,1487408880
6,53,3.5,1487411820
194,207,3.5,1487412240
358,153,3.5,1487413740
472,231,4.0,1487417280
486,290,2.5,1487428680
112,58,3.5,1487430960
443,26,3.5,1487431800
406,173,3.0,1487432040
27,70,3.5,1487435640
183,51,3.0,1487441640
95,48,1.5,1487444100
293,61,3.0,1487445420
10,284,4.0,1487446140
480,238,3.5,1487447700
310,21,2.5,1487448120
134,15,3.0,1487452620
35,207,1.0,1487459340
470,137,3.0,1487464500
320,243,4.5,1487469300
119,262,2.5,1487469720
93,14,3.0,1487470260
142,35,2.0,1487471100
341,37,4.0,1487475900
435,108,3.5,1487479680
159,289,2.5,1487488560
318,222,2.5,1487489040
201,214,5.0,1487498820
195,1,3.5,1487503620
10,101,1.5,1487509020
341,48,2.5,1487509320
133,3,2.5,1487510820
27,154,3.0,1487525400
56,294,3.0,1487527680
385,276,2.5,1487528940
483,249,4.5,1487532540
420,218,3.0,1487534400
173,170,3.5,1487536140
327,141,3.0,1487537100
441,180,2.0,1487539440
112,171,2.5,1487540520
338,256,3.5,1487542380
272,37,3.5,1487542500
343,10,3.5,1487544120
201,1,4.0,1487547900
181,81,3.5,1487549640
440,215,2.5,1487551440
151,254,4.5,1487557620
69,184,4.0,1487557920
267,64,2.5,1487560020
393,24,3.0,1487561520
25,56,2.5,1487561520
451,187,2.5,1487562120
74,299,3.5,1487566680
192,173,3.5,1487567220
87,15,3.0,1487590680
408,249,4.0,1487597340
443,159,4.0,1487601420
200,60,2.0,1487607480
290,32,3.0,1487608020
478,270,3.0,1487610240
35,129,2.5,1487616240
30,250,3.5,1487617980
353,66,2.5,1487618880
312,14,3.0,1487621760
127,24,3.0,1487622780
151,147,3.0,1487623020
80,220,3.5,1487626800
177,7,3.5,1487630640
365,64,3.5,1487631900
56,240,3.5,1487636520
146,250,4.0,1487636580
282,293,3.0,1487637420
223,163,2.5,1487644980
130,64,3.5,1487648640
300,249,4.0,1487650980
424,155,2.5,1487656860
436,60,1.0,1487663520
385,137,4.5,1487665500
109,240,2.5,1487679360
309,237,3.5,1487686320
254,122,4.0,1487687460
433,178,3.0,1487687520
64,56,3.5,1487689860
320,231,3.5,1487693520
212,137,2.5,1487699280
144,245,2.0,1487705100
304,250,4.0,1487708160
10,109,2.0,1487714280
181,150,1.5,1487714940
197,13,5.0,1487715960
347,148,3.0,1487719860
410,200,2.5,1487720280
151,140,4.5,1487727660
380,73,2.0,1487730900
196,132,3.5,1487732580
338,21,3.0,1487736480
489,73,4.5,1487738820
474,294,3.0,1487752860
328,206,4.5,1487756040
154,176,3.0,1487760000
479,166,3.5,1487761200
102,294,4.5,1487762820
100,275,0.5,1487767380
78,176,3.0,1487769060
471,272,3.5,1487775000
105,284,2.5,1487778840
289,250,4.0,1487783700
253,239,2.5,1487786700
466,157,4.0,1487790540
210,187,4.0,1487791440
384,184,3.0,1487797860
495,5,3.5,1487798040
107,83,1.5,1487802240
360,6,2.5,1487812080
280,230,5.0,1487818500
70,2,1.5,1487819280
307,249,2.0,1487824800
118,35,3.0,1487825040
129,64,4.0,1487827680
211,243,3.0,1487829660
404,154,3.5,1487830620
115,96,3.5,1487835000
375,154,2.0,1487836740
437,81,3.5,1487840100
228,215,4.0,1487847840
150,229,4.5,1487854500
174,226,5.0,1487878560
144,219,2.5,1487881320
207,48,3.5,1487881560
125,123,5.0,1487883360
208,251,4.0,1487884860
59,267,4.0,1487887980
286,170,2.5,1487889660
350,296,3.5,1487891040
244,101,2.5,1487893380
479,205,2.5,1487900580
192,35,3.0,1487902800
70,80,1.0,1487903160
221,182,3.5,1487907840
281,294,2.0,1487919360
467,143,3.5,1487921100
354,240,4.0,1487922240
211,262,3.5,1487924400
22,120,4.5,1487924700
236,100,4.0,1487925180
161,235,4.0,1487932920
58,81,3.5,1487933340
124,23,4.0,1487933940
343,268,4.0,1487944080
5,56,2.5,1487953980
158,134,4.0,1487967240
459,3,1.5,1487967420
198,299,2.5,1487969640
388,235,3.0,1487970120
167,256,3.5,1487972700
350,60,3.0,1487972760
144,175,3.5,1487987280
407,14,3.5,1487988540
204,290,3.5,1487993940
411,64,4.5,1487994540
28,64,4.0,1487997720
388,151,3.0,1488011340
395,65,4.0,1488015540
497,71,5.0,1488018240
142,9,4.0,1488026460
246,83,3.0,1488027060
476,243,4.0,1488031200
65,30,3.5,1488034320
160,217,5.0,1488034920
249,137,3.5,1488039000
105,230,4.0,1488041280
186,189,3.5,1488041700
491,51,2.0,1488050700
353,45,1.0,1488054900
279,178,2.5,1488056400
489,10,5.0,1488060180
210,89,3.5,1488060660
225,47,2.5,1488064440
9,14,4.0,1488064860
89,263,5.0,1488069240
267,206,3.0,1488073020
32,101,2.0,1488087600
141,217,3.5,1488088740
418,222,2.0,1488089820
206,68,4.0,1488092460
15,5,2.0,1488098460
81,24,4.5,1488099780
290,147,3.0,1488106680
390,269,4.0,1488109860
415,101,4.0,1488114540
215,230,5.0,1488114540
285,129,2.5,1488116100
324,24,5.0,1488117180
77,248,2.0,1488120000
73,243,5.0,1488122400
395,3,3.0,1488137280
86,129,3.5,1488139860
130,101,2.5,1488140820
397,219,3.0,1488156600
11,101,3.0,1488167520
224,65,3.5,1488167880
239,146,3.0,1488169140
323,248,1.0,1488174720
153,59,3.0,1488182100
149,138,4.0,1488183900
297,175,4.0,1488184560
15,251,2.5,1488187440
109,290,1.5,1488188820
424,83,3.0,1488191940
360,17,1.5,1488195480
311,3,2.0,1488197880
371,264,4.0,1488201660
36,258,1.5,1488207000
215,216,5.0,1488207840
91,124,3.5,1488218280
249,159,3.0,1488228480
55,279,2.0,1488231780
75,235,3.5,1488232200
3,217,4.0,1488238980
19,258,2.0,1488239100
251,36,4.5,1488242400
486,231,2.5,1488243360
482,243,4.0,1488244620
20,253,2.0,1488244980
112,272,4.0,1488246540
132,13,4.0,1488247080
265,154,3.0,1488254820
473,263,4.0,1488257040
267,89,2.5,1488257460
19,291,2.5,1488259260
22,77,2.0,1488263280
422,210,4.0,1488263460
62,105,5.0,1488265800
413,36,4.5,1488266280
7,258,2.5,1488268140
237,122,4.5,1488271740
228,230,5.0,1488271740
339,265,3.0,1488276960
61,105,4.0,1488280320
438,43,3.0,1488287700
403,235,4.5,1488293400
390,275,1.5,1488294900
137,3,2.0,1488299940
329,89,3.0,1488304140
274,40,2.5,1488305640
477,175,3.0,1488310980
217,93,3.0,1488313260
74,272,2.0,1488313500
140,76,5.0,1488318000
395,241,5.0,1488318540
419,168,4.0,1488321420
139,245,2.0,1488323160
500,165,2.5,1488327540
413,173,3.5,1488327840
431,240,2.0,1488328380
100,107,2.0,1488337020
165,231,3.0,1488349500
390,63,2.5,1488351240
207,235,5.0,1488352260
276,123,4.5,1488356940
22,197,5.0,1488358920
167,299,3.0,1488359100
226,299,4.0,1488366360
389,101,3.5,1488369360
26,134,4.0,1488375540
51,245,2.5,1488376200
41,150,2.5,1488376560
423,299,3.5,1488377880
21,243,3.5,1488390720
158,300,2.5,1488393120
471,220,4.5,1488397920
167,163,4.0,1488403440
78,235,3.0,1488412980
193,14,3.5,1488413880
50,18,2.0,1488414240
388,197,4.0,1488419160
285,230,3.5,1488419280
253,107,3.0,1488424440
235,207,1.0,1488425040
399,20,2.5,1488428460
473,36,5.0,1488430500
89,269,4.5,1488435780
337,178,3.0,1488442860
114,279,3.0,1488444060
387,188,4.0,1488444720
321,187,3.0,1488445080
495,200,3.5,1488445740
123,163,2.0,1488446100
446,285,5.0,1488449580
50,94,4.0,1488453780
91,63,2.0,1488466800
67,100,3.0,1488473880
318,15,3.5,1488474300
148,267,3.5,1488477060
374,230,4.0,1488478140
246,3,2.5,1488479400
27,245,4.0,1488479940
93,175,3.0,1488485580
288,36,5.0,1488486120
118,269,3.5,1488486720
245,252,4.5,1488487380
13,1,2.5,1488488820
424,101,5.0,1488489780
342,60,2.0,1488492960
213,208,4.0,1488503940
201,26,4.5,1488512820
61,197,3.5,1488518580
249,206,3.5,1488520860
188,47,3.5,1488521700
47,37,2.5,1488522720
119,210,4.0,1488523020
245,182,3.0,1488524520
493,106,2.5,1488528180
260,105,4.5,1488531060
29,24,2.5,1488533280
235,13,3.0,1488535560
434,169,3.5,1488537540
423,251,3.5,1488542520
468,233,2.5,1488542760
107,216,2.0,1488552480
69,56,4.5,1488553080
319,150,2.5,1488555840
52,264,5.0,1488556740
97,146,2.5,1488560640
458,151,2.5,1488568620
309,235,3.5,1488574320
466,44,3.0,1488577860
155,73,2.0,1488585060
226,64,4.5,1488585360
20,175,3.5,1488588120
233,245,3.5,1488592440
108,183,4.0,1488594660
409,137,5.0,1488598680
241,207,1.5,1488602160
69,63,4.0,1488605280
89,97,5.0,1488607800
28,101,3.0,1488608160
432,51,2.5,1488608880
259,246,3.0,1488615300
348,50,1.5,1488617640
176,162,2.0,1488624360
336,176,3.5,1488625320
27,66,3.5,1488625560
436,215,2.0,1488625920
342,222,3.0,1488627780
187,244,4.0,1488633120
180,289,2.5,1488635820
284,235,4.0,1488639060
21,54,3.5,1488644940
259,220,3.0,1488650100
495,51,4.5,1488660180
368,177,3.0,1488661200
173,79,4.5,1488662640
232,173,3.5,1488670980
303,184,3.0,1488681900
339,94,4.0,1488682140
249,299,1.5,1488683460
437,179,4.5,1488689640
182,221,4.5,1488689760
417,47,3.5,1488694440
145,183,3.5,1488694680
292,235,3.5,1488703500
414,266,5.0,1488705480
27,1,3.0,1488705600
341,148,4.0,1488714240
415,147,3.5,1488715380
370,265,3.0,1488725880
275,207,1.5,1488739980
487,172,4.0,1488740340
365,118,2.5,1488740640
348,230,4.5,1488743400
362,137,3.5,1488748860
30,254,5.0,1488754920
103,245,3.5,1488755520
280,141,4.0,1488756420
120,238,3.0,1488757680
441,173,2.5,1488761280
170,31,3.0,1488763500
28,150,3.5,1488767340
184,148,4.0,1488773280
462,37,3.5,1488776640
258,78,2.5,1488779880
457,280,3.5,1488780240
320,70,2.5,1488781860
280,275,1.5,1488786120
86,96,4.5,1488807060
62,264,5.0,1488809100
203,84,3.5,1488809820
364,137,5.0,1488811800
64,34,3.5,1488815760
56,299,3.5,1488816180
68,47,2.5,1488818520
388,289,2.0,1488829980
204,70,4.0,1488830580
86,154,3.0,1488833940
147,231,4.5,1488838920
419,207,3.0,1488846660
180,127,2.5,1488847980
124,222,3.5,1488850860
210,129,3.5,1488860100
32,275,0.5,1488863340
334,79,4.0,1488865860
437,26,3.5,1488865920
475,165,4.0,1488868740
141,275,1.5,1488876480
374,126,4.0,1488881760
326,5,1.5,1488884040
115,26,3.5,1488886560
333,215,3.5,1488896220
364,173,4.5,1488898620
221,52,1.5,1488902880
391,243,5.0,1488907620
97,174,2.5,1488920040
248,103,2.5,1488920520
166,59,4.0,1488921540
352,38,5.0,1488922800
406,31,2.5,1488927420
378,50,2.0,1488929520
163,245,3.5,1488945660
149,293,1.5,1488947940
323,254,2.5,1488966960
164,294,3.5,1488971520
252,227,3.5,1488973920
297,275,1.0,1488984360
234,48,3.5,1488988980
65,263,4.0,1488989100
282,48,2.0,1488989700
112,50,2.0,1488992280
135,171,1.5,1488998760
287,257,4.0,1489004580
451,3,1.5,1489013400
88,60,2.5,1489014360
318,261,3.5,1489016520
403,237,3.5,1489020240
175,255,3.5,1489021860
392,37,2.0,1489026180
336,43,4.0,1489026240
396,245,2.5,1489026900
118,221,2.0,1489029840
142,270,2.0,1489031640
43,240,3.5,1489032660
434,256,3.0,1489037520
375,230,3.5,1489037520
388,78,2.5,1489044960
414,172,5.0,1489047960
131,240,4.5,1489052520
81,237,3.5,1489053360
458,182,3.5,1489070040
289,188,3.5,1489072860
111,269,4.5,1489077120
191,48,1.5,1489084140
287,216,5.0,1489090260
363,183,3.5,1489096140
260,279,3.0,1489099800
328,158,3.0,1489102080
25,33,2.0,1489102140
342,206,3.5,1489102380
135,217,3.5,1489103760
345,37,4.0,1489108500
64,235,4.0,1489109940
95,96,4.0,1489126260
275,127,2.0,1489126500
223,265,3.0,1489128780
28,275,1.0,1489144740
110,85,4.0,1489147860
256,238,3.0,1489156980
379,282,3.5,1489159500
212,256,2.5,1489161720
228,151,2.5,1489164660
208,244,3.0,1489174500
441,14,3.0,1489174920
124,21,3.0,1489175820
67,205,1.5,1489182180
40,101,4.0,1489187700
14,214,3.0,1489187820
303,80,2.0,1489193280
448,297,3.0,1489195020
15,200,2.0,1489197660
3,123,4.0,1489207560
125,89,5.0,1489208400
357,208,0.5,1489211460
394,102,3.0,1489213560
256,230,4.0,1489215720
250,157,3.0,1489222980
11,155,2.5,1489226580
457,9,4.5,1489229220
178,273,2.5,1489231560
76,58,3.0,1489234620
1,215,2.5,1489238460
318,51,2.5,1489241700
435,28,5.0,1489244940
293,188,3.0,1489246560
310,58,2.5,1489255740
39,231,2.0,1489261560
282,63,3.0,1489261980
112,206,3.0,1489263840
404,252,4.5,1489266720
85,73,4.5,1489267380
427,15,3.0,1489267680
66,207,3.5,1489274040
464,109,2.5,1489275480
456,48,3.5,1489281000
131,211,4.0,1489286220
150,48,3.0,1489288440
468,168,4.0,1489290600
411,119,2.5,1489294140
191,293,2.5,1489294620
356,70,3.5,1489295580
429,272,2.5,1489298520
149,256,2.5,1489300620
308,208,3.0,1489308960
412,105,4.5,1489309440
88,250,4.5,1489314420
39,194,2.5,1489314480
123,103,4.5,1489315740
382,23,2.5,1489317420
372,37,3.5,1489321140
72,162,4.0,1489325700
462,148,3.0,1489325760
159,256,4.0,1489328280
314,178,3.0,1489336440
104,34,3.5,1489336800
319,31,3.0,1489342440
257,231,3.5,1489353780
201,289,2.0,1489357140
275,235,3.5,1489365000
348,189,3.0,1489367220
335,189,3.5,1489372080
266,174,4.0,1489375320
320,137,5.0,1489379220
445,215,3.0,1489380600
412,107,3.0,1489382160
245,215,3.0,1489382760
42,146,3.0,1489387980
422,107,3.5,1489393140
302,243,2.5,1489396920
126,180,2.5,1489397580
486,16,4.0,1489398720
43,197,4.5,1489399800
484,173,3.5,1489408860
444,192,5.0,1489409580
230,37,3.0,1489411860
344,172,3.0,1489416540
58,253,2.5,1489416660
319,66,3.5,1489418040
248,149,2.0,1489418520
98,41,3.0,1489430040
22,179,5.0,1489432320
479,159,2.5,1489432320
354,201,3.0,1489435920
134,299,3.5,1489436400
303,255,3.0,1489454220
267,250,3.0,1489460340
74,193,3.5,1489465920
363,48,2.0,1489467240
24,269,3.0,1489469760
43,132,5.0,1489472340
32,138,4.0,1489473360
143,40,4.5,1489475040
140,175,3.0,1489496760
320,55,3.5,1489499040
434,300,3.0,1489500720
315,100,3.0,1489501080
46,154,2.0,1489501620
187,217,5.0,1489507380
144,18,3.0,1489509600
119,213,4.0,1489510500
62,279,3.5,1489510800
198,220,2.0,1489513140
394,210,3.0,1489528920
474,293,2.0,1489535340
333,101,3.5,1489546560
344,95,3.0,1489552200
1,278,3.5,1489563480
20,291,3.0,1489564860
226,155,3.0,1489574940
202,175,4.5,1489576140
17,208,2.5,1489580640
469,98,4.0,1489588800
226,140,5.0,1489590480
54,141,3.5,1489595820
286,127,3.0,1489597380
478,169,4.0,1489612080
460,235,4.0,1489621980
227,240,3.0,1489625100
352,250,5.0,1489632300
131,17,4.5,1489632360
52,200,2.0,1489641660
338,93,3.0,1489649160
379,222,4.0,1489654140
414,248,3.0,1489661940
25,137,3.5,1489665900
483,281,4.5,1489666020
455,29,4.0,1489668420
274,82,2.5,1489674300
150,84,4.5,1489675860
272,79,2.0,1489676040
164,5,2.5,1489680480
75,262,4.0,1489680840
483,14,4.0,1489687560
75,278,2.5,1489689840
477,13,3.0,1489691700
372,270,2.5,1489694580
269,243,3.5,1489696380
94,73,4.0,1489696740
227,294,4.5,1489702500
416,231,4.0,1489710900
465,229,4.0,1489714980
375,94,3.0,1489721640
387,35,2.0,1489724520
443,187,3.5,1489725480
446,226,4.5,1489736400
10,106,3.0,1489739400
312,173,4.5,1489742640
390,183,3.0,1489744560
99,111,2.5,1489752300
360,255,1.0,1489758300
303,220,4.0,1489763160
330,253,3.5,1489768560
378,282,4.0,1489782180
440,60,2.0,1489782300
462,245,2.0,1489787100
157,109,3.5,1489791180
13,275,0.5,1489792620
146,14,4.0,1489795800
361,3,2.5,1489801140
133,129,4.0,1489803540
183,37,4.0,1489808040
492,42,1.5,1489809780
352,219,4.0,1489812720
336,82,4.5,1489819080
321,258,2.5,1489824720
273,195,2.0,1489830540
417,240,3.5,1489835940
173,159,4.5,1489841520
345,208,1.0,1489843260
215,258,3.0,1489849560
90,221,4.0,1489851600
382,220,3.0,1489863960
480,65,3.5,1489867920
171,206,2.0,1489870980
142,267,3.0,1489872000
377,197,5.0,1489873500
150,28,3.5,1489876260
21,222,2.0,1489877760
198,85,4.0,1489883280
298,96,5.0,1489885980
198,250,3.5,1489887240
38,133,2.0,1489887840
374,152,4.0,1489890420
302,235,2.5,1489890840
28,172,5.0,1489897020
467,217,4.0,1489901520
122,178,4.0,1489908720
226,137,4.0,1489917960
132,65,4.0,1489918620
477,206,2.0,1489918920
356,105,5.0,1489919340
455,54,4.0,1489923240
408,92,4.0,1489924440
396,275,0.5,1489928100
140,151,3.0,1489931220
286,276,3.5,1489943520
377,299,4.0,1489951860
127,206,3.5,1489952040
474,73,3.0,1489954500
441,194,2.0,1489957260
11,73,2.5,1489958100
160,48,4.0,1489959120
3,37,4.0,1489961340
41,15,3.0,1489969260
261,220,2.5,1489969800
181,200,1.5,1489970820
211,286,2.0,1489973520
66,254,3.5,1489975440
153,163,3.0,1489976580
278,258,2.5,1489979100
389,289,2.5,1489991580
73,262,4.5,1489996440
34,231,3.5,1490013600
190,290,3.0,1490013840
486,35,1.5,1490019300
20,121,2.5,1490021400
292,73,4.0,1490028840
178,94,3.0,1490029920
381,164,4.5,1490033940
429,80,2.0,1490034180
494,107,3.5,1490034300
307,154,3.0,1490041800
347,47,3.0,1490047560
27,207,2.5,1490049060
145,227,3.0,1490050740
305,101,2.0,1490054340
218,156,3.0,1490054640
219,47,1.5,1490056140
466,14,4.0,1490065860
15,253,1.5,1490070180
11,94,3.5,1490076060
352,275,2.0,1490076720
479,84,3.5,1490079120
249,245,1.5,1490082120
7,237,3.5,1490082240
217,162,3.5,1490082480
51,78,3.5,1490083020
408,63,3.5,1490083500
441,93,3.0,1490091420
41,267,4.5,1490096940
466,226,4.5,1490097240
482,65,3.5,1490097420
487,259,2.5,1490102100
397,48,1.5,1490103600
10,137,3.5,1490106240
45,152,3.5,1490107020
289,192,3.5,1490112480
304,174,4.0,1490116860
461,196,4.5,1490120280
139,237,2.5,1490122680
231,208,4.0,1490124600
487,153,4.0,1490127720
233,81,3.0,1490136540
364,172,4.0,1490137980
172,173,4.0,1490141280
8,103,2.0,1490146740
146,242,2.5,1490150220
351,64,4.0,1490156280
109,165,1.5,1490158020
408,259,3.0,1490160900
61,165,2.5,1490162580
64,251,5.0,1490169000
249,160,1.5,1490169300
328,159,5.0,1490178840
331,221,4.5,1490185020
81,217,5.0,1490185320
49,118,4.5,1490186160
475,121,2.5,1490189520
245,106,3.0,1490191980
172,101,3.0,1490192220
90,293,2.5,1490198100
130,82,3.0,1490200260
108,47,2.0,1490200980
203,212,3.5,1490204100
369,57,3.0,1490210580
392,262,2.0,1490211420
251,35,2.0,1490212320
314,262,2.5,1490215260
67,245,2.5,1490215440
383,140,3.5,1490220240
152,130,2.0,1490221800
474,298,3.0,1490232360
268,269,4.0,1490233260
1,237,3.0,1490235120
416,98,4.5,1490235180
294,15,3.0,1490240880
57,95,3.5,1490242800
344,255,3.5,1490243220
76,124,2.0,1490246160
167,52,4.5,1490251140
42,172,4.0,1490252160
180,36,3.5,1490252700
248,240,2.0,1490254260
48,100,3.5,1490255340
334,34,2.5,1490266740
124,164,4.0,1490266920
153,198,3.0,1490268420
315,200,3.0,1490268540
387,237,4.0,1490270040
445,184,2.5,1490272080
302,57,2.0,1490278080
93,24,3.0,1490281140
190,211,3.5,1490282460
237,141,5.0,1490285160
117,220,3.5,1490296680
392,200,1.5,1490302080
80,155,3.0,1490307240
480,223,2.5,1490315580
39,251,4.0,1490322180
248,213,4.0,1490322840
383,217,5.0,1490325600
409,201,3.5,1490328060
460,77,3.0,1490328240
65,281,5.0,1490332020
479,214,3.5,1490333100
247,1,4.0,1490337900
218,176,2.5,1490343660
55,184,3.0,1490349480
364,3,3.0,1490350860
5,289,2.0,1490355360
36,162,2.5,1490356020
402,300,4.5,1490362200
39,170,2.0,1490364600
8,252,3.5,1490364840
272,66,2.0,1490369820
344,229,3.0,1490371260
264,243,4.0,1490385000
297,95,3.5,1490385720
15,291,2.0,1490387820
232,77,2.5,1490389560
132,179,3.5,1490402100
212,243,2.5,1490411340
354,176,4.0,1490416140
302,293,1.5,1490417460
113,178,3.5,1490425440
105,194,2.0,1490429100
296,245,2.5,1490429340
119,245,3.0,1490430540
454,138,4.5,1490442300
180,14,3.0,1490448540
185,243,4.5,1490450520
452,226,3.5,1490451060
291,145,3.0,1490463780
428,161,2.0,1490466240
201,151,3.5,1490466540
405,79,3.5,1490472240
79,235,4.0,1490473440
181,14,2.5,1490475300
462,14,3.0,1490475480
330,226,4.5,1490476200
443,165,2.5,1490480400
139,280,3.0,1490480460
54,131,2.5,1490483820
111,273,2.5,1490486940
193,247,1.5,1490489520
417,280,3.0,1490490540
155,42,2.5,1490492340
79,64,3.5,1490494080
393,35,2.0,1490495880
123,94,3.0,1490500980
289,42,3.0,1490502660
57,235,3.0,1490503140
267,245,2.5,1490507280
375,221,2.5,1490519460
136,215,3.5,1490521320
500,117,2.5,1490522880
102,230,4.5,1490524800
253,40,2.5,1490525460
311,127,2.5,1490525700
108,240,4.0,1490526180
130,289,1.5,1490532120
377,275,1.5,1490535900
374,141,3.5,1490540880
204,91,3.0,1490548980
375,237,2.0,1490550840
338,283,3.5,1490555460
134,240,3.0,1490563440
284,150,2.5,1490563800
94,70,3.0,1490567580
328,248,2.5,1490574480
58,50,3.0,1490579280
274,55,3.5,1490579880
237,203,5.0,1490586720
441,10,2.5,1490589900
189,217,3.0,1490594340
8,28,3.5,1490599080
239,35,1.5,1490602140
68,138,3.0,1490607360
102,267,3.0,1490608140
450,243,4.0,1490612760
271,137,2.0,1490616480
347,13,3.0,1490626860
149,13,4.5,1490630160
362,279,4.0,1490631780
384,222,3.0,1490635140
468,279,3.5,1490645160
389,33,4.0,1490647260
223,216,3.5,1490647380
19,170,2.0,1490648100
363,250,4.0,1490653860
222,245,2.5,1490661180
1,147,2.0,1490666640
50,150,3.0,1490680860
22,214,3.5,1490681280
156,243,5.0,1490681580
213,26,4.5,1490682300
194,106,3.5,1490684160
108,156,1.5,1490691360
439,286,2.5,1490693220
45,94,2.0,1490696580
386,61,4.0,1490700420
335,299,3.0,1490701080
200,133,2.0,1490707920
191,220,3.5,1490708400
295,105,3.5,1490712780
294,269,4.5,1490712900
179,165,4.5,1490714760
389,155,3.5,1490717160
38,203,4.0,1490717220
229,153,4.0,1490726520
226,289,3.0,1490733900
322,251,4.0,1490734620
451,207,1.5,1490738760
374,51,4.0,1490740440
276,1,3.5,1490745300
87,287,4.0,1490748780
395,27,4.0,1490750460
81,220,3.0,1490761620
296,183,2.5,1490765100
395,205,4.5,1490768400
456,174,3.5,1490788860
380,294,3.0,1490798940
228,165,3.0,1490799480
500,49,4.0,1490801160
342,256,2.5,1490802120
442,258,3.0,1490802240
163,171,2.5,1490807940
172,128,2.5,1490808660
394,229,3.0,1490811000
484,182,4.0,1490818740
305,292,3.5,1490821560
84,173,3.5,1490825340
394,237,4.0,1490833200
91,288,3.0,1490845800
497,151,3.5,1490854320
8,30,2.5,1490858640
83,36,3.0,1490862540
402,254,2.0,1490872980
257,70,3.5,1490877120
154,123,3.0,1490878200
50,171,1.0,1490884260
416,282,5.0,1490886780
251,65,3.0,1490892180
159,145,4.0,1490892960
418,243,3.5,1490893500
290,48,3.0,1490898480
265,51,4.0,1490899560
419,215,4.5,1490900160
15,192,3.5,1490901480
182,40,4.5,1490902440
96,129,4.0,1490904420
2,10,4.5,1490905980
403,202,4.5,1490911560
487,162,2.5,1490914440
74,94,3.5,1490925960
339,33,3.5,1490926620
235,44,2.5,1490932560
62,14,4.0,1490932620
64,67,3.0,1490932740
262,262,3.5,1490935380
343,264,4.0,1490935740
103,252,4.5,1490937300
132,233,3.0,1490938020
419,147,4.5,1490938920
153,49,4.0,1490940420
373,144,2.5,1490941260
398,21,3.0,1490949360
90,58,4.0,1490951520
246,215,4.0,1490965740
113,56,3.0,1490966580
241,105,2.5,1490968140
180,78,2.5,1490969700
235,278,2.0,1490988060
26,279,4.0,1490998020
500,137,3.5,1491007380
477,182,2.5,1491007920
472,269,3.0,1491008760
209,24,4.0,1491010800
269,287,3.0,1491024000
278,208,2.5,1491025440
138,194,2.5,1491029640
192,277,3.5,1491030360
478,98,4.5,1491032160
412,200,3.0,1491035820
16,97,3.5,1491042420
431,206,2.0,1491043320
401,269,3.0,1491045240
408,151,2.5,1491051540
483,48,3.5,1491053220
73,279,4.5,1491058440
200,36,4.0,1491061740
347,23,3.0,1491068100
140,127,3.5,1491072300
141,13,3.0,1491075360
186,244,3.0,1491078420
264,206,3.5,1491079140
54,263,5.0,1491082620
237,185,4.0,1491083640
363,175,3.5,1491085260
85,34,3.5,1491089100
320,79,4.0,1491095760
333,58,3.0,1491095880
456,159,4.5,1491098340
322,24,3.0,1491099720
195,43,3.0,1491100980
2,254,4.0,1491100980
441,299,2.5,1491101880
157,26,4.0,1491103560
125,187,4.0,1491107280
122,296,3.5,1491110100
153,70,2.0,1491113700
34,265,3.0,1491114360
386,289,3.0,1491120240
465,35,3.5,1491125940
49,70,2.5,1491127920
101,250,4.0,1491135000
158,73,2.5,1491136920
315,211,2.0,1491158040
256,106,2.5,1491162840
451,180,2.5,1491178500
74,73,3.5,1491178920
66,294,4.5,1491182520
219,31,3.0,1491182580
5,203,2.0,1491184320
328,186,3.5,1491184440
261,73,3.0,1491197460
450,77,1.5,1491197940
325,256,3.5,1491198960
275,252,3.0,1491200100
375,270,1.5,1491207420
215,231,4.0,1491220500
326,183,3.0,1491223020
375,77,1.5,1491230220
372,202,4.5,1491238500
24,230,4.0,1491238800
487,138,3.5,1491240000
395,188,4.5,1491242220
128,197,4.0,1491243840
288,42,4.0,1491244980
34,77,2.0,1491245820
454,190,3.5,1491245880
312,47,2.0,1491250200
118,208,3.0,1491250800
318,183,3.5,1491251820
184,175,2.5,1491252600
196,89,3.5,1491253560
85,140,3.0,1491256380
392,191,2.0,1491257040
313,135,3.0,1491262140
386,193,4.0,1491263460
380,31,4.0,1491269820
384,243,4.5,1491272700
125,165,3.5,1491273540
243,21,3.5,1491273960
235,29,2.5,1491277620
344,223,2.0,1491280020
224,58,3.0,1491281220
57,191,3.0,1491283020
401,145,2.5,1491286380
97,247,1.5,1491288960
396,115,2.0,1491290100
122,92,3.5,1491297180
474,160,1.5,1491297360
169,168,3.5,1491301200
224,56,3.5,1491302340
406,168,2.5,1491304620
418,180,2.5,1491306060
283,180,3.5,1491311100
413,84,4.0,1491314880
348,275,1.0,1491317940
189,250,4.0,1491323160
338,162,3.0,1491326280
223,40,2.5,1491332040
32,279,4.0,1491332820
463,215,2.0,1491333180
444,279,4.0,1491335280
409,47,3.5,1491335460
26,35,2.5,1491338880
178,127,3.5,1491344700
413,178,3.5,1491345480
70,220,3.0,1491348300
494,229,4.0,1491349260
469,262,3.5,1491357480
166,192,4.5,1491361140
500,159,4.0,1491364620
226,233,3.0,1491365280
411,60,2.0,1491368220
36,13,2.5,1491370560
65,230,4.0,1491375360
87,281,5.0,1491375720
168,262,4.0,1491377760
471,197,4.5,1491384300
278,30,3.5,1491388320
136,10,4.0,1491390120
417,175,4.0,1491396060
299,262,1.5,1491397380
64,200,3.0,1491407940
200,37,2.5,1491409680
188,240,2.5,1491410940
183,28,4.0,1491413700
20,221,2.5,1491417240
35,54,3.0,1491422100
40,226,4.5,1491423420
288,133,3.0,1491424320
450,165,3.5,1491426060
303,165,2.5,1491426780
309,88,2.5,1491429480
500,200,4.0,1491430740
116,180,2.0,1491442800
159,120,4.5,1491442860
268,245,4.0,1491448380
198,149,1.5,1491450300
112,121,3.0,1491450780
365,183,2.0,1491451740
345,287,2.0,1491454020
187,64,4.0,1491454260
374,65,4.5,1491455400
276,124,2.5,1491461700
338,240,3.0,1491464640
374,90,4.5,1491466740
418,67,2.5,1491467280
460,150,1.5,1491469320
29,96,3.5,1491469860
315,175,2.0,1491474900
77,10,3.5,1491477180
28,10,3.5,1491480300
9,5,1.5,1491480720
474,222,2.5,1491486420
194,52,4.0,1491502080
346,55,2.5,1491507960
153,119,2.5,1491508260
230,299,2.5,1491522240
347,52,3.5,1491529920
53,197,4.5,1491530460
332,27,3.0,1491531840
483,230,5.0,1491537900
347,275,1.5,1491542460
194,217,4.5,1491543000
49,244,4.5,1491552360
41,173,5.0,1491556260
4,294,3.5,1491556680
92,64,5.0,1491556860
428,237,2.0,1491561480
292,272,2.0,1491571680
338,150,2.5,1491572400
164,214,3.0,1491581280
19,156,2.5,1491590400
23,200,2.5,1491599940
40,17,3.5,1491601860
472,169,4.5,1491610320
59,235,4.0,1491615420
317,43,3.5,1491622680
284,208,2.0,1491625200
119,155,3.5,1491632340
338,232,4.0,1491633180
53,294,4.5,1491636000
407,284,3.0,1491637020
42,143,3.0,1491638760
242,105,3.0,1491642480
469,256,3.0,1491642660
344,203,2.5,1491644940
268,157,3.5,1491645540
459,262,4.5,1491648660
245,123,4.0,1491650340
365,231,3.0,1491653940
447,185,4.5,1491654960
328,134,4.5,1491660840
70,299,2.5,1491669120
468,189,3.0,1491673740
307,94,3.5,1491674160
389,94,4.5,1491680940
371,50,2.0,1491681780
469,101,3.0,1491703740
126,138,3.5,1491714180
287,107,4.0,1491732660
266,18,2.5,1491734880
238,223,3.5,1491745140
32,269,4.0,1491746160
307,269,4.5,1491754740
84,241,3.0,1491758100
435,68,2.5,1491759180
166,256,4.5,1491765600
25,279,3.5,1491769920
114,35,3.0,1491772560
62,166,5.0,1491775980
500,81,4.0,1491780840
243,150,4.5,1491780840
292,145,3.0,1491786420
120,96,3.0,1491787140
132,217,5.0,1491787860
298,43,4.0,1491793380
102,187,3.0,1491798120
263,295,4.0,1491799080
450,153,4.0,1491802080
177,243,3.5,1491802200
283,172,4.5,1491815700
213,15,3.0,1491817860
115,116,2.0,1491819360
128,294,3.0,1491819600
494,24,3.5,1491827280
403,112,5.0,1491829260
436,244,1.5,1491836100
7,254,3.5,1491837780
372,220,4.5,1491850980
256,101,1.5,1491858540
216,203,2.0,1491858540
232,106,3.0,1491861780
17,284,4.0,1491863340
330,129,4.0,1491867240
177,129,3.5,1491868440
70,215,3.5,1491879600
446,255,4.0,1491883620
46,251,3.5,1491883740
332,21,3.0,1491889500
9,172,3.0,1491893580
330,278,4.5,1491894000
273,171,2.0,1491894420
322,64,3.5,1491904740
185,207,4.0,1491904860
195,193,3.5,1491907800
283,151,3.0,1491908520
133,21,3.0,1491910260
223,233,2.5,1491911340
405,56,3.5,1491913260
177,10,5.0,1491916200
104,82,4.5,1491918420
407,30,3.0,1491918660
258,299,3.0,1491920040
492,107,3.0,1491921960
248,100,3.5,1491922740
189,285,3.5,1491930240
242,279,2.5,1491932160
274,30,3.5,1491932280
321,275,1.5,1491934980
383,299,2.5,1491936900
404,150,3.5,1491936960
4,244,3.5,1491939660
425,9,3.5,1491942300
403,275,1.5,1491950340
306,70,2.5,1491952500
261,247,2.0,1491952920
392,172,3.0,1491955320
369,40,4.0,1491960120
170,169,3.0,1491964740
218,152,4.0,1491967320
344,51,3.5,1491968220
392,256,2.0,1491971400
57,29,3.0,1491971520
412,18,3.5,1491973200
146,64,3.5,1491974160
238,243,4.0,1491976200
445,120,2.5,1491976200
203,62,1.0,1491981840
375,58,2.5,1491983760
369,107,4.5,1491987720
294,116,3.5,1491993720
241,170,3.0,1492004280
58,173,4.5,1492006080
277,134,3.5,1492006860
314,172,3.5,1492019760
499,107,3.0,1492024200
190,178,2.5,1492025760
95,45,1.0,1492025940
418,280,3.0,1492028580
309,199,2.5,1492038900
254,170,2.0,1492041720
473,250,3.5,1492042440
348,48,1.5,1492044060
348,259,2.0,1492044600
357,165,1.5,1492048800
198,101,3.0,1492051380
448,59,4.0,1492051980
164,279,3.0,1492056240
102,159,3.0,1492066200
144,93,2.5,1492070220
468,251,3.0,1492070400
428,189,2.5,1492072260
299,197,4.0,1492077780
236,187,3.0,1492081380
381,215,3.5,1492081920
495,269,5.0,1492082160
3,51,5.0,1492082460
438,78,1.5,1492087140
88,4,4.0,1492088940
52,151,4.5,1492091160
90,4,4.5,1492095120
9,29,4.0,1492095600
478,249,4.5,1492096680
113,282,3.5,1492096920
79,187,3.0,1492102680
375,63,2.5,1492103880
105,40,4.0,1492110540
459,289,2.5,1492111140
140,101,4.0,1492115760
147,243,4.0,1492118340
500,273,3.0,1492121880
286,96,4.0,1492123080
134,27,3.5,1492123620
9,250,3.5,1492125720
478,226,5.0,1492125780
280,15,3.0,1492130940
436,256,3.5,1492133160
347,278,4.0,1492136220
70,292,3.0,1492148160
483,182,4.5,1492158240
444,118,4.0,1492165800
453,175,4.0,1492169040
164,251,4.0,1492173060
340,284,3.5,1492176900
193,58,2.5,1492183680
332,240,2.0,1492186980
402,170,3.0,1492187700
68,150,2.0,1492191600
338,121,3.0,1492196160
27,14,3.5,1492198500
82,251,3.0,1492199580
382,95,3.0,1492206720
438,10,2.5,1492209060
248,245,2.0,1492209420
471,55,2.5,1492212420
479,250,4.0,1492224420
432,243,4.0,1492224720
396,1,2.0,1492226580
137,103,3.0,1492233900
326,6,4.0,1492237800
455,168,4.0,1492241580
167,203,4.0,1492243200
138,180,3.0,1492247460
354,250,4.0,1492247940
246,250,4.0,1492248540
424,151,3.5,1492250280
39,284,4.0,1492260960
157,256,4.5,1492270080
105,70,3.0,1492271640
149,14,3.0,1492273020
210,132,5.0,1492277400
48,147,4.5,1492279860
177,136,3.5,1492284600
493,168,2.5,1492284660
304,138,5.0,1492287120
438,289,1.0,1492290000
283,206,3.0,1492304700
345,173,4.5,1492310940
270,243,5.0,1492311420
111,289,2.5,1492311540
176,42,2.5,1492324740
365,128,3.5,1492326180
90,171,3.0,1492327080
454,217,2.5,1492332120
72,165,4.0,1492341840
275,245,3.5,1492343280
434,213,3.5,1492346460
132,245,1.5,1492346460
297,172,5.0,1492346820
55,299,2.5,1492362660
303,176,2.5,1492372680
479,40,2.5,1492382340
323,78,2.5,1492384200
152,138,5.0,1492384260
185,133,3.0,1492393560
384,249,3.0,1492397400
436,71,4.5,1492399380
190,207,1.5,1492399500
106,269,3.5,1492399800
356,254,5.0,1492401300
273,17,3.0,1492416360
325,60,3.5,1492417260
374,175,4.0,1492417980
349,170,2.0,1492418280
45,65,3.5,1492423740
491,138,2.5,1492431600
60,64,5.0,1492436940
99,207,2.0,1492439520
33,157,3.0,1492441020
209,80,2.0,1492441680
390,94,2.0,1492442460
331,192,4.5,1492445700
242,205,1.5,1492447440
316,251,4.0,1492454280
302,147,2.0,1492455540
168,243,3.0,1492456080
494,236,2.5,1492460880
299,280,3.0,1492461540
165,100,3.5,1492468260
173,289,3.0,1492476420
6,48,2.0,1492479480
36,14,3.0,1492483080
88,256,4.0,1492483920
313,248,2.0,1492484220
399,96,3.0,1492488120
103,45,2.0,1492491600
386,165,4.5,1492497060
233,150,3.5,1492503420
351,51,3.0,1492507620
207,15,4.0,1492511760
4,64,4.0,1492524060
303,81,3.0,1492526400
116,94,3.0,1492526640
232,215,2.5,1492530660
244,43,3.5,1492539840
222,10,3.5,1492540260
6,3,1.0,1492540800
78,255,2.5,1492541580
489,13,5.0,1492542180
259,205,2.5,1492555320
265,26,4.5,1492555680
240,252,3.5,1492560960
154,77,1.5,1492564620
73,170,2.5,1492565880
31,48,3.5,1492574880
47,147,4.0,1492578240
243,223,3.0,1492583700
392,79,3.5,1492597380
486,14,2.5,1492614840
260,89,4.0,1492621680
186,176,2.5,1492625460
272,173,3.5,1492628100
210,182,3.0,1492630740
222,138,3.0,1492633560
332,283,3.0,1492633800
31,65,4.0,1492635780
233,66,4.0,1492641240
372,6,3.5,1492647300
197,195,2.5,1492648320
302,152,2.5,1492649760
244,184,3.5,1492650540
180,35,2.0,1492651200
37,24,3.5,1492651980
322,222,3.5,1492655760
315,173,2.5,1492656360
380,126,1.0,1492662120
311,37,2.0,1492664100
331,240,3.0,1492665000
168,37,3.0,1492673940
322,253,3.5,1492681020
161,128,4.0,1492686420
350,56,3.5,1492689420
7,117,4.0,1492691820
169,137,4.0,1492701900
410,198,3.5,1492711920
438,198,2.5,1492712160
216,57,3.0,1492713540
172,150,2.5,1492719960
10,228,3.0,1492722300
453,233,3.5,1492725000
167,200,3.5,1492725360
12,92,4.5,1492728780
349,221,3.0,1492730640
188,180,3.5,1492732320
435,219,4.0,1492735020
136,222,3.0,1492735800
301,255,2.0,1492739880
360,233,1.0,1492741800
206,137,4.5,1492746420
321,280,2.5,1492748280
242,94,3.5,1492749660
403,177,2.5,1492758360
278,223,3.5,1492759020
360,154,1.5,1492760460
358,288,3.0,1492760700
6,203,3.5,1492763160
232,198,4.0,1492763640
274,208,2.0,1492776660
319,101,3.0,1492781880
135,64,3.5,1492785120
161,237,4.0,1492788360
498,294,3.0,1492808220
390,32,4.5,1492809360
64,160,3.0,1492809600
11,96,3.5,1492828620
231,175,2.5,1492836240
25,197,3.5,1492837980
360,197,2.5,1492846260
116,300,2.5,1492853520
421,123,5.0,1492862700
310,141,5.0,1492863000
393,269,3.0,1492865760
297,231,2.5,1492867560
285,105,2.5,1492869960
122,60,2.5,1492879320
170,289,1.5,1492894740
27,119,4.0,1492898760
217,180,2.0,1492919400
452,1,4.0,1492925220
389,59,3.5,1492925280
101,253,2.5,1492934100
231,256,3.0,1492934340
83,291,1.5,1492942020
336,103,3.5,1492942380
30,160,4.5,1492948020
447,47,4.5,1492949580
475,182,4.0,1492950300
59,138,4.5,1492951500
313,165,3.0,1492957020
468,143,4.0,1492962480
63,197,4.0,1492963500
276,199,3.0,1492965900
170,172,4.0,1492966680
367,244,4.0,1492971540
21,219,2.5,1492972020
480,228,2.5,1492972260
120,198,0.5,1492976940
32,84,3.0,1492985100
182,288,4.0,1492996020
211,64,3.5,1492996020
314,119,1.5,1493003040
220,244,4.0,1493007420
231,188,3.5,1493012160
368,271,3.5,1493014980
231,180,1.5,1493014980
106,15,2.5,1493018460
337,179,3.0,1493019000
94,299,3.5,1493025240
307,58,3.5,1493025660
447,141,5.0,1493029980
433,9,2.0,1493032920
470,185,3.5,1493040240
17,55,3.0,1493050980
416,73,4.0,1493052720
400,193,3.0,1493059380
65,18,3.5,1493065260
426,243,4.0,1493068920
117,96,4.0,1493076360
58,82,3.0,1493081460
176,32,2.5,1493082180
481,74,3.5,1493086620
15,233,2.0,1493088900
452,108,4.0,1493101020
371,240,2.0,1493101860
425,176,4.0,1493102940
467,14,3.0,1493103240
138,47,3.0,1493108880
227,27,3.5,1493113560
314,101,1.0,1493116560
228,17,3.0,1493118600
276,56,3.0,1493126160
152,98,4.5,1493128320
199,253,2.5,1493129940
438,99,2.5,1493136000
106,250,3.0,1493139480
430,39,3.5,1493139840
221,65,3.5,1493141580
26,51,3.0,1493148840
240,254,2.0,1493154600
74,64,4.5,1493166480
58,182,4.5,1493166780
315,60,2.0,1493171640
57,229,3.5,1493176800
106,270,2.5,1493177040
458,133,2.0,1493179260
497,187,3.5,1493181720
263,54,3.5,1493185380
336,77,3.0,1493189220
30,30,5.0,1493190780
148,137,3.5,1493191560
432,193,3.0,1493191980
383,300,4.5,1493195340
62,212,4.0,1493196900
471,174,3.0,1493197020
172,183,3.5,1493201340
429,94,4.0,1493205240
29,85,3.5,1493205780
4,124,3.5,1493206620
103,187,3.5,1493224440
461,127,2.5,1493230440
454,163,1.5,1493238000
238,289,1.5,1493243340
483,21,4.0,1493244540
432,94,3.0,1493248920
175,217,2.5,1493252220
268,210,3.0,1493256720
268,31,3.5,1493260260
435,60,3.5,1493261100
130,268,3.0,1493261580
218,237,3.0,1493264340
188,3,2.5,1493270040
248,189,2.5,1493277300
243,240,4.0,1493277720
71,149,2.5,1493281020
271,60,2.0,1493286000
252,223,2.0,1493286480
308,267,4.0,1493303520
172,226,4.5,1493311980
217,80,1.0,1493313300
91,65,2.5,1493338080
428,240,2.0,1493341260
265,66,2.5,1493341500
373,89,3.0,1493343000
319,29,3.0,1493343540
143,107,4.5,1493350860
403,189,3.5,1493353320
474,41,2.5,1493356140
92,68,3.5,1493361840
200,275,0.5,1493364360
350,123,4.0,1493365020
244,250,4.0,1493365140
113,206,2.5,1493365320
99,51,3.0,1493368320
330,154,3.5,1493375520
352,201,3.5,1493376600
435,207,3.0,1493378220
374,153,3.5,1493387760
219,258,2.5,1493388660
31,178,3.5,1493388780
77,183,2.5,1493388840
287,58,4.0,1493389020
195,213,4.0,1493389800
314,45,1.5,1493395320
299,3,2.0,1493396700
248,235,3.0,1493397000
133,256,3.5,1493398680
86,107,3.0,1493419620
420,30,3.5,1493424600
432,42,3.0,1493431920
7,231,4.0,1493432640
483,207,2.5,1493438400
269,253,2.0,1493439120
99,147,3.0,1493444640
342,157,2.0,1493458500
50,245,3.0,1493459520
64,66,3.0,1493461140
237,171,2.0,1493462520
405,60,2.5,1493468160
280,280,2.5,1493468700
339,186,4.0,1493469000
320,233,3.0,1493470320
12,137,3.5,1493471580
389,177,3.0,1493475000
105,140,3.0,1493477880
492,29,3.5,1493483040
280,208,3.5,1493491320
480,193,4.0,1493494800
308,24,4.0,1493507280
12,106,4.0,1493516940
205,103,2.0,1493521320
407,282,3.5,1493521320
302,13,3.0,1493522340
426,141,4.0,1493526120
142,73,2.5,1493528040
373,121,3.5,1493530380
381,220,4.0,1493532120
129,79,3.0,1493535900
275,14,2.5,1493540100
163,100,3.5,1493541360
265,31,3.0,1493545920
62,263,5.0,1493553540
337,13,3.0,1493554560
305,184,2.0,1493560020
100,255,3.0,1493565900
244,174,3.5,1493567040
463,176,3.0,1493574600
33,226,3.5,1493575140
343,240,3.0,1493577540
423,289,2.5,1493580540
94,129,3.5,1493589660
219,149,2.5,1493601240
360,59,2.5,1493601360
137,31,4.0,1493602080
53,195,3.0,1493603580
113,137,3.0,1493604120
250,245,2.5,1493606220
408,30,4.5,1493612160
298,197,4.0,1493613000
110,14,3.0,1493623680
30,187,4.5,1493627160
319,184,3.5,1493631780
266,185,4.5,1493636160
68,186,3.0,1493636400
271,106,3.0,1493636820
148,230,4.5,1493641740
379,174,3.5,1493646300
200,217,3.5,1493647380
475,299,4.0,1493648580
315,250,2.5,1493650020
113,258,2.0,1493652600
107,175,2.0,1493654760
307,129,3.0,1493660520
298,147,4.5,1493663580
243,243,3.0,1493671320
235,262,3.5,1493678520
311,281,4.5,1493685060
374,269,3.5,1493686320
88,47,3.0,1493690880
19,172,5.0,1493691960
355,222,3.5,1493693280
284,184,2.5,1493701800
345,71,3.5,1493703000
478,220,4.0,1493705940
144,103,3.0,1493706360
185,173,5.0,1493710320
349,101,2.5,1493711280
473,205,3.0,1493712300
454,18,3.0,1493718180
469,231,4.0,1493719740
414,250,3.5,1493720100
238,83,3.5,1493722080
326,105,2.5,1493728080
338,141,3.5,1493730720
188,208,3.0,1493736840
107,18,2.0,1493738880
128,169,4.0,1493745060
94,133,2.5,1493754360
425,231,3.5,1493754540
166,223,2.5,1493758440
53,250,4.0,1493758680
192,275,1.5,1493765040
268,47,3.0,1493772780
34,250,3.5,1493777400
284,15,2.0,1493778600
291,289,2.0,1493794440
283,176,3.5,1493794500
362,198,3.0,1493799540
217,40,3.5,1493805060
151,70,3.5,1493806800
348,84,4.0,1493808300
273,68,1.5,1493815560
12,193,4.5,1493817120
400,55,4.0,1493817480
267,70,2.0,1493821680
458,14,2.5,1493824140
261,170,1.5,1493825520
85,48,2.5,1493826600
33,99,3.0,1493833080
363,88,2.5,1493835420
426,56,3.5,1493845380
113,172,4.5,1493849880
244,95,3.5,1493851320
16,128,4.0,1493854200
83,78,2.0,1493855760
252,36,3.5,1493864340
365,61,1.5,1493864580
54,207,2.0,1493868840
32,246,2.0,1493876040
255,101,3.0,1493879040
115,294,3.0,1493881800
213,241,4.5,1493882640
312,193,3.5,1493886960
281,136,2.5,1493889360
288,40,4.0,1493889780
465,19,4.5,1493894700
424,284,5.0,1493901780
457,173,5.0,1493903940
433,106,3.0,1493909280
373,289,2.0,1493912100
406,138,3.0,1493914920
333,31,4.0,1493915220
19,264,3.5,1493925060
46,14,3.0,1493926680
403,156,2.0,1493934300
44,264,3.5,1493946060
200,126,3.0,1493949240
427,265,2.0,1493952900
392,238,2.0,1493963160
182,51,5.0,1493966040
467,172,5.0,1493967300
392,24,3.0,1493969460
322,297,2.0,1493970420
297,28,4.0,1493971200
372,197,5.0,1493973000
375,40,2.5,1493980740
494,96,3.5,1493982840
23,51,3.0,1493984520
54,55,3.0,1493984520
408,26,4.0,1493987160
37,284,3.0,1493987160
18,36,4.0,1493988840
472,105,3.5,1493992320
276,141,3.5,1493992380
137,68,2.0,1494006180
242,172,3.5,1494012060
122,206,2.5,1494016020
31,79,4.0,1494018420
455,272,2.5,1494022140
454,155,3.5,1494025800
248,231,3.0,1494027840
53,159,4.5,1494028380
348,244,2.0,1494033060
277,32,2.5,1494033180
74,117,3.5,1494034140
479,154,1.5,1494034860
350,52,2.5,1494035880
193,172,3.0,1494048840
139,137,3.5,1494049200
328,60,3.5,1494058920
380,83,2.0,1494060240
303,217,5.0,1494064020
415,107,4.5,1494071220
423,98,4.0,1494073440
211,57,3.0,1494074880
331,109,3.0,1494075000
242,133,1.5,1494078060
258,106,3.5,1494081120
219,240,2.5,1494082320
251,48,3.0,1494084240
36,123,3.5,1494092640
132,250,3.5,1494095520
435,193,5.0,1494095880
45,31,3.0,1494099000
272,197,3.5,1494103740
370,137,4.5,1494106560
366,94,3.5,1494107820
372,64,4.5,1494110400
300,21,4.0,1494120360
427,294,3.0,1494125580
460,72,2.5,1494126420
217,82,3.0,1494129660
390,77,2.0,1494130920
116,206,2.0,1494136320
470,101,2.5,1494137940
43,77,3.0,1494146880
454,105,3.5,1494152220
495,252,5.0,1494155220
224,29,2.5,1494158460
162,3,4.0,1494162000
234,119,3.5,1494162480
454,146,3.0,1494162840
425,106,3.5,1494174300
414,275,1.5,1494174840
465,137,4.5,1494186480
206,284,4.5,1494193980
112,217,4.5,1494198780
7,183,3.0,1494200460
228,231,3.5,1494201300
67,266,3.0,1494201480
390,207,2.0,1494202980
398,279,2.0,1494212640
395,265,2.5,1494216240
136,206,2.5,1494225000
149,247,2.0,1494229440
311,175,3.0,1494232680
423,220,4.0,1494239340
498,60,2.5,1494239940
121,272,2.5,1494243360
194,133,2.5,1494243540
360,176,0.5,1494244680
217,36,4.0,1494246000
371,228,3.0,1494247080
261,254,2.5,1494251760
354,185,4.0,1494251940
382,94,3.5,1494254760
25,40,3.0,1494261780
289,128,3.5,1494273720
486,276,2.5,1494274680
203,242,2.5,1494278940
56,279,3.0,1494282360
134,139,4.0,1494286560
352,149,2.5,1494289320
61,251,3.0,1494293100
483,32,3.5,1494299340
294,205,3.5,1494300300
427,252,4.0,1494308460
169,156,3.5,1494308940
75,18,3.0,1494320040
311,70,2.0,1494321060
372,203,3.5,1494325380
214,43,2.5,1494327420
224,171,2.0,1494328680
256,34,2.5,1494330480
202,4,5.0,1494339960
288,106,4.5,1494344280
43,243,5.0,1494346980
312,41,3.0,1494347640
98,233,2.5,1494348240
45,227,3.5,1494348720
195,147,2.5,1494359820
263,159,4.5,1494362220
433,15,2.0,1494366540
241,52,2.5,1494381360
384,215,2.0,1494382500
458,84,4.0,1494404460
425,207,1.5,1494415740
415,7,3.5,1494417300
66,269,4.0,1494418260
269,5,2.0,1494424500
147,107,3.5,1494429900
432,65,4.0,1494430500
284,201,1.5,1494433920
11,284,4.5,1494434220
271,23,2.0,1494435900
396,246,1.5,1494443040
200,281,4.0,1494446820
269,14,3.0,1494450060
457,88,3.5,1494456540
471,63,3.0,1494458580
26,82,2.0,1494463320
324,139,4.5,1494473760
199,182,4.5,1494480600
3,121,4.0,1494481740
326,164,3.0,1494484200
3,264,4.0,1494487140
206,81,3.0,1494492600
119,47,2.5,1494494400
244,154,2.5,1494494520
143,273,2.0,1494495780
233,208,4.0,1494496080
238,235,3.0,1494500640
8,34,3.5,1494504720
469,300,4.0,1494506580
378,3,2.0,1494516180
165,38,2.0,1494517800
414,164,5.0,1494518040
302,282,2.0,1494519960
300,256,4.0,1494521160
61,200,2.5,1494531420
313,231,3.5,1494532920
145,81,3.5,1494539100
367,45,4.5,1494544920
163,60,3.0,1494551580
318,243,3.5,1494553800
181,220,3.0,1494555180
326,94,2.5,1494555780
386,10,4.0,1494565980
127,72,3.0,1494568500
30,212,5.0,1494579360
148,37,3.0,1494586740
94,63,3.5,1494590580
152,288,5.0,1494593520
261,106,3.0,1494597780
38,229,4.5,1494600600
90,289,2.0,1494601680
396,149,1.0,1494607140
283,101,4.0,1494626340
252,177,1.5,1494631800
274,155,3.5,1494633840
311,180,2.0,1494635820
175,171,1.5,1494639480
68,162,2.0,1494640860
281,51,2.5,1494643320
267,80,1.5,1494648840
360,262,2.0,1494648900
407,66,2.5,1494650160
297,105,4.0,1494657840
96,289,1.5,1494658680
23,77,1.5,1494662520
443,174,3.5,1494663120
24,13,4.0,1494663600
488,213,4.5,1494666780
48,94,4.5,1494672120
199,150,3.5,1494672840
36,69,1.5,1494673680
131,265,3.0,1494677340
220,141,4.5,1494681180
430,185,3.0,1494684240
414,37,3.5,1494687240
104,48,3.0,1494687960
317,174,2.5,1494689880
490,60,3.5,1494690780
89,255,4.0,1494692880
269,101,1.0,1494704460
10,275,0.5,1494709080
9,290,3.0,1494716760
141,225,1.0,1494720240
446,290,4.0,1494723300
88,2,3.0,1494730020
34,216,3.5,1494746220
321,59,3.0,1494747600
343,250,4.0,1494749220
174,233,3.5,1494759060
180,169,3.5,1494760980
124,245,3.5,1494761520
259,106,3.0,1494762660
386,251,4.5,1494763020
319,24,3.5,1494763140
48,64,3.5,1494766740
146,207,2.0,1494768900
315,169,3.0,1494773040
339,105,3.5,1494773220
229,258,3.5,1494775380
472,37,4.0,1494775980
249,223,3.0,1494777600
251,254,3.5,1494784920
334,67,2.5,1494785100
442,43,4.0,1494786540
427,205,4.0,1494793560
415,24,4.0,1494798060
233,173,4.5,1494798300
412,137,4.5,1494800520
429,262,3.0,1494802140
451,38,1.5,1494803040
241,64,3.5,1494807300
328,28,5.0,1494813060
331,58,4.5,1494817260
276,172,4.0,1494825600
211,65,2.5,1494827040
145,166,4.0,1494827400
234,141,4.0,1494827940
479,14,2.5,1494833880
70,275,0.5,1494840420
238,140,4.0,1494841680
311,214,3.5,1494843840
325,148,3.0,1494847560
13,290,1.5,1494850140
266,207,1.5,1494857160
5,30,3.5,1494862260
295,35,2.0,1494866580
365,43,2.5,1494869760
484,281,4.5,1494870900
155,30,3.0,1494872100
184,256,3.5,1494878640
385,101,3.0,1494894240
200,18,2.5,1494895320
336,220,2.5,1494896880
353,31,3.5,1494898680
223,139,1.5,1494899280
80,165,3.5,1494899940
302,290,2.0,1494900960
407,2,3.0,1494901740
8,215,2.5,1494913920
273,170,3.0,1494914100
159,173,5.0,1494915480
193,269,3.5,1494919380
120,55,1.5,1494922920
387,243,4.5,1494924360
452,47,2.5,1494924960
414,200,3.0,1494927300
330,94,5.0,1494931200
110,138,4.5,1494936000
437,231,3.5,1494937500
219,125,2.5,1494940020
242,289,1.5,1494941700
210,71,5.0,1494942300
321,82,3.0,1494944580
161,266,3.5,1494945120
222,253,1.5,1494949740
340,121,3.5,1494952020
210,65,3.5,1494956280
457,235,4.5,1494962820
42,17,3.5,1494965520
494,270,2.5,1494969300
215,233,4.5,1494974520
282,26,3.5,1494974760
360,235,2.0,1494975060
315,284,2.5,1494988500
5,176,3.5,1494992880
283,156,2.5,1494996060
499,235,3.5,1494997740
260,243,4.5,1494998040
279,88,2.5,1495002420
90,243,4.5,1495003980
262,187,4.5,1495007760
330,161,4.5,1495013040
246,266,4.5,1495015680
15,45,2.0,1495017840
480,190,2.5,1495019760
324,5,4.5,1495022280
244,175,2.5,1495024680
7,34,2.5,1495026180
326,262,2.5,1495031880
433,121,4.0,1495033680
323,1,2.5,1495037220
204,55,3.0,1495043520
425,15,4.0,1495047480
491,17,3.0,1495047720
395,15,3.5,1495049040
103,243,4.0,1495054200
36,23,3.0,1495066380
194,129,4.5,1495072980
285,175,2.5,1495078140
381,174,4.0,1495079700
146,141,4.0,1495080000
25,208,2.0,1495087920
89,5,3.5,1495089240
89,250,5.0,1495093260
290,134,3.5,1495099800
351,203,3.0,1495102020
356,195,3.0,1495104180
427,64,3.5,1495107660
493,299,2.5,1495119660
257,1,3.5,1495121520
92,52,4.5,1495127280
401,107,3.0,1495134120
78,173,4.0,1495142700
394,24,3.0,1495144740
26,290,2.5,1495146060
436,165,2.5,1495149720
283,294,3.0,1495155120
275,178,2.5,1495158420
347,251,3.0,1495159680
491,40,3.5,1495161600
52,223,5.0,1495163820
404,269,4.5,1495179780
278,32,3.5,1495179960
195,106,3.0,1495183440
429,129,4.5,1495183920
415,233,2.5,1495184100
393,43,3.5,1495189920
356,176,3.5,1495191720
48,217,4.0,1495192320
354,149,3.0,1495197900
452,120,4.5,1495203420
21,52,3.0,1495211160
50,43,4.0,1495211400
282,64,3.0,1495217280
296,207,2.0,1495218420
271,174,2.5,1495224720
475,73,3.0,1495243860
143,81,3.5,1495244040
343,27,2.5,1495249440
163,135,2.5,1495251060
240,231,3.0,1495252620
225,222,5.0,1495252920
95,222,2.0,1495253760
233,145,4.0,1495255560
268,34,3.0,1495258740
188,254,4.0,1495258980
100,235,3.0,1495259880
464,36,4.0,1495260420
389,88,3.0,1495261140
225,248,2.5,1495261980
355,289,2.0,1495262280
250,27,3.0,1495264980
417,231,3.5,1495266180
367,121,5.0,1495281720
379,242,2.0,1495282980
127,40,3.5,1495285560
446,248,2.5,1495292520
455,284,3.5,1495316580
229,300,4.5,1495316820
389,23,4.5,1495320540
413,3,3.0,1495320600
73,237,4.0,1495323120
77,279,2.0,1495327740
9,245,2.5,1495328040
452,119,3.0,1495330740
226,153,4.5,1495334340
328,198,4.0,1495339560
213,4,4.5,1495343820
333,244,2.0,1495359240
249,89,3.5,1495362120
440,200,1.5,1495363020
232,167,4.0,1495363380
441,172,4.0,1495367880
4,73,3.0,1495371300
412,184,3.0,1495378260
191,226,4.0,1495379520
146,235,4.0,1495381560
242,262,2.5,1495381680
495,230,5.0,1495392540
1,101,3.0,1495395420
114,243,4.0,1495397640
131,160,3.0,1495397820
298,252,4.0,1495403460
393,73,3.0,1495405560
373,79,4.0,1495410900
183,188,3.5,1495411380
397,182,3.5,1495413720
276,173,3.5,1495419360
370,231,3.5,1495422420
18,279,3.5,1495433700
111,258,3.0,1495434000
104,121,5.0,1495434720
235,206,2.5,1495436100
269,289,1.5,1495439280
212,263,3.0,1495440900
226,52,4.5,1495441800
353,259,1.5,1495444260
326,21,2.5,1495446840
326,165,2.0,1495448460
29,47,1.5,1495457400
72,141,5.0,1495465680
130,105,3.0,1495470960
119,156,2.0,1495489140
447,100,4.5,1495489740
16,221,4.0,1495493220
455,13,5.0,1495498020
473,17,4.0,1495498980
172,119,3.5,1495499760
271,63,2.5,1495500000
170,211,3.5,1495514160
427,89,3.5,1495516140
304,132,5.0,1495518120
70,177,1.5,1495519200
90,275,2.5,1495520880
138,154,2.5,1495522440
421,15,3.0,1495527720
3,277,2.5,1495530660
468,275,2.5,1495534920
150,60,4.0,1495539840
205,134,4.0,1495545060
212,250,2.5,1495548540
429,64,3.5,1495551300
110,19,3.0,1495553460
426,5,2.5,1495554000
368,129,4.5,1495555680
250,275,0.5,1495557180
148,14,3.0,1495559700
13,107,2.0,1495570140
106,141,3.5,1495580040
185,47,2.5,1495581000
249,172,4.0,1495587060
40,145,2.5,1495587900
125,178,4.0,1495588800
136,43,4.5,1495589340
85,71,5.0,1495590000
404,90,5.0,1495591860
477,60,2.5,1495597560
304,101,3.5,1495602900
353,243,3.0,1495603320
444,263,4.5,1495606680
363,210,3.5,1495609440
445,245,1.5,1495609620
487,233,1.5,1495612560
283,48,1.0,1495619220
427,60,3.5,1495625460
438,88,1.5,1495625580
234,203,3.5,1495630260
288,70,3.5,1495634280
499,296,2.5,1495640640
71,174,3.5,1495641480
88,183,4.0,1495643040
323,189,3.0,1495652760
15,201,2.5,1495654680
156,240,4.5,1495657140
235,203,1.5,1495662000
25,101,4.0,1495664880
465,64,4.5,1495668240
500,104,4.5,1495674300
24,73,3.0,1495674840
99,159,3.5,1495679340
397,35,1.0,1495682340
139,94,3.0,1495683840
472,184,3.0,1495689360
305,171,1.5,1495694700
166,129,3.0,1495697100
493,291,1.5,1495699440
430,40,3.0,1495702080
401,47,3.5,1495721580
324,123,5.0,1495723200
91,15,3.5,1495738080
325,255,3.0,1495738860
167,13,4.0,1495743960
288,66,4.5,1495747380
89,35,3.0,1495748940
111,123,4.5,1495753620
253,138,4.5,1495755720
345,294,2.5,1495757100
493,126,1.5,1495760040
435,285,3.5,1495760520
248,21,2.5,1495765440
158,147,3.0,1495765980
341,106,3.0,1495774740
268,253,2.0,1495774980
150,165,3.5,1495791300
292,77,1.5,1495791960
2,241,3.5,1495797000
91,89,4.0,1495800420
269,45,2.5,1495804500
2,101,2.5,1495805760
495,268,5.0,1495808880
305,273,2.0,1495809360
140,134,3.5,1495810020
297,222,4.0,1495815780
337,272,1.5,1495816680
235,208,1.0,1495825140
386,102,2.5,1495825860
337,195,2.5,1495827960
239,13,3.5,1495835820
198,32,3.0,1495836120
11,248,2.0,1495844700
52,34,4.5,1495846680
207,174,4.5,1495848180
500,256,2.5,1495848960
293,70,3.0,1495854420
143,150,3.5,1495855440
350,228,3.5,1495856040
69,253,2.5,1495856640
114,42,3.0,1495859400
90,280,3.0,1495861320
345,103,3.0,1495867620
31,229,4.5,1495869060
340,64,4.5,1495872780
252,48,2.5,1495873680
46,217,4.0,1495875480
421,267,3.5,1495878240
266,148,3.5,1495887060
402,222,3.5,1495888860
433,243,3.5,1495895280
242,256,2.0,1495900500
153,96,4.0,1495907640
365,146,2.5,1495910100
401,71,3.5,1495913040
1,182,5.0,1495916340
484,84,3.5,1495919280
230,200,3.0,1495919460
339,264,4.5,1495929180
74,288,3.5,1495929420
196,47,2.5,1495930080
340,180,3.5,1495932000
200,129,3.0,1495932240
235,170,0.5,1495936440
359,289,3.0,1495940820
141,34,3.0,1495941180
348,177,2.5,1495944900
68,267,2.5,1495947480
402,40,3.0,1495948740
319,171,1.5,1495964760
347,299,2.5,1495966680
50,24,4.0,1495972920
187,207,1.5,1495978320
324,13,5.0,1495980180
1,235,4.0,1495982400
72,121,3.5,1495985280
58,200,3.0,1495990740
143,194,4.0,1495994460
159,275,2.0,1496002380
450,10,4.0,1496003580
431,42,2.5,1496010300
329,211,4.0,1496010480
458,156,2.0,1496011920
318,245,3.0,1496014740
397,33,3.5,1496019240
329,242,3.0,1496032920
104,156,4.0,1496034480
331,170,3.0,1496034960
350,248,2.0,1496037900
132,231,3.5,1496037960
108,107,2.0,1496038500
216,134,2.5,1496043960
314,77,1.0,1496047260
500,237,4.0,1496049000
322,107,2.5,1496061480
337,73,1.5,1496062740
234,258,3.5,1496067000
430,231,3.5,1496068020
2,37,3.0,1496068560
223,284,3.0,1496069040
210,82,2.5,1496071680
411,194,2.0,1496075760
5,47,1.5,1496078820
177,31,3.0,1496079360
266,246,3.5,1496084580
376,157,2.0,1496084760
207,194,5.0,1496087100
314,105,4.0,1496095800
221,64,3.0,1496100180
171,238,3.5,1496102220
368,134,5.0,1496118300
151,182,4.5,1496119680
50,146,3.0,1496119980
98,165,3.0,1496125560
126,200,3.0,1496127000
485,252,3.0,1496132760
317,56,2.5,1496135280
7,222,3.0,1496136480
30,172,5.0,1496141160
446,42,4.0,1496145240
487,210,3.5,1496152140
394,42,1.5,1496161320
85,89,3.0,1496163120
364,94,3.5,1496165280
349,32,3.5,1496166720
227,74,3.0,1496171880
332,299,2.5,1496185140
67,290,2.5,1496185680
95,197,3.0,1496187060
400,48,3.5,1496190000
459,171,2.5,1496198160
151,64,4.0,1496199900
192,105,5.0,1496205240
133,123,3.5,1496207100
487,229,2.5,1496214120
65,137,4.5,1496222640
315,29,1.0,1496225460
177,3,2.0,1496236740
284,137,3.5,1496236920
457,58,4.5,1496248560
13,280,2.0,1496261880
366,1,3.5,1496264460
328,14,4.5,1496266680
166,255,4.0,1496275140
202,296,4.0,1496289480
151,280,3.0,1496291160
143,6,5.0,1496292480
153,47,2.0,1496296140
241,273,3.0,1496297040
390,30,2.5,1496297520
8,187,2.5,1496298960
84,72,2.0,1496299440
89,138,5.0,1496315220
295,200,3.0,1496317680
482,242,2.5,1496319480
330,174,4.5,1496320860
165,192,4.0,1496320980
367,273,5.0,1496321820
43,98,4.5,1496323920
147,82,3.5,1496328660
205,149,2.0,1496330700
358,216,5.0,1496340300
372,180,3.0,1496343480
390,187,3.0,1496343840
495,299,4.0,1496350260
31,84,4.5,1496350440
383,100,5.0,1496356680
15,37,2.5,1496356980
448,208,2.0,1496361900
443,217,3.0,1496366280
128,101,3.5,1496368260
78,86,4.0,1496368440
169,275,2.0,1496378160
485,60,1.5,1496384820
19,43,3.5,1496394600
160,204,4.5,1496407320
177,81,4.0,1496411820
89,51,5.0,1496413200
180,179,4.0,1496418180
454,31,3.5,1496419200
370,119,2.0,1496423760
22,24,4.5,1496425200
78,128,3.0,1496428080
302,64,2.5,1496436060
30,70,4.0,1496438220
441,40,3.0,1496441160
379,28,4.0,1496442720
84,154,1.5,1496444220
331,27,4.0,1496444640
100,112,3.5,1496446920
462,242,2.5,1496450580
290,81,3.5,1496463060
239,138,4.5,1496470860
385,269,5.0,1496476860
122,185,3.0,1496477280
6,127,2.5,1496483400
417,215,5.0,1496489880
144,154,2.0,1496495100
40,284,4.0,1496499660
380,159,3.5,1496504820
458,275,1.5,1496508420
52,156,2.5,1496514480
220,194,2.5,1496514720
220,243,3.5,1496515140
208,290,3.0,1496520240
27,201,3.0,1496530080
370,174,3.0,1496532780
309,150,1.0,1496533440
259,210,4.0,1496534940
116,230,3.5,1496538300
439,264,5.0,1496540460
393,13,4.5,1496545560
198,169,3.5,1496548800
106,275,1.5,1496549640
123,151,2.5,1496551500
192,18,4.0,1496551740
375,207,1.0,1496571540
250,155,2.5,1496573220
146,231,3.0,1496576400
361,94,3.0,1496579700
442,169,4.5,1496586120
295,12,3.0,1496599320
58,176,4.0,1496599980
179,98,5.0,1496600280
227,185,4.5,1496610360
58,203,2.5,1496620680
477,159,3.0,1496620920
23,152,3.0,1496621520
14,146,3.5,1496625840
472,217,3.5,1496629320
276,150,2.5,1496630520
500,94,5.0,1496633400
178,267,3.0,1496642280
493,43,2.5,1496644020
487,299,2.0,1496646120
141,294,3.0,1496646960
391,229,5.0,1496653320
91,281,4.5,1496655720
441,57,2.0,1496664180
120,175,2.5,1496673000
302,172,2.5,1496674500
139,73,2.5,1496675160
468,134,4.0,1496675520
265,27,4.5,1496677980
15,44,2.0,1496680500
319,43,4.5,1496680560
417,14,3.5,1496681460
15,145,3.0,1496683500
16,198,4.0,1496695140
469,296,4.0,1496695740
274,31,4.0,1496702160
85,203,2.5,1496705220
24,251,3.0,1496712900
483,245,3.5,1496714280
269,182,4.5,1496724480
62,244,3.5,1496732280
361,36,5.0,1496734200
395,96,4.5,1496735520
203,154,2.0,1496738400
59,14,4.5,1496738700
411,101,3.0,1496741220
343,247,2.0,1496751240
20,141,4.0,1496753880
398,38,3.0,1496754540
494,293,3.0,1496761140
294,235,4.0,1496761560
368,18,3.5,1496763060
137,264,2.5,1496766960
354,280,2.5,1496771700
438,37,3.0,1496772840
168,267,3.0,1496774760
337,3,2.0,1496780940
17,70,3.0,1496785080
469,70,2.5,1496793960
76,243,2.5,1496795400
279,250,3.0,1496796900
454,132,4.5,1496798940
173,201,3.0,1496806200
265,121,4.0,1496809020
312,200,1.5,1496815260
455,1,4.0,1496816880
137,276,2.0,1496819640
45,29,1.5,1496827740
328,97,4.0,1496830620
178,27,3.0,1496835780
299,150,2.5,1496839020
20,289,2.0,1496841420
327,273,2.0,1496844960
45,70,3.0,1496845860
389,43,4.5,1496847120
292,279,3.0,1496860440
405,174,2.5,1496861640
218,57,3.0,1496862780
262,130,2.5,1496864280
175,123,4.0,1496864460
220,295,4.5,1496866560
446,256,4.5,1496872440
85,148,3.0,1496874480
19,176,3.5,1496876040
241,213,3.5,1496880240
175,47,2.5,1496883600
22,68,3.0,1496892480
332,52,3.0,1496895900
139,149,1.5,1496897760
302,279,2.0,1496898360
316,269,4.0,1496906460
84,171,2.0,1496913780
180,71,3.5,1496914980
58,194,2.0,1496915220
118,256,3.5,1496916960
458,233,1.5,1496918340
315,217,3.5,1496918640
342,170,3.0,1496924820
281,106,3.0,1496953560
435,150,3.0,1496955060
313,164,4.0,1496957340
413,60,3.0,1496960400
319,28,5.0,1496963040
178,278,2.0,1496967840
244,243,3.0,1496970660
319,34,3.0,1496978580
420,64,4.0,1496979660
131,27,3.0,1496988480
476,290,2.5,1496989440
194,13,5.0,1496997060
362,94,3.5,1497000720
330,219,5.0,1497002760
43,146,4.0,1497008640
254,161,3.0,1497014520
171,184,3.0,1497015360
99,94,4.0,1497015480
191,225,1.0,1497016380
373,31,5.0,1497025140
323,207,2.0,1497026160
94,142,3.5,1497032400
404,84,4.0,1497032460
232,253,2.5,1497034740
212,138,3.0,1497037020
7,269,3.5,1497047340
392,3,0.5,1497049560
201,231,4.0,1497049740
98,226,4.5,1497054720
377,279,4.0,1497070860
24,173,3.5,1497072780
203,222,2.5,1497079080
441,32,3.0,1497080880
227,159,4.5,1497095880
301,103,2.0,1497099480
294,203,4.5,1497099600
11,111,3.0,1497100260
375,240,2.0,1497100680
294,157,3.5,1497107220
489,106,3.5,1497108900
431,70,2.5,1497109320
396,294,3.0,1497112440
2,105,3.5,1497118020
306,145,2.5,1497123000
335,153,3.5,1497128940
127,170,3.0,1497129420
220,230,5.0,1497136260
19,192,3.5,1497136860
438,63,1.5,1497140580
348,37,2.5,1497142680
332,192,4.0,1497155880
30,24,5.0,1497157020
347,15,3.0,1497159840
155,279,3.0,1497163440
198,222,3.0,1497171960
278,296,3.5,1497174360
408,173,3.0,1497175440
248,71,3.5,1497176040
361,136,3.0,1497177360
493,52,2.5,1497182400
478,14,4.0,1497188400
448,67,3.0,1497192660
378,95,2.5,1497198240
389,17,3.0,1497201600
234,137,3.5,1497205680
212,253,1.0,1497216120
249,244,1.0,1497218280
309,221,3.0,1497218460
330,241,4.5,1497226620
363,137,5.0,1497226800
477,284,2.0,1497227160
404,262,3.5,1497228600
150,290,2.5,1497229200
250,84,2.5,1497232500
105,226,4.0,1497235680
27,284,5.0,1497236280
348,200,2.0,1497239940
335,151,3.0,1497242820
268,105,3.5,1497243060
367,256,4.0,1497244260
224,146,3.5,1497244920
175,229,4.5,1497246540
258,187,3.0,1497249180
458,76,3.5,1497252060
138,3,3.0,1497252420
173,178,4.5,1497252960
387,206,5.0,1497258960
356,152,5.0,1497262260
359,115,3.5,1497264660
123,188,4.0,1497266580
130,293,2.5,1497267420
65,244,2.5,1497269340
323,94,2.5,1497272340
337,98,3.5,1497274860
373,193,4.0,1497277500
476,74,2.5,1497280500
303,293,2.5,1497280620
348,105,2.5,1497281700
390,5,3.0,1497286920
244,13,3.5,1497294840
326,243,2.5,1497298620
481,44,2.5,1497300720
286,167,4.0,1497303900
350,71,4.5,1497306300
170,66,2.5,1497307260
193,6,3.5,1497307380
416,248,3.0,1497309120
362,217,4.0,1497315240
94,250,3.5,1497318540
18,178,3.5,1497319080
360,115,1.5,1497323400
133,95,2.5,1497329640
184,254,2.5,1497332340
277,147,2.5,1497333540
305,284,3.0,1497339720
41,275,1.0,1497340920
412,79,5.0,1497342000
184,123,5.0,1497345180
393,165,3.5,1497345720
387,267,4.0,1497346980
13,141,3.5,1497349860
78,292,2.5,1497355740
261,70,2.5,1497356400
145,30,4.0,1497356640
214,216,4.0,1497356940
122,94,3.5,1497372240
266,89,4.5,1497376860
128,187,3.5,1497378000
41,263,4.0,1497380100
401,275,1.0,1497381300
416,247,2.5,1497384480
335,194,3.0,1497386580
220,235,4.0,1497388140
227,254,3.0,1497389100
293,243,2.5,1497389160
12,185,4.0,1497393120
231,165,3.0,1497395040
54,140,3.0,1497398160
330,156,3.0,1497404520
161,85,3.5,1497407400
227,150,2.5,1497409380
107,101,2.0,1497422640
192,30,4.0,1497431040
412,29,4.0,1497434460
236,284,2.0,1497443580
238,26,3.0,1497445140
319,285,4.5,1497446220
461,11,3.0,1497448080
309,40,2.5,1497448140
97,4,3.5,1497450060
341,168,4.0,1497453420
24,231,1.5,1497459660
378,290,2.0,1497459840
133,172,5.0,1497467280
338,82,3.0,1497475860
409,51,4.0,1497477480
402,78,3.0,1497485640
279,217,4.0,1497485700
113,240,3.0,1497485820
2,111,2.5,1497495420
66,197,4.0,1497505920
267,231,2.0,1497505980
465,217,4.0,1497511440
33,231,3.5,1497513480
260,128,4.0,1497516660
59,217,4.5,1497516780
126,119,4.0,1497523320
34,300,3.5,1497526020
413,14,3.0,1497531180
471,151,4.5,1497531300
114,299,3.5,1497538920
305,245,2.5,1497544320
28,137,3.5,1497548160
351,217,4.0,1497552060
436,134,3.5,1497556260
188,255,3.0,1497556260
462,219,3.0,1497559740
39,148,3.0,1497578580
397,217,3.5,1497583260
410,1,2.5,1497592020
346,65,2.0,1497592800
229,1,3.5,1497592980
444,237,4.0,1497593400
356,52,4.5,1497595380
43,208,4.0,1497596520
177,213,5.0,1497610680
131,5,3.0,1497611520
181,64,2.5,1497613320
111,94,2.5,1497616260
456,1,4.5,1497617100
372,132,3.0,1497617580
138,123,4.5,1497619620
355,51,3.5,1497620460
117,152,4.0,1497623160
190,196,4.0,1497624180
112,18,2.0,1497628620
326,290,2.5,1497633120
466,218,3.5,1497633840
339,3,2.0,1497649920
330,44,4.5,1497650400
268,251,2.0,1497653220
237,221,4.5,1497665760
352,175,5.0,1497667080
240,241,4.5,1497669540
217,235,3.5,1497669600
492,127,2.5,1497669780
304,242,2.5,1497672480
302,178,2.0,1497676980
323,38,2.0,1497677760
258,173,4.5,1497680400
366,279,4.0,1497687060
364,246,3.0,1497693000
358,88,1.5,1497694380
10,119,3.5,1497697560
263,120,5.0,1497697680
342,283,2.5,1497701460
375,231,1.5,1497704880
423,165,3.0,1497707640
96,251,4.0,1497709680
38,48,3.0,1497711660
91,1,3.5,1497716460
56,105,4.5,1497720780
182,243,4.0,1497729240
365,40,2.0,1497735180
94,54,3.5,1497735840
260,120,3.0,1497736080
5,174,2.5,1497744060
372,127,2.5,1497746280
259,293,2.0,1497748200
156,58,4.5,1497749460
459,127,3.5,1497759540
294,51,4.0,1497761040
320,269,4.5,1497761340
11,279,3.5,1497773460
53,292,3.5,1497777300
358,228,3.5,1497781860
330,127,4.5,1497783900
178,163,3.0,1497786540
417,78,3.5,1497787020
276,222,2.5,1497794100
26,251,3.5,1497799800
352,165,5.0,1497812700
354,275,1.0,1497813060
340,222,3.0,1497813540
407,105,4.5,1497821820
84,250,3.5,1497821820
428,223,2.0,1497824700
451,223,2.5,1497828240
486,120,3.0,1497834000
79,15,3.0,1497839580
208,60,2.0,1497842280
255,235,3.5,1497845220
449,71,5.0,1497846120
231,222,3.0,1497846660
324,137,5.0,1497849300
471,143,3.0,1497851640
282,211,3.0,1497852000
346,294,3.0,1497854760
311,243,3.0,1497856320
247,223,4.0,1497858060
38,250,4.5,1497859020
193,289,1.0,1497860460
118,129,2.0,1497864960
291,43,4.0,1497867120
345,31,3.0,1497870420
293,292,2.0,1497882960
253,96,4.0,1497885960
284,182,3.5,1497891600
268,176,3.5,1497892260
247,146,4.5,1497892260
243,48,3.0,1497893940
234,62,3.5,1497901260
118,243,3.0,1497901380
412,13,4.0,1497901380
22,101,4.0,1497901680
274,14,2.5,1497902700
305,180,3.5,1497906120
71,271,4.0,1497906720
229,157,4.0,1497907260
398,257,2.5,1497908940
414,61,4.0,1497909000
47,291,2.5,1497916320
47,281,3.0,1497918420
292,138,3.5,1497922980
395,289,3.5,1497928320
44,56,2.5,1497929760
428,193,3.0,1497930960
324,86,5.0,1497936360
339,119,3.0,1497937020
210,141,3.0,1497948960
106,79,4.0,1497955680
139,180,3.0,1497957720
417,208,2.0,1497971280
13,156,1.5,1497972480
333,38,3.0,1497987660
412,286,4.0,1497996360
360,159,2.5,1497997980
360,240,1.0,1498000140
55,226,4.0,1498002000
16,235,3.0,1498002720
275,174,2.0,1498004520
425,203,4.0,1498010940
432,275,1.5,1498014480
351,183,4.5,1498014780
315,137,2.5,1498020060
183,215,5.0,1498020840
145,187,3.5,1498021140
443,250,3.0,1498022940
346,171,2.5,1498023360
391,183,3.5,1498028280
379,132,4.5,1498030920
134,290,4.0,1498033140
357,244,1.5,1498034100
53,78,3.5,1498034820
41,226,4.5,1498037100
211,58,3.0,1498040760
247,250,5.0,1498041300
254,60,3.0,1498046160
194,290,3.0,1498049940
253,134,4.0,1498050840
278,94,3.0,1498055160
12,60,3.0,1498056000
41,106,3.5,1498057020
493,94,2.0,1498062060
163,80,3.0,1498064400
123,3,2.5,1498065060
372,201,2.5,1498077840
96,47,3.0,1498078260
84,278,3.5,1498079160
398,206,3.5,1498106880
67,248,1.5,1498112220
268,150,2.0,1498123560
470,37,2.0,1498125060
384,290,4.0,1498129020
303,230,5.0,1498129260
40,59,2.5,1498131180
338,183,3.0,1498132080
67,58,2.5,1498133100
263,59,2.5,1498133400
341,252,3.0,1498135560
333,243,4.0,1498136700
455,265,3.5,1498142940
20,43,4.0,1498143180
320,171,2.5,1498143840
402,177,3.5,1498146960
381,28,5.0,1498147560
179,251,4.0,1498148340
196,223,3.0,1498149240
82,174,4.0,1498149480
161,231,3.0,1498150020
232,186,3.0,1498150140
477,215,2.0,1498153800
68,66,2.5,1498174080
130,148,2.0,1498176180
286,269,5.0,1498187280
411,134,3.0,1498189020
301,265,1.0,1498192140
342,240,3.5,1498196280
113,239,2.5,1498203000
27,220,3.5,1498216080
343,14,2.5,1498216140
334,278,2.5,1498217820
289,219,4.5,1498218480
417,101,3.0,1498221480
306,166,4.5,1498225380
225,279,3.0,1498226460
361,182,5.0,1498229520
264,104,3.5,1498234140
69,104,5.0,1498236360
466,263,4.0,1498241040
407,273,4.0,1498241040
481,105,4.5,1498244280
489,284,4.5,1498245480
377,64,5.0,1498247880
89,73,4.0,1498249920
182,57,4.0,1498250400
43,294,4.5,1498265460
6,269,2.5,1498267920
103,235,5.0,1498268280
493,252,3.0,1498274280
417,129,3.5,1498275840
25,261,2.5,1498276020
465,58,4.0,1498277040
345,149,2.0,1498281300
212,202,3.0,1498285200
448,255,4.0,1498287060
148,182,3.5,1498287540
151,93,4.5,1498292160
89,200,4.0,1498299960
438,173,3.0,1498303920
48,188,4.5,1498307340
43,17,4.5,1498317240
111,79,3.5,1498326480
468,220,3.0,1498330800
234,34,3.5,1498344600
22,208,3.5,1498345860
26,154,3.0,1498346160
469,96,3.5,1498346280
71,243,4.0,1498347900
473,73,2.5,1498353600
184,215,3.5,1498354800
428,9,1.5,1498364580
78,137,2.5,1498365660
469,124,2.5,1498368960
495,40,3.5,1498372560
396,251,2.0,1498377240
241,24,3.5,1498383660
201,152,5.0,1498389600
72,193,5.0,1498393500
485,290,1.5,1498401420
235,30,1.5,1498401540
152,167,4.5,1498410960
446,215,5.0,1498414620
337,245,1.5,1498417920
439,134,4.0,1498420680
199,47,3.5,1498423680
374,170,2.5,1498426020
414,186,3.5,1498426860
204,296,4.5,1498428780
336,91,3.0,1498431600
125,5,4.0,1498435680
185,35,3.5,1498437840
473,10,2.5,1498439880
386,133,3.5,1498443600
83,37,3.5,1498453020
139,288,1.5,1498454460
190,35,3.5,1498454580
245,279,3.0,1498458660
460,151,2.5,1498467780
392,240,2.5,1498468980
413,294,3.5,1498469280
313,197,4.5,1498469340
16,134,3.0,1498470300
210,68,2.5,1498471380
258,13,4.0,1498472880
288,256,3.5,1498476540
368,290,4.5,1498481040
280,282,4.5,1498487760
440,147,2.5,1498488240
132,299,3.0,1498492380
307,279,3.0,1498494240
148,193,4.0,1498495260
23,71,5.0,1498496940
243,290,2.0,1498499640
250,73,3.0,1498507560
251,269,4.0,1498509900
365,275,0.5,1498510140
270,26,5.0,1498513200
76,249,2.0,1498513800
165,79,3.5,1498514100
105,30,3.5,1498518060
388,66,3.0,1498520820
217,233,2.0,1498525980
64,121,4.0,1498527420
75,190,2.5,1498528260
89,170,2.5,1498536840
161,52,4.0,1498539180
249,290,2.0,1498540020
379,68,2.5,1498542000
102,105,3.0,1498542600
83,31,3.0,1498545480
358,18,3.5,1498551060
342,267,3.0,1498552200
174,101,4.0,1498554660
82,3,3.0,1498562820
429,220,3.5,1498575360
274,156,1.5,1498577820
392,8,2.5,1498580640
16,294,4.0,1498594740
387,103,3.5,1498606320
401,77,1.0,1498607040
466,56,5.0,1498607640
10,150,2.5,1498607820
98,184,2.5,1498608060
186,64,4.5,1498609200
238,174,3.0,1498610340
20,148,4.0,1498612320
179,72,3.0,1498617600
71,187,4.0,1498623420
123,220,3.0,1498623540
494,37,3.0,1498625880
351,23,3.0,1498626660
234,231,2.5,1498631340
361,170,4.0,1498635060
153,243,3.5,1498635540
275,9,3.0,1498636800
108,165,3.0,1498638600
396,43,2.5,1498639440
490,95,4.5,1498645020
485,105,2.5,1498646820
219,137,3.0,1498649760
492,94,3.5,1498651200
269,175,2.5,1498666560
135,205,1.5,1498671660
25,250,3.0,1498673220
404,275,1.5,1498675200
268,174,4.0,1498678380
376,103,2.0,1498680900
202,185,4.0,1498681860
239,123,4.5,1498684500
199,243,4.0,1498685100
379,137,4.5,1498691940
296,52,3.0,1498693680
357,237,2.0,1498694280
164,29,4.5,1498698660
15,169,3.0,1498714320
246,105,4.5,1498716840
393,34,3.5,1498721160
487,171,1.5,1498742280
489,203,4.5,1498742640
354,272,2.5,1498743660
362,73,3.5,1498753380
252,55,2.5,1498756080
391,296,4.5,1498759140
67,133,1.0,1498761000
375,187,3.0,1498761000
251,67,3.5,1498764300
200,168,2.5,1498764480
125,250,5.0,1498768620
383,47,3.5,1498769760
77,35,1.5,1498778280
242,243,4.0,1498791900
199,249,2.5,1498794780
107,250,2.5,1498798260
97,40,2.5,1498800720
345,280,2.5,1498803600
327,255,4.0,1498804320
93,231,3.0,1498804320
256,256,3.0,1498807080
336,215,4.5,1498807140
264,83,2.5,1498809180
430,256,3.0,1498810440
1,66,2.0,1498816020
73,245,3.0,1498816560
209,168,4.0,1498822020
20,51,4.0,1498835100
14,137,2.5,1498840140
396,31,2.5,1498852440
274,42,3.5,1498857840
188,1,4.0,1498857960
99,101,2.5,1498858680
34,199,2.5,1498863540
379,226,3.5,1498864800
401,45,2.0,1498867380
275,38,1.5,1498867980
205,293,1.5,1498871160
341,64,4.5,1498877400
315,150,1.0,1498891260
489,105,5.0,1498892460
293,248,1.5,1498894440
411,294,3.0,1498898280
375,10,3.5,1498898880
82,31,2.5,1498918920
162,94,4.5,1498921260
254,119,2.5,1498922340
176,195,3.0,1498923540
473,94,4.0,1498927560
69,38,4.0,1498935660
313,289,3.0,1498939980
41,161,2.5,1498942980
97,231,1.5,1498944900
346,81,2.5,1498951080
278,13,4.0,1498951860
243,198,2.5,1498953660
479,94,2.5,1498958820
196,14,2.5,1498961100
123,134,3.0,1498963800
40,60,3.0,1498964220
457,248,3.0,1498965240
60,101,1.0,1498969860
169,280,3.5,1498970700
328,141,4.5,1498971540
151,68,3.0,1498973400
219,294,2.5,1498977300
403,240,3.0,1498977600
240,262,3.5,1498979400
140,289,3.0,1498983540
322,198,2.0,1498984260
455,52,4.0,1498986420
223,5,1.5,1498992300
212,63,1.5,1498994640
113,34,3.5,1498999620
172,137,4.0,1499003820
96,142,4.0,1499017980
138,51,3.5,1499018460
412,41,4.0,1499023740
90,141,4.0,1499029920
302,58,2.5,1499029980
310,223,4.0,1499034420
304,64,4.0,1499034720
356,51,5.0,1499035140
255,119,3.0,1499039460
271,32,3.0,1499039700
196,60,3.0,1499039820
160,151,3.5,1499040900
202,154,3.5,1499051460
242,255,2.5,1499053440
177,111,4.0,1499053740
345,175,3.0,1499062740
462,70,3.5,1499063760
445,66,3.5,1499067240
302,137,2.5,1499069700
237,169,4.5,1499073600
50,35,2.0,1499075640
56,280,3.0,1499080920
127,107,3.0,1499086020
241,94,1.5,1499086680
149,280,2.0,1499086800
439,1,3.5,1499088120
234,253,3.0,1499089500
291,217,4.5,1499090580
110,294,4.0,1499097900
321,256,3.0,1499098080
251,138,5.0,1499098320
269,222,3.0,1499105400
332,137,4.0,1499109600
255,262,3.5,1499109720
448,93,3.5,1499113440
153,176,2.0,1499113440
84,245,4.0,1499116080
492,221,3.0,1499119200
402,52,3.5,1499123940
272,225,0.5,1499125260
406,163,1.0,1499125560
318,129,2.0,1499127060
350,137,3.0,1499129460
31,16,5.0,1499129460
215,28,4.5,1499130300
170,50,2.5,1499135820
411,243,4.0,1499137620
359,117,4.5,1499137740
420,42,3.5,1499138340
101,180,3.0,1499141040
362,37,3.5,1499141940
145,94,3.0,1499143740
116,101,2.0,1499144100
406,273,3.0,1499145720
8,47,2.0,1499147700
139,296,4.0,1499148960
198,187,4.0,1499150580
270,56,5.0,1499151840
431,229,3.0,1499154540
256,146,1.5,1499165040
489,60,2.0,1499168520
44,243,3.5,1499174880
454,29,3.0,1499177700
124,64,3.5,1499181240
313,226,4.5,1499188620
217,290,2.5,1499189340
146,34,3.5,1499192940
8,37,2.5,1499199840
324,180,5.0,1499200440
123,231,2.5,1499200500
303,41,4.5,1499202120
459,280,4.0,1499204760
119,60,2.0,1499210640
364,156,3.0,1499212980
476,51,4.0,1499231460
442,141,5.0,1499231640
421,165,2.5,1499232600
373,56,3.0,1499237820
230,24,4.0,1499239320
53,34,4.5,1499246160
498,105,4.5,1499250180
76,232,2.0,1499255400
484,186,3.5,1499257260
324,105,5.0,1499259180
296,79,3.5,1499262900
175,237,3.0,1499264640
203,235,3.0,1499270460
378,123,4.0,1499270520
298,164,5.0,1499273940
47,260,4.0,1499280480
485,78,1.5,1499282580
267,93,2.5,1499286240
438,263,3.5,1499301420
365,217,5.0,1499305620
103,66,3.5,1499307060
151,281,4.5,1499308560
152,142,4.5,1499311560
351,57,4.0,1499311980
47,269,3.5,1499315820
132,45,2.5,1499317080
358,119,3.0,1499325060
359,150,3.0,1499326020
299,38,3.0,1499327520
475,269,4.0,1499328720
281,43,3.5,1499332440
157,108,4.5,1499333400
426,220,4.0,1499334780
144,81,2.5,1499359380
410,94,4.0,1499363760
368,256,4.5,1499364240
252,256,2.0,1499369340
52,255,4.0,1499377140
38,207,2.0,1499385660
295,101,2.5,1499388000
281,128,2.5,1499390700
259,221,2.5,1499396400
483,52,3.5,1499400180
284,198,2.5,1499404800
47,64,4.0,1499414640
218,275,1.5,1499423580
464,28,3.5,1499425380
133,59,3.0,1499436000
142,161,2.0,1499436720
370,232,3.0,1499440380
305,137,2.5,1499443260
76,81,2.5,1499469540
1,63,2.0,1499479620
408,272,3.0,1499481960
337,255,3.5,1499486640
31,94,4.0,1499486760
97,171,1.5,1499491140
261,115,2.0,1499493180
415,149,3.0,1499493540
84,3,1.5,1499495160
380,42,1.5,1499497560
105,289,3.0,1499506560
211,292,3.0,1499508600
22,189,3.0,1499509560
154,31,2.5,1499520540
395,245,4.5,1499523180
27,186,3.0,1499525700
13,220,3.0,1499527860
56,300,3.5,1499531460
335,217,5.0,1499532660
327,146,2.0,1499538240
192,222,3.5,1499541900
318,110,1.5,1499541900
63,203,3.0,1499543820
484,250,4.0,1499550540
3,146,3.5,1499551920
77,153,2.0,1499553780
133,60,2.0,1499555640
317,69,2.0,1499558280
12,15,3.0,1499560560
119,179,3.5,1499560860
483,17,3.5,1499574300
194,89,5.0,1499581380
226,230,4.0,1499590080
444,128,4.5,1499592240
290,14,3.0,1499596080
33,43,3.0,1499597220
170,235,2.5,1499599380
367,167,5.0,1499600760
47,165,4.5,1499601060
96,105,3.0,1499602680
357,204,1.5,1499616060
219,269,4.5,1499616600
484,37,3.5,1499628840
131,48,2.5,1499632440
49,73,4.0,1499633940
182,54,4.5,1499634060
335,109,3.5,1499641020
62,56,5.0,1499642940
368,263,5.0,1499658720
101,212,4.0,1499660640
444,284,4.0,1499662320
41,266,4.5,1499665620
24,89,3.0,1499668800
275,263,4.0,1499669580
70,37,2.5,1499669700
96,231,2.5,1499670540
18,175,3.0,1499673000
329,55,2.5,1499675640
189,18,2.0,1499675820
3,52,3.0,1499687280
184,38,4.0,1499690760
72,36,5.0,1499693040
259,14,3.5,1499703300
313,37,2.5,1499703840
155,187,3.5,1499704560
37,208,2.5,1499706600
305,197,3.0,1499712660
249,233,1.5,1499713740
366,272,2.0,1499715300
479,36,3.5,1499719800
1,2,2.0,1499724360
112,233,2.5,1499730300
98,255,3.0,1499731680
130,47,2.5,1499735040
202,76,5.0,1499739900
94,262,5.0,1499743020
144,106,4.0,1499745720
266,280,3.5,1499748060
254,101,1.5,1499764740
475,279,3.0,1499764860
22,269,5.0,1499768280
404,211,4.5,1499772300
6,94,2.0,1499774580
51,145,3.5,1499779260
210,236,3.0,1499783520
483,217,4.5,1499785500
494,284,4.5,1499788920
355,63,2.5,1499790660
41,208,2.5,1499796540
174,251,4.0,1499799960
59,35,3.0,1499800020
382,57,4.0,1499800140
54,34,3.5,1499808180
366,169,3.5,1499815020
131,95,3.5,1499821320
195,45,1.0,1499827620
391,250,3.5,1499830020
144,222,3.5,1499833680
314,27,2.5,1499834820
429,198,3.5,1499846040
462,203,3.5,1499859000
74,60,3.0,1499863440
323,247,1.5,1499866440
252,252,3.5,1499866920
316,10,3.5,1499870160
101,143,4.0,1499873880
241,169,2.5,1499878560
488,51,4.0,1499882100
313,172,4.5,1499885100
392,207,0.5,1499885460
365,15,1.0,1499888640
1,284,3.5,1499889480
413,250,2.5,1499889780
340,203,2.0,1499892060
335,184,3.0,1499893200
68,214,5.0,1499898240
246,299,3.5,1499909880
108,293,2.5,1499918940
498,126,2.0,1499919060
303,245,3.5,1499920680
270,207,3.5,1499928420
329,138,5.0,1499930580
16,245,3.0,1499933040
299,254,3.5,1499933520
309,94,3.0,1499938680
62,223,3.5,1499949360
288,123,5.0,1499952840
352,190,3.0,1499954580
257,64,4.5,1499960760
27,195,3.0,1499961900
273,148,3.0,1499964660
211,184,2.5,1499964840
439,200,3.0,1499965980
295,110,2.0,1499966280
177,175,3.0,1499967240
204,52,3.5,1499967720
480,256,3.5,1499974440
271,275,1.0,1499978220
337,288,1.0,1499979540
3,64,3.0,1499983080
83,275,0.5,1499985840
213,55,3.5,1499990760
500,77,3.0,1499997120
307,137,4.5,1499997600
176,231,4.0,1500007560
307,35,2.0,1500010500
252,70,3.5,1500010560
334,289,1.5,1500013920
474,288,2.5,1500014940
309,240,2.0,1500017880
17,217,3.5,1500023700
342,7,4.0,1500024960
306,197,4.0,1500027180
69,206,4.0,1500031320
156,137,4.5,1500038340
319,48,2.5,1500038880
476,289,3.5,1500044220
65,296,4.0,1500044580
328,30,5.0,1500044940
280,83,3.0,1500052740
359,250,5.0,1500055080
343,207,2.0,1500056940
434,229,4.0,1500066000
419,240,4.0,1500074940
423,193,5.0,1500080220
169,30,4.0,1500081300
180,147,4.5,1500084240
90,241,4.0,1500085440
243,217,4.0,1500087360
194,215,4.0,1500096720
404,273,3.5,1500101340
32,229,3.5,1500106380
62,300,4.5,1500107520
89,187,3.5,1500109020
426,255,3.5,1500109620
33,229,5.0,1500121080
299,154,3.0,1500123240
436,237,2.5,1500123720
409,82,3.5,1500140160
11,5,2.0,1500148680
50,56,3.5,1500149040
93,286,2.5,1500153300
97,220,3.0,1500154740
397,231,2.5,1500157380
370,35,1.5,1500161160
352,64,4.5,1500163560
47,182,4.5,1500165600
127,66,2.5,1500169500
81,178,3.0,1500169620
139,174,3.0,1500172140
478,170,3.5,1500173940
93,251,4.0,1500174000
174,240,3.5,1500175920
148,60,2.0,1500176700
201,81,3.5,1500185280
163,153,3.5,1500198240
490,80,2.5,1500201660
336,48,4.5,1500207120
177,154,3.0,1500218760
100,18,2.0,1500221940
105,134,4.0,1500226440
7,54,3.5,1500232500
133,204,3.5,1500235260
313,229,3.5,1500245100
498,250,4.0,1500255960
219,172,4.0,1500258480
321,255,3.5,1500269400
32,217,3.5,1500270240
99,58,3.0,1500271260
148,207,1.5,1500272520
137,56,2.0,1500274620
280,219,2.5,1500281100
212,185,2.5,1500292740
75,84,3.5,1500298260
405,206,3.0,1500298740
398,108,3.0,1500302700
345,70,2.0,1500305820
349,159,4.0,1500306900
318,180,3.5,1500312300
272,165,2.5,1500321660
313,27,3.0,1500323340
200,188,3.5,1500328560
330,63,3.5,1500328620
410,162,3.0,1500335340
499,142,4.0,1500351840
376,111,3.0,1500359640
77,162,2.0,1500361800
362,139,3.5,1500365400
298,184,4.0,1500367380
341,176,4.5,1500371220
180,291,3.5,1500373020
96,141,3.0,1500378420
147,131,3.5,1500379080
496,242,2.0,1500379320
87,189,3.5,1500380940
262,93,4.0,1500385380
398,34,4.0,1500386220
113,151,3.0,1500392760
150,284,4.0,1500392820
396,72,1.5,1500396300
299,153,3.0,1500396780
181,253,1.5,1500403080
281,36,3.5,1500404160
484,27,2.5,1500415140
414,196,4.5,1500424080
228,251,4.5,1500426900
315,280,2.0,1500435840
165,250,3.0,1500437220
47,73,3.5,1500440700
55,290,3.0,1500442440
126,73,2.0,1500448260
184,141,3.5,1500449700
492,101,3.5,1500456240
38,235,5.0,1500456480
240,60,3.5,1500467160
432,142,2.5,1500467520
167,68,3.0,1500471060
33,94,3.5,1500473220
93,173,3.0,1500474660
351,245,3.0,1500490500
170,3,2.5,1500496980
418,36,3.0,1500500400
182,132,5.0,1500503400
348,265,2.0,1500505740
21,120,2.5,1500517920
30,182,4.5,1500520080
253,24,2.5,1500525420
400,240,3.5,1500532260
31,26,3.5,1500534180
354,170,2.5,1500539700
441,107,1.5,1500548220
109,14,3.0,1500548400
490,201,2.5,1500555960
476,179,2.5,1500559260
272,258,2.5,1500559620
254,176,2.5,1500574980
121,150,3.0,1500583140
378,120,3.0,1500585360
6,176,1.0,1500591780
399,206,3.5,1500597180
227,250,4.5,1500600600
23,141,3.5,1500604140
56,24,5.0,1500606960
497,215,3.5,1500607200
56,60,3.5,1500607260
498,176,2.5,1500607920
345,212,4.0,1500617040
186,53,3.5,1500631020
162,245,4.0,1500637500
191,182,3.5,1500643080
150,180,3.5,1500650280
484,176,3.0,1500651420
125,51,4.5,1500652440
398,138,4.0,1500655200
250,32,2.5,1500658800
421,64,4.0,1500660180
499,94,2.5,1500662880
366,120,3.5,1500666000
250,164,3.0,1500678660
292,241,3.0,1500681300
460,3,2.5,1500682800
433,226,4.5,1500684120
296,73,2.5,1500684780
116,47,2.0,1500687300
270,154,4.5,1500689220
420,284,3.0,1500694440
170,48,2.0,1500694920
273,172,5.0,1500708060
228,201,2.5,1500708780
356,275,2.5,1500716700
30,77,3.5,1500717780
444,243,5.0,1500719100
209,108,3.0,1500728040
417,167,3.0,1500729240
90,175,4.5,1500742860
150,272,3.0,1500743280
282,185,3.0,1500748920
257,272,2.0,1500749460
388,227,1.5,1500750240
492,294,3.5,1500754860
26,296,3.5,1500756120
9,168,3.0,1500767460
329,129,4.0,1500769200
347,172,4.5,1500769800
12,177,3.0,1500772500
269,290,2.0,1500773160
12,171,2.0,1500775620
375,180,2.5,1500777900
18,273,3.5,1500783600
387,253,3.0,1500783960
417,105,3.0,1500798600
336,105,4.0,1500801120
284,98,3.5,1500815400
382,202,5.0,1500817980
134,98,4.0,1500824700
292,13,3.5,1500826680
456,28,4.5,1500829380
484,66,4.0,1500836640
136,73,2.5,1500837420
304,34,3.5,1500838260
262,72,2.5,1500839220
136,82,2.5,1500839460
255,14,2.5,1500844440
85,176,3.5,1500845460
207,58,4.5,1500853620
332,82,3.5,1500857520
100,98,2.5,1500864120
346,29,3.0,1500866040
51,47,3.0,1500871980
14,220,3.0,1500880080
468,18,2.5,1500881160
454,137,4.0,1500893340
52,289,3.0,1500903900
217,260,4.0,1500913260
102,290,2.5,1500915900
370,193,4.5,1500917100
322,217,4.0,1500926880
403,86,5.0,1500934860
161,132,5.0,1500940620
47,215,3.5,1500941760
475,281,5.0,1500948000
368,258,5.0,1500957120
93,52,3.5,1500969720
449,240,3.5,1500974580
150,175,3.5,1500975000
427,254,4.0,1500978480
317,36,4.0,1500984600
465,200,4.0,1500985200
313,262,4.0,1500992940
355,64,3.5,1500993660
92,55,3.5,1500995220
487,183,2.5,1501000860
263,100,4.0,1501005480
78,154,1.5,1501008360
400,197,5.0,1501017180
71,129,3.5,1501021140
205,35,1.5,1501033380
393,251,4.0,1501033740
220,240,3.0,1501037100
476,194,3.5,1501038480
61,96,4.0,1501046520
19,20,3.0,1501046760
399,35,1.0,1501054260
7,172,4.5,1501055040
321,77,2.5,1501055100
379,187,3.0,1501055220
475,83,3.0,1501061460
250,118,3.0,1501075020
411,284,4.5,1501078740
418,262,2.5,1501079760
430,82,3.5,1501080180
122,254,3.0,1501083120
255,160,2.5,1501084680
239,169,4.0,1501090200
424,243,5.0,1501095360
151,279,3.0,1501098000
208,264,5.0,1501100760
288,193,5.0,1501103040
174,267,4.5,1501104300
204,154,3.0,1501104360
488,272,2.0,1501105800
207,173,5.0,1501108560
229,206,4.5,1501116300
336,145,4.5,1501118160
255,149,2.0,1501128120
244,14,3.0,1501129560
272,288,3.0,1501136160
479,175,2.5,1501139460
455,289,3.0,1501142100
145,186,3.0,1501157340
183,221,3.0,1501158900
80,36,3.5,1501161480
122,101,2.5,1501163100
230,78,1.5,1501166580
452,279,4.0,1501170300
423,170,3.0,1501175760
164,157,3.0,1501181640
240,198,2.5,1501184820
67,150,2.5,1501185480
270,289,4.5,1501187760
1,251,3.5,1501189500
242,52,2.5,1501190940
326,277,1.5,1501197720
226,31,4.5,1501199700
450,173,4.0,1501200900
50,121,4.0,1501201740
180,250,3.5,1501205760
319,299,3.5,1501206300
98,243,4.5,1501207980
399,201,2.5,1501212900
135,289,2.0,1501214580
331,96,4.5,1501215480
475,29,3.5,1501219680
324,205,5.0,1501221240
223,134,2.0,1501221840
282,178,3.0,1501224960
448,246,4.5,1501225080
480,152,3.0,1501227420
293,80,0.5,1501228440
24,171,1.5,1501234560
484,3,2.5,1501237260
69,179,4.0,1501237800
431,282,3.5,1501239240
45,52,2.5,1501244040
482,279,4.0,1501258680
21,55,1.5,1501260300
296,139,2.5,1501264320
142,74,2.0,1501265580
189,146,2.5,1501266480
374,138,5.0,1501268700
268,52,3.0,1501273200
405,141,4.0,1501275720
189,47,2.5,1501275960
154,138,3.0,1501277460
257,134,3.5,1501287540
338,217,3.0,1501294500
439,137,3.5,1501296180
448,151,3.5,1501302120
402,3,2.5,1501304100
211,34,3.5,1501307400
112,130,1.5,1501309320
376,269,4.0,1501314360
189,28,3.5,1501316820
276,72,1.5,1501320780
225,132,5.0,1501324920
320,107,4.5,1501325820
54,38,3.5,1501327440
111,66,3.5,1501327680
498,4,5.0,1501328880
155,257,3.0,1501336620
20,94,3.0,1501337100
295,284,5.0,1501337220
188,105,4.0,1501342080
431,51,3.0,1501346460
185,97,5.0,1501347240
264,27,3.5,1501348380
88,184,3.5,1501355520
470,35,0.5,1501356720
423,36,4.0,1501360980
263,30,4.5,1501361460
396,138,2.0,1501362300
227,174,4.0,1501365480
487,167,2.5,1501366380
252,66,3.0,1501367580
225,195,3.0,1501369680
468,146,3.5,1501372620
55,172,5.0,1501372860
103,281,5.0,1501374480
38,255,3.5,1501374600
221,222,2.0,1501377360
256,216,4.0,1501377540
399,82,3.0,1501380060
267,173,4.5,1501384140
468,165,3.0,1501391700
150,150,2.0,1501399560
248,15,2.5,1501402200
214,279,2.5,1501406760
376,17,3.0,1501413300
239,239,3.0,1501413360
196,71,4.5,1501414380
310,35,2.5,1501417980
94,203,3.5,1501423620
77,231,2.0,1501436640
397,70,2.5,1501437960
338,54,4.0,1501444380
302,121,2.0,1501444860
417,182,4.0,1501449960
106,220,3.5,1501452960
456,251,3.0,1501461480
446,172,5.0,1501472700
374,81,2.5,1501479120
466,30,2.5,1501482420
191,21,3.0,1501484760
449,93,2.5,1501485000
238,141,3.5,1501490340
122,241,4.0,1501500000
300,123,4.5,1501513560
295,137,5.0,1501514160
171,85,5.0,1501514880
80,3,2.5,1501523700
143,151,5.0,1501523820
258,290,3.0,1501527300
71,37,4.0,1501528740
446,220,5.0,1501530060
87,290,3.5,1501530360
259,85,5.0,1501537800
88,28,5.0,1501539540
326,134,2.5,1501541100
468,173,5.0,1501542900
393,57,2.0,1501546620
55,3,2.0,1501562520
394,279,3.5,1501565100
140,51,3.0,1501571640
91,10,4.0,1501574820
266,237,3.5,1501575960
336,213,4.5,1501587900
478,49,4.0,1501589160
152,154,3.5,1501590660
478,73,3.0,1501603440
399,264,4.0,1501608960
419,81,4.5,1501620480
240,203,2.0,1501632060
402,165,3.5,1501637820
12,176,4.5,1501643100
247,92,4.0,1501643220
228,55,2.5,1501645800
19,175,3.5,1501650060
242,47,2.5,1501651440
20,5,2.5,1501651800
209,154,2.5,1501651980
110,107,2.5,1501658280
184,126,3.0,1501665420
436,133,2.5,1501666080
290,170,1.0,1501666140
326,231,3.5,1501669380
188,270,3.5,1501671240
240,178,3.5,1501675140
470,24,3.5,1501679760
249,47,2.0,1501682160
263,275,2.5,1501685220
325,31,4.0,1501689960
34,31,3.0,1501690320
355,162,4.5,1501694040
319,293,3.0,1501695600
395,154,3.0,1501708260
443,134,1.5,1501711620
182,184,4.0,1501717320
50,1,2.0,1501717320
87,177,3.5,1501722600
306,59,3.5,1501723200
500,101,3.5,1501725780
144,262,4.0,1501726200
220,254,3.0,1501729140
147,132,5.0,1501744380
405,47,2.0,1501749360
92,205,3.0,1501750980
307,267,3.5,1501765980
315,64,3.0,1501766640
385,207,2.0,1501772700
235,49,3.0,1501775880
278,58,2.5,1501781520
475,120,3.5,1501782120
234,222,4.0,1501785180
274,171,1.5,1501788300
75,275,0.5,1501788840
495,289,3.0,1501800660
106,36,4.5,1501803900
70,137,3.0,1501804320
85,174,2.5,1501806720
413,243,4.0,1501808820
210,94,3.0,1501822920
468,105,4.0,1501825380
411,154,2.5,1501831020
295,134,3.0,1501831380
440,194,2.5,1501833180
14,245,2.0,1501834560
353,120,3.5,1501849320
237,60,2.5,1501850580
327,85,4.5,1501850820
435,175,4.0,1501851180
282,148,3.5,1501851840
344,245,2.0,1501855500
454,256,2.5,1501859700
22,96,4.5,1501865400
100,208,2.5,1501865880
223,30,2.0,1501866900
76,231,1.5,1501866900
418,119,2.5,1501868400
67,155,2.5,1501869600
267,137,4.0,1501869900
12,47,2.5,1501870080
484,273,3.5,1501870200
111,17,2.5,1501870860
114,52,3.5,1501872060
12,289,2.5,1501884000
430,208,2.0,1501886220
88,154,2.5,1501886460
387,121,4.0,1501889280
108,128,3.0,1501899180
430,189,2.5,1501909200
384,43,3.5,1501911420
240,156,3.0,1501914600
40,81,3.0,1501915620
105,180,3.0,1501916100
243,76,4.0,1501926660
457,15,3.5,1501928520
187,36,5.0,1501931940
291,47,2.0,1501933440
65,203,2.5,1501940220
13,201,1.5,1501941720
254,240,2.5,1501946040
103,159,4.0,1501946340
186,170,2.0,1501948680
253,58,3.0,1501950600
166,64,3.0,1501951560
69,284,5.0,1501953960
311,77,1.5,1501964640
40,36,4.5,1501981560
364,220,4.0,1501984140
13,173,3.5,1501985100
372,10,5.0,1501985340
439,198,3.5,1501987020
153,299,2.0,1501992960
355,226,4.5,1501995720
13,134,2.5,1501997040
454,242,3.5,1501999200
268,137,3.5,1502004120
39,50,2.0,1502010720
113,174,4.0,1502014140
94,154,2.5,1502015940
239,31,4.0,1502017980
69,293,3.0,1502023320
317,272,2.5,1502026260
295,175,3.5,1502039580
430,157,3.0,1502040540
99,237,3.5,1502046360
136,165,3.0,1502056800
327,197,3.5,1502056800
294,54,3.5,1502058720
457,150,2.5,1502067840
8,222,2.5,1502076420
283,107,3.0,1502077320
221,29,2.5,1502096520
10,184,2.0,1502097120
292,176,1.5,1502099340
410,172,4.0,1502101860
193,296,3.0,1502103300
86,221,3.5,1502115120
277,146,1.5,1502115480
96,268,4.0,1502119380
236,243,4.0,1502120220
371,290,1.5,1502121840
263,111,2.5,1502122740
125,105,5.0,1502128260
141,136,1.5,1502131980
39,226,4.0,1502138160
335,141,4.0,1502141400
245,208,2.0,1502142240
143,51,5.0,1502143320
16,14,4.5,1502148120
49,37,4.0,1502151540
330,220,5.0,1502157780
297,247,3.0,1502162400
59,137,5.0,1502165700
73,19,4.5,1502171880
444,108,2.5,1502172840
15,24,3.0,1502175240
258,66,2.5,1502175780
28,40,3.5,1502179080
144,21,3.5,1502179800
198,94,3.5,1502180700
289,243,5.0,1502187660
115,137,4.0,1502189880
200,251,3.0,1502192040
160,64,3.5,1502198580
113,14,3.5,1502203260
184,197,3.5,1502208240
457,243,4.5,1502215320
456,65,3.5,1502222940
61,198,2.0,1502224200
451,162,3.0,1502231220
455,3,3.5,1502231220
184,230,4.5,1502242020
489,51,4.5,1502243040
404,64,3.5,1502246160
181,254,2.5,1502250840
95,14,2.0,1502252280
371,60,2.5,1502254380
274,107,2.5,1502258940
406,13,3.0,1502259120
76,180,3.0,1502259180
384,265,2.5,1502261520
104,21,4.5,1502270040
499,40,3.5,1502277000
486,182,3.0,1502278980
29,60,2.0,1502279880
463,240,2.5,1502281860
14,103,3.5,1502282400
369,145,4.0,1502283780
350,35,2.0,1502287980
437,72,1.5,1502292660
256,37,1.5,1502309040
313,265,3.5,1502312280
140,263,4.5,1502313300
348,73,3.0,1502315400
430,235,5.0,1502317200
173,175,4.5,1502320800
377,235,3.5,1502327040
295,129,4.0,1502331720
459,221,3.5,1502332260
348,14,3.0,1502337060
378,275,2.0,1502339160
418,253,4.0,1502343540
138,256,3.5,1502347140
291,134,4.0,1502348880
361,18,4.0,1502360460
292,137,2.5,1502362020
111,101,2.0,1502363100
83,154,1.5,1502366580
487,169,3.0,1502372160
412,98,4.0,1502373600
422,296,3.5,1502373780
287,267,3.5,1502387940
66,251,4.0,1502393340
345,247,1.0,1502395020
371,269,2.5,1502404020
438,149,1.0,1502405340
376,248,1.0,1502409840
357,101,1.0,1502425440
210,237,3.0,1502431620
393,173,4.0,1502434860
342,172,4.0,1502436660
91,56,3.0,1502443080
495,229,5.0,1502444940
199,256,3.0,1502454000
234,59,4.0,1502455140
184,145,3.5,1502456460
272,280,2.0,1502463060
228,137,3.5,1502467260
418,258,1.5,1502471100
428,81,1.5,1502471580
376,281,3.5,1502473380
143,60,3.5,1502474160
473,40,3.0,1502475540
26,162,2.5,1502479740
239,73,4.0,1502483880
396,240,1.5,1502485380
363,57,3.5,1502494560
246,251,4.0,1502501760
313,174,2.5,1502505060
209,92,4.5,1502507340
487,154,1.5,1502507640
184,168,3.5,1502514300
39,93,2.5,1502525340
78,256,2.5,1502528700
477,250,3.0,1502532000
372,74,2.5,1502533380
12,45,2.5,1502535240
319,40,3.0,1502541000
350,156,1.5,1502542320
20,81,2.5,1502545680
426,216,4.0,1502546940
136,251,2.5,1502548980
21,197,4.0,1502557380
158,103,3.0,1502561400
421,151,4.5,1502566320
470,279,2.5,1502569740
405,3,2.5,1502569920
68,198,2.0,1502577660
89,60,3.0,1502583060
440,207,2.0,1502605320
479,165,2.0,1502613660
22,9,3.5,1502620740
20,233,2.5,1502623560
8,251,4.0,1502627700
203,231,2.5,1502632740
186,226,5.0,1502633640
433,127,2.0,1502644200
116,70,2.5,1502647620
374,172,4.5,1502648760
325,182,4.0,1502649840
363,65,3.0,1502654280
366,38,3.5,1502658960
329,145,4.5,1502671500
215,51,4.5,1502671680
401,222,3.0,1502671740
16,222,3.5,1502672400
169,148,3.0,1502672700
62,272,3.0,1502675280
248,182,3.0,1502677920
174,299,5.0,1502687460
419,47,3.5,1502692260
427,150,2.0,1502693040
143,197,5.0,1502694960
164,170,2.0,1502708340
500,70,3.0,1502708340
29,12,2.0,1502709900
229,250,3.5,1502711340
42,93,2.5,1502718300
413,70,3.0,1502718600
226,35,2.0,1502722920
291,129,3.5,1502728020
466,147,4.0,1502742300
259,64,3.5,1502742840
21,57,3.0,1502743620
243,250,3.0,1502744580
273,258,3.5,1502748600
378,67,2.5,1502749260
43,23,4.5,1502751540
447,72,2.5,1502755620
314,54,2.5,1502756160
330,284,3.5,1502765040
492,37,3.5,1502770560
79,78,3.0,1502772720
382,254,3.5,1502774280
190,294,4.0,1502774280
276,250,3.5,1502775480
210,294,3.5,1502776980
313,166,4.5,1502777580
337,205,2.5,1502778360
40,182,4.0,1502787120
483,134,4.0,1502788560
164,208,3.0,1502794440
86,38,3.0,1502796420
360,141,2.0,1502800560
146,81,3.0,1502801220
295,294,4.0,1502810520
307,220,3.5,1502815320
439,105,4.0,1502820180
497,222,4.0,1502825880
81,245,2.0,1502831040
242,154,1.5,1502838300
430,290,2.5,1502843400
138,73,3.0,1502843580
2,145,3.0,1502845200
269,256,2.0,1502846220
192,231,3.5,1502854560
466,222,4.0,1502861100
156,47,4.0,1502861760
419,70,4.5,1502879880
372,300,4.0,1502885340
382,27,2.0,1502890020
59,73,4.0,1502895240
149,286,1.5,1502896740
150,243,4.0,1502901720
172,24,2.5,1502903160
360,31,1.5,1502914320
70,251,3.5,1502914740
334,250,2.5,1502914800
331,60,3.5,1502915220
290,145,2.5,1502918640
452,229,4.5,1502921880
420,170,2.0,1502930520
493,288,1.5,1502932080
416,222,3.0,1502940840
340,249,3.5,1502950140
74,208,2.0,1502951580
21,81,2.5,1502952960
280,229,4.0,1502959860
258,34,3.5,1502961720
343,262,3.0,1502962080
264,180,3.0,1502965440
324,203,5.0,1502971140
356,14,4.5,1502972340
244,150,2.5,1502980020
184,152,2.0,1502980140
244,171,1.0,1502986740
486,279,4.0,1502988300
253,44,2.5,1502994420
176,198,1.5,1502999400
124,207,1.0,1503003660
240,264,4.5,1503006420
359,163,4.0,1503007140
429,30,4.5,1503011280
303,208,3.0,1503020340
78,245,2.0,1503024720
324,82,4.0,1503033120
363,280,2.0,1503036780
266,128,4.0,1503045960
18,300,4.5,1503046740
37,58,4.0,1503048240
384,299,3.0,1503049920
457,138,4.5,1503053100
494,121,4.5,1503054840
209,2,2.5,1503055380
80,59,3.5,1503062880
496,17,2.5,1503063600
431,97,3.5,1503066840
351,17,3.0,1503067320
244,193,3.5,1503067500
45,216,4.5,1503071940
211,250,3.0,1503077160
189,282,4.5,1503081720
55,65,3.5,1503081720
370,217,3.5,1503082380
177,240,5.0,1503085440
166,273,1.5,1503088260
103,215,5.0,1503094860
432,231,3.5,1503098460
391,277,3.5,1503105300
226,54,4.0,1503112140
109,219,2.5,1503115080
245,156,1.5,1503121560
437,236,3.0,1503121560
285,284,4.5,1503121860
461,235,4.0,1503128700
188,103,3.5,1503147540
315,14,3.5,1503148020
285,299,2.0,1503159540
7,10,3.5,1503160140
366,139,2.5,1503164880
130,257,3.0,1503183720
37,251,4.0,1503192600
431,47,1.5,1503197820
199,176,3.5,1503203520
431,183,1.5,1503214260
116,156,3.0,1503214320
98,166,4.5,1503224880
386,103,2.5,1503228960
387,172,4.5,1503230280
301,11,2.5,1503241080
231,229,4.0,1503242760
108,21,3.5,1503246180
383,14,4.5,1503248640
348,294,4.0,1503257100
107,36,2.0,1503258060
203,203,3.0,1503265080
33,162,2.5,1503274980
251,60,3.0,1503277800
366,220,4.5,1503278040
304,299,3.5,1503282180
497,294,4.0,1503285240
250,269,2.5,1503295020
327,251,2.5,1503295440
463,150,1.0,1503297720
87,47,4.0,1503298620
100,121,3.5,1503303720
170,64,3.0,1503305880
33,221,3.5,1503306900
24,221,2.5,1503315660
94,185,4.0,1503320580
298,134,4.5,1503334320
203,157,2.5,1503336900
301,183,2.0,1503337200
62,120,4.0,1503339000
447,250,4.0,1503341100
106,137,4.0,1503347580
406,276,2.0,1503350160
326,101,2.5,1503352380
409,196,4.5,1503364620
438,156,2.0,1503364860
287,190,3.5,1503372660
206,133,2.5,1503374340
404,199,4.5,1503375060
411,26,4.0,1503375780
344,184,2.0,1503380520
413,127,2.5,1503381540
467,296,4.0,1503383580
392,72,2.0,1503386580
328,132,4.5,1503396000
76,182,3.5,1503399180
142,300,3.5,1503399180
46,245,4.0,1503400380
275,93,2.0,1503402480
12,241,3.5,1503409740
373,165,3.5,1503414420
195,281,4.5,1503414660
483,13,5.0,1503415020
349,269,3.5,1503417780
399,43,3.0,1503423780
181,127,2.5,1503431280
15,171,2.0,1503432000
406,137,2.5,1503437220
353,299,2.0,1503442140
462,225,1.5,1503445560
312,146,3.0,1503447780
233,272,2.5,1503450060
205,60,3.0,1503458220
18,263,5.0,1503466260
96,6,3.5,1503467760
280,82,3.5,1503474180
398,237,3.0,1503479520
469,233,2.0,1503480900
293,77,1.0,1503485580
78,210,2.5,1503486960
396,211,2.5,1503487380
250,37,3.0,1503494520
349,300,3.5,1503497640
413,72,1.5,1503501060
223,105,4.0,1503501120
361,245,3.5,1503501600
238,51,4.5,1503505620
273,14,3.5,1503506220
278,154,1.5,1503509220
346,48,2.5,1503514560
231,231,2.5,1503523800
449,251,4.0,1503524820
17,37,3.0,1503528360
244,138,4.5,1503529860
302,275,1.0,1503534660
376,147,3.0,1503540780
75,253,2.5,1503544020
293,172,3.0,1503550800
204,145,4.5,1503557700
470,110,1.5,1503560460
144,294,3.0,1503569580
264,203,3.5,1503571740
124,123,5.0,1503574980
191,129,2.5,1503576000
67,51,3.0,1503577440
394,243,3.0,1503584700
216,176,3.0,1503586860
155,185,3.5,1503598620
43,109,4.0,1503620700
456,211,3.0,1503623340
45,269,2.5,1503623700
50,217,3.5,1503626700
126,212,4.5,1503629340
179,103,4.5,1503637260
99,67,3.5,1503642420
30,240,4.0,1503644700
280,134,3.0,1503660240
117,291,2.5,1503662880
332,290,2.5,1503666060
88,64,4.0,1503667200
377,256,4.5,1503667800
64,300,4.0,1503675600
32,90,2.5,1503677220
88,24,3.5,1503678000
343,168,2.5,1503688620
235,214,3.5,1503695040
444,275,2.0,1503695580
311,60,2.0,1503696120
424,80,3.5,1503696900
232,71,4.5,1503698520
421,282,4.0,1503699600
437,251,4.0,1503707940
424,70,3.5,1503708720
24,213,5.0,1503708780
364,288,2.0,1503711780
60,168,2.5,1503715320
486,199,3.0,1503717840
45,3,2.0,1503722940
226,222,5.0,1503724380
110,47,3.0,1503747240
380,160,2.5,1503751980
104,72,3.0,1503759300
164,1,3.0,1503761760
63,118,3.5,1503764700
30,165,4.5,1503766380
486,228,3.5,1503767580
57,215,3.5,1503769140
54,138,3.5,1503770760
216,173,3.5,1503778560
56,27,3.5,1503780780
114,281,3.0,1503781320
245,166,4.0,1503785220
209,265,2.5,1503788700
174,35,3.5,1503793260
432,67,2.5,1503807660
125,24,5.0,1503808500
19,284,4.0,1503809340
83,277,1.5,1503810780
400,24,3.5,1503812100
287,94,3.5,1503821220
305,248,1.0,1503826500
204,5,3.5,1503832260
367,242,4.5,1503836100
66,222,4.5,1503843180
106,98,4.0,1503843660
159,253,3.0,1503850380
398,280,2.0,1503854160
468,229,4.5,1503856260
411,187,3.0,1503863940
342,163,1.5,1503864660
83,174,2.5,1503871380
178,118,2.5,1503872640
291,138,3.5,1503876960
474,4,3.5,1503878640
139,10,2.5,1503887820
432,70,2.5,1503897780
265,136,4.0,1503899760
453,170,2.0,1503902100
128,215,3.5,1503902280
343,211,4.0,1503903780
311,101,3.0,1503905400
201,134,5.0,1503907320
324,7,4.5,1503909120
458,152,4.0,1503913440
459,173,4.5,1503921240
227,121,3.5,1503934680
483,119,3.5,1503940440
381,208,3.5,1503943260
18,232,3.0,1503950220
425,136,3.5,1503957540
441,254,2.5,1503960600
90,120,4.0,1503962280
136,197,3.5,1503962460
101,14,4.0,1503973440
106,24,4.0,1503974100
443,154,3.0,1503987720
311,233,1.5,1503988320
395,172,5.0,1503990960
336,254,3.5,1504000020
287,176,3.5,1504000200
496,296,2.5,1504003320
487,64,4.0,1504003380
325,36,4.5,1504009260
71,48,3.0,1504010040
53,66,3.5,1504016940
478,59,4.0,1504021200
324,21,5.0,1504022100
15,40,3.0,1504031760
407,221,3.0,1504032600
166,249,3.0,1504041360
356,258,5.0,1504045560
11,185,3.5,1504045740
427,182,3.5,1504047300
4,176,3.0,1504050060
79,173,4.0,1504065960
376,175,2.5,1504068000
76,289,3.0,1504079760
417,289,3.0,1504083420
255,173,2.5,1504086840
359,65,3.5,1504089960
166,2,1.5,1504090080
386,42,2.5,1504094640
381,55,3.0,1504113780
40,55,3.0,1504114440
293,134,3.5,1504120980
381,300,4.5,1504121640
238,229,4.0,1504125060
338,101,3.5,1504126620
340,267,3.5,1504126620
172,235,4.0,1504126980
182,85,5.0,1504136820
61,172,4.0,1504146300
249,276,2.0,1504152000
161,173,4.0,1504158060
230,251,3.0,1504158360
2,152,4.0,1504159380
211,178,2.5,1504161540
183,174,3.5,1504169580
135,5,2.0,1504176840
146,129,3.0,1504177500
434,73,3.5,1504178400
352,68,4.0,1504181700
28,226,3.5,1504181700
347,58,3.5,1504191180
166,65,2.5,1504191840
81,125,3.0,1504210080
307,231,3.5,1504215360
494,71,4.0,1504223880
173,103,3.0,1504224000
58,235,5.0,1504224360
349,74,2.0,1504231140
139,83,2.5,1504238820
5,133,3.0,1504249680
58,139,2.5,1504258140
391,194,4.0,1504268460
458,254,2.5,1504271760
412,231,5.0,1504272060
196,105,2.5,1504274820
369,45,2.5,1504280640
304,66,2.5,1504280700
309,291,1.5,1504286640
342,151,4.5,1504287660
128,151,3.0,1504292040
88,79,3.5,1504295160
423,197,5.0,1504297860
478,118,4.5,1504302480
326,147,3.0,1504303620
53,93,4.5,1504312200
178,28,4.0,1504312440
41,279,4.0,1504313220
444,256,3.0,1504317540
104,273,4.0,1504327920
227,279,4.0,1504332480
156,65,4.5,1504339680
275,170,3.0,1504342080
99,89,3.5,1504345140
206,182,4.0,1504347240
444,217,4.0,1504347480
250,29,1.5,1504352700
106,205,2.5,1504353660
470,150,1.5,1504359780
162,60,4.0,1504362600
58,184,3.5,1504371720
282,3,2.0,1504378800
239,68,2.0,1504379820
151,289,2.5,1504385520
475,129,3.5,1504386240
252,263,4.0,1504392000
225,136,3.0,1504393200
301,118,1.5,1504395360
24,155,2.0,1504396260
19,253,2.5,1504397940
169,51,4.5,1504398300
190,173,4.0,1504403280
81,216,5.0,1504417020
364,227,3.0,1504421220
283,226,3.0,1504424160
176,248,1.5,1504425300
280,172,5.0,1504429320
324,183,4.5,1504430520
161,55,3.0,1504438200
302,37,2.0,1504438860
378,160,2.0,1504438980
238,36,3.5,1504444620
173,278,3.0,1504445340
92,197,5.0,1504451820
356,10,5.0,1504454880
300,8,3.5,1504455360
169,231,4.0,1504461480
117,255,3.5,1504465980
11,156,3.0,1504471740
130,203,1.5,1504474920
228,48,2.5,1504476360
334,175,2.5,1504476600
127,145,2.5,1504481100
487,217,4.0,1504494120
195,200,3.0,1504495920
58,262,4.0,1504506300
268,70,3.5,1504512240
260,178,4.0,1504515660
441,270,3.0,1504515900
224,85,4.5,1504519140
296,275,0.5,1504523760
361,42,2.5,1504529820
249,82,3.0,1504546140
115,103,2.0,1504549200
204,159,4.0,1504558860
35,10,2.5,1504559880
193,151,3.5,1504565760
145,3,2.5,1504567140
483,4,5.0,1504567680
19,275,0.5,1504567980
473,150,2.5,1504570020
486,73,3.0,1504570380
455,38,5.0,1504577880
456,172,4.0,1504578180
54,52,3.0,1504585380
397,83,2.0,1504589940
229,47,2.0,1504592820
104,109,4.0,1504606860
343,198,3.5,1504616760
339,170,2.0,1504624200
172,197,3.5,1504630440
206,150,3.0,1504630800
91,26,4.0,1504633080
445,299,2.0,1504635180
305,269,3.5,1504636320
462,280,2.0,1504637400
135,195,0.5,1504647960
443,195,2.5,1504649940
450,237,4.0,1504652460
61,24,3.0,1504653840
293,253,1.5,1504656540
383,250,2.5,1504674480
188,275,2.5,1504681380
133,263,4.5,1504687200
355,248,3.0,1504689060
82,147,2.5,1504701840
157,73,5.0,1504706640
244,94,3.5,1504707240
279,64,3.5,1504711320
474,40,2.0,1504713420
309,180,3.5,1504714260
411,290,3.0,1504714440
377,94,4.0,1504715400
84,101,1.5,1504716420
432,64,3.0,1504717980
255,197,4.0,1504721760
150,262,4.5,1504722720
222,137,3.0,1504732620
257,94,4.5,1504733160
410,169,3.5,1504733160
461,294,3.5,1504739280
355,103,3.0,1504745220
134,267,3.5,1504746000
48,283,3.5,1504762020
324,193,5.0,1504763880
91,220,4.0,1504766880
223,175,2.5,1504768800
99,284,4.0,1504771380
321,185,3.5,1504771440
441,220,3.0,1504773420
447,235,4.0,1504778100
23,182,3.5,1504778700
267,170,2.5,1504781940
279,139,2.5,1504783020
181,259,0.5,1504786080
404,213,5.0,1504787460
360,216,2.0,1504793040
34,49,4.0,1504814220
252,95,2.0,1504815000
493,34,2.0,1504822380
53,121,4.0,1504828500
317,182,3.5,1504835880
479,291,2.5,1504842000
110,275,1.5,1504848660
275,172,3.5,1504864020
55,15,3.0,1504866240
235,60,1.5,1504875600
149,201,2.5,1504875600
429,208,2.5,1504883460
345,151,2.5,1504885380
448,203,2.5,1504898160
109,45,1.5,1504898220
409,106,4.0,1504902000
185,45,2.0,1504905180
67,94,3.5,1504905300
17,193,4.0,1504905600
222,217,2.5,1504907940
326,106,3.0,1504908780
300,290,2.5,1504910460
212,129,2.0,1504915500
99,233,2.0,1504923960
9,35,1.5,1504931520
178,98,3.5,1504942620
149,82,3.0,1504945320
163,297,3.0,1504948200
63,64,3.5,1504949040
314,169,2.5,1504952460
384,118,3.0,1504956720
124,18,3.0,1504958700
294,40,4.0,1504963800
198,154,2.5,1504965600
274,244,2.5,1504967820
88,108,4.0,1504972740
253,60,2.0,1504981860
269,235,3.5,1504983900
396,15,2.5,1504985760
441,24,4.0,1504996740
412,127,3.5,1505004240
108,168,2.5,1505004300
3,193,5.0,1505005080
144,78,2.0,1505013840
225,145,4.0,1505014020
272,251,3.5,1505014080
204,38,3.5,1505015580
405,163,2.5,1505015700
166,146,4.0,1505016480
13,94,2.0,1505020500
264,153,3.5,1505022180
220,83,2.5,1505024460
486,223,3.5,1505028000
154,60,1.5,1505032800
379,220,3.5,1505032800
309,153,4.0,1505034660
201,262,4.0,1505034780
75,258,3.0,1505052540
241,19,3.0,1505059140
50,178,3.5,1505069100
424,44,3.0,1505071200
28,120,3.5,1505073900
394,254,2.0,1505074980
251,129,3.5,1505078460
99,41,2.5,1505081280
28,154,2.0,1505087820
265,247,4.0,1505088780
277,269,3.0,1505092740
218,278,3.5,1505097360
497,14,4.0,1505098920
430,51,3.0,1505103000
235,269,2.5,1505109240
295,95,3.0,1505110140
111,47,2.5,1505113020
206,206,4.5,1505123760
219,255,3.0,1505130420
324,49,4.5,1505131920
410,73,2.5,1505137740
184,233,2.5,1505140140
266,262,4.0,1505140800
339,165,3.0,1505141460
277,132,3.0,1505146740
482,77,3.0,1505146800
222,186,2.5,1505147340
329,85,4.5,1505148960
472,296,5.0,1505150760
346,244,2.5,1505155920
87,60,3.0,1505161800
472,132,5.0,1505162040
236,150,1.5,1505168580
303,189,3.5,1505169960
284,217,3.5,1505176080
195,137,3.5,1505180880
428,48,1.0,1505181600
371,170,2.5,1505183340
358,137,4.0,1505187120
204,182,4.0,1505189100
160,240,3.0,1505191320
164,177,2.0,1505194200
438,257,3.0,1505201640
451,93,2.5,1505205000
364,289,2.5,1505211900
398,64,3.5,1505221800
193,217,3.0,1505222280
78,119,1.5,1505222520
315,51,4.0,1505224440
82,197,4.5,1505228460
275,217,3.5,1505236800
289,258,4.0,1505247180
263,101,3.5,1505252400
484,137,4.0,1505252760
419,245,5.0,1505256180
217,101,3.5,1505257260
115,53,3.0,1505265960
302,72,0.5,1505266200
439,52,4.0,1505268900
38,222,3.5,1505274720
300,58,3.5,1505276580
434,221,2.5,1505279340
250,271,1.5,1505284380
401,95,2.5,1505286720
368,14,4.5,1505286720
466,105,3.0,1505288280
89,56,5.0,1505307300
37,172,3.5,1505317860
300,197,4.5,1505318280
214,94,3.0,1505335860
295,201,2.5,1505336100
256,51,3.0,1505338320
500,187,3.5,1505353560
479,73,4.0,1505354160
470,140,2.5,1505356380
396,86,4.0,1505364120
427,290,3.0,1505375040
454,235,3.5,1505380740
346,82,3.0,1505384520
420,197,3.5,1505391900
401,217,2.5,1505395860
420,165,4.0,1505400120
356,291,4.0,1505401140
419,173,5.0,1505402400
81,70,4.5,1505403000
159,207,2.5,1505410020
255,78,3.0,1505413860
311,156,2.5,1505419680
411,32,3.0,1505432940
392,221,2.5,1505435580
193,127,1.5,1505441640
78,30,3.5,1505442240
409,222,2.0,1505445060
180,269,3.5,1505450700
364,253,2.0,1505450760
247,18,3.5,1505459640
178,73,3.0,1505464500
452,141,4.5,1505467860
390,37,3.0,1505491920
438,52,2.5,1505498580
198,137,3.5,1505500500
107,172,3.5,1505500620
180,300,3.5,1505509020
226,105,3.5,1505510280
205,150,2.0,1505510520
460,281,5.0,1505520480
93,156,2.0,1505521380
10,251,3.0,1505521740
274,207,1.5,1505527920
307,230,4.5,1505533260
140,141,3.5,1505534280
75,94,2.0,1505544780
267,38,3.0,1505548320
149,176,4.0,1505559720
13,258,3.5,1505563440
110,197,4.0,1505567880
68,132,5.0,1505570100
154,32,3.5,1505571600
361,278,4.5,1505572860
167,175,3.5,1505577360
485,48,1.5,1505582220
144,249,3.0,1505588760
259,4,4.0,1505590500
232,151,4.0,1505596200
229,159,3.5,1505598840
29,81,2.0,1505602680
458,228,3.5,1505604780
459,256,3.0,1505613840
115,230,3.5,1505614740
462,237,4.0,1505616060
399,42,1.5,1505621520
249,65,3.5,1505623020
232,194,2.5,1505649840
226,207,2.0,1505650740
173,15,3.5,1505650920
199,34,3.0,1505652000
458,37,2.5,1505655420
398,235,2.5,1505658120
406,66,2.0,1505663100
30,230,5.0,1505670600
155,178,3.0,1505670960
133,233,3.0,1505671500
346,47,1.5,1505672040
469,198,2.0,1505672640
62,275,2.0,1505673720
465,300,4.5,1505688360
58,30,4.0,1505692920
116,291,1.5,1505695860
133,78,3.0,1505703720
56,222,2.5,1505708400
104,241,4.0,1505713440
330,263,3.5,1505716680
126,88,2.5,1505719560
23,243,3.5,1505722380
375,37,4.5,1505733660
412,285,5.0,1505735040
155,275,1.0,1505738940
277,111,2.5,1505739840
308,56,3.5,1505741520
281,28,4.0,1505748720
305,27,2.0,1505749320
398,48,2.0,1505749800
7,3,3.0,1505751840
259,215,3.0,1505754900
135,150,2.0,1505758020
5,38,3.5,1505758560
306,30,3.5,1505759700
157,46,5.0,1505764740
357,253,2.0,1505772660
28,165,2.5,1505775000
342,184,3.0,1505781240
155,280,2.0,1505786040
251,231,2.5,1505787420
286,233,3.0,1505788980
325,74,2.0,1505796720
224,21,4.0,1505801640
355,295,4.0,1505801760
36,129,2.0,1505803320
237,79,5.0,1505807820
112,99,4.5,1505813400
249,280,1.5,1505818620
272,217,3.0,1505819880
233,254,3.5,1505822460
181,56,2.5,1505822520
170,284,3.0,1505831040
194,231,4.0,1505832420
437,31,2.5,1505832960
338,180,2.5,1505839020
192,251,4.5,1505843820
355,34,4.5,1505850540
63,208,2.0,1505858040
484,207,2.0,1505860620
64,161,3.5,1505867460
403,215,4.0,1505870400
305,79,3.0,1505870820
209,182,3.5,1505875980
345,100,3.5,1505879040
226,138,4.5,1505888220
112,235,4.0,1505902500
290,235,3.5,1505904060
300,237,3.5,1505910720
172,14,4.5,1505919720
217,252,3.0,1505921700
149,134,3.0,1505927820
311,187,2.5,1505933460
419,140,5.0,1505939280
210,233,3.5,1505941860
464,150,2.0,1505949060
218,217,4.0,1505949240
467,40,3.0,1505951580
108,1,2.0,1505952600
471,52,3.0,1505957160
459,81,4.0,1505957460
167,71,5.0,1505962080
441,96,4.0,1505966280
390,47,3.0,1505970300
378,206,3.5,1505974140
246,79,4.5,1505978700
99,138,3.0,1505979660
153,219,2.5,1505986380
371,79,2.5,1505997900
92,129,3.5,1505998980
334,203,3.0,1506005460
225,226,5.0,1506006540
43,256,4.0,1506006720
49,135,4.0,1506006960
176,28,4.5,1506014340
461,210,3.5,1506014940
102,15,3.5,1506019200
458,251,4.0,1506029940
347,200,2.0,1506033660
161,101,4.0,1506033720
316,217,3.5,1506041760
236,289,2.5,1506042720
405,182,3.0,1506045780
398,51,4.0,1506047460
238,3,2.0,1506048240
451,182,3.5,1506049980
13,123,3.0,1506052140
48,233,2.0,1506054480
31,294,5.0,1506057000
427,84,5.0,1506059520
186,180,4.0,1506060120
485,245,2.0,1506063420
316,263,3.5,1506064980
289,168,4.0,1506072180
42,197,4.5,1506082320
136,107,4.5,1506083460
466,60,3.0,1506089820
327,233,2.5,1506091560
102,167,4.0,1506095820
463,155,2.5,1506104400
279,264,3.5,1506104820
294,184,3.0,1506110340
275,147,3.0,1506111360
265,52,4.0,1506111480
306,138,4.0,1506120240
464,112,3.5,1506130380
228,271,3.0,1506130740
37,275,0.5,1506132000
450,300,3.5,1506137640
123,269,4.0,1506143640
140,145,4.0,1506150420
96,137,4.0,1506154380
77,254,2.5,1506165540
138,84,3.5,1506166500
193,55,1.0,1506172980
453,218,3.0,1506173640
292,63,3.5,1506177060
48,173,5.0,1506177540
417,132,5.0,1506177780
305,66,2.0,1506183420
22,33,3.5,1506187800
319,203,3.5,1506195900
126,208,2.5,1506200460
479,245,1.0,1506200880
117,106,3.0,1506205200
110,269,5.0,1506210660
371,200,2.5,1506224760
364,243,4.0,1506234180
431,244,3.5,1506235920
347,178,3.0,1506241980
146,174,3.0,1506249300
408,28,5.0,1506249420
163,137,3.5,1506250440
69,34,4.0,1506252420
383,37,3.0,1506253440
192,189,3.5,1506256980
176,109,3.5,1506259980
348,42,3.0,1506260580
159,188,5.0,1506266700
443,283,3.0,1506272100
16,63,4.0,1506273120
236,85,4.0,1506281820
439,103,3.0,1506287280
193,78,2.0,1506307140
67,56,3.0,1506309840
452,36,4.0,1506310800
65,78,3.0,1506315900
211,169,2.5,1506316020
380,130,1.5,1506322500
38,101,3.0,1506327900
222,194,1.5,1506334140
7,171,1.5,1506345540
243,193,3.0,1506345960
218,36,4.0,1506352140
54,158,3.0,1506352680
128,254,3.5,1506353220
24,35,1.5,1506353280
332,14,4.0,1506355500
35,4,3.5,1506358740
47,300,3.5,1506364620
482,134,4.5,1506365820
217,14,3.5,1506381480
39,175,2.5,1506381840
487,275,1.5,1506382260
491,123,5.0,1506384540
358,121,4.5,1506402000
133,213,3.5,1506402300
235,294,3.0,1506404160
334,101,2.0,1506409080
10,71,4.0,1506413100
482,64,4.0,1506421200
353,173,4.0,1506425940
488,293,2.5,1506428520
254,128,3.5,1506429960
350,170,2.5,1506436200
160,264,5.0,1506439020
39,24,3.0,1506455460
175,129,3.5,1506464820
235,279,2.5,1506468180
458,253,2.5,1506471900
260,56,4.5,1506477240
241,17,1.5,1506478560
448,299,3.5,1506481860
122,9,4.0,1506483180
404,134,4.5,1506485400
473,270,2.5,1506487560
239,63,2.5,1506487560
179,154,4.5,1506487560
216,235,3.0,1506493200
359,238,4.0,1506493800
71,18,3.5,1506498120
205,245,3.5,1506498180
264,256,3.0,1506504780
226,252,4.5,1506509400
498,264,4.0,1506511740
471,297,3.0,1506512820
102,175,3.5,1506514620
477,157,2.5,1506518460
241,237,2.5,1506518640
396,299,2.5,1506522720
142,211,2.5,1506523320
436,64,3.0,1506523680
304,14,3.0,1506525300
441,269,4.5,1506526560
96,275,1.0,1506538440
183,150,2.5,1506544140
301,250,2.5,1506548940
426,107,3.5,1506549180
50,73,2.5,1506549180
350,243,4.0,1506555780
405,243,3.5,1506558840
271,241,3.0,1506565440
162,299,4.0,1506569520
240,129,3.0,1506569880
178,156,2.5,1506576060
203,175,2.0,1506578880
190,222,3.0,1506579060
455,264,4.5,1506583920
460,79,3.5,1506587760
480,37,2.5,1506594300
437,146,3.0,1506594600
395,138,4.5,1506596340
144,208,2.5,1506602160
336,206,5.0,1506604020
217,96,4.5,1506607020
345,65,3.0,1506612240
296,253,2.5,1506615480
191,193,3.5,1506615660
195,279,2.0,1506625800
191,243,3.0,1506626160
489,245,4.5,1506630600
447,121,4.0,1506633720
301,284,3.0,1506637440
494,279,2.5,1506639000
24,157,2.5,1506639420
341,89,3.5,1506639660
250,170,1.5,1506656520
387,230,4.5,1506660900
442,252,4.0,1506674280
186,240,3.0,1506677160
315,157,3.0,1506681300
465,245,3.5,1506688500
422,94,4.0,1506701820
474,258,3.0,1506702900
140,284,3.0,1506704220
102,178,3.0,1506708660
261,186,2.5,1506717420
86,55,3.0,1506719640
375,264,3.5,1506727140
466,290,2.5,1506727620
425,72,2.0,1506730800
182,134,4.0,1506731040
62,65,3.5,1506732840
324,48,4.5,1506744120
477,244,2.5,1506753360
197,263,4.5,1506753780
329,63,3.5,1506759540
147,154,3.5,1506763020
134,14,3.5,1506764820
226,240,3.0,1506773280
430,251,3.5,1506781320
338,10,3.5,1506783480
138,182,5.0,1506787080
243,194,2.0,1506790500
405,63,3.0,1506793740
83,236,1.5,1506795900
399,227,2.5,1506796440
323,280,1.5,1506800040
375,36,3.5,1506808680
98,73,3.5,1506808980
305,1,2.5,1506817920
1,256,2.5,1506819360
214,220,2.0,1506821460
287,48,4.0,1506826020
283,80,1.5,1506846060
7,24,3.5,1506853920
307,101,2.5,1506857400
179,65,5.0,1506865020
30,185,5.0,1506866340
322,47,4.0,1506866400
243,40,3.5,1506866760
482,83,3.5,1506867480
74,3,2.5,1506868080
34,2,1.5,1506871260
184,39,4.0,1506875280
332,245,3.0,1506880560
70,24,3.5,1506886020
60,24,4.0,1506888360
103,14,3.0,1506892080
56,28,5.0,1506892320
342,8,2.5,1506896700
201,138,3.5,1506905760
156,93,4.0,1506912540
115,13,4.0,1506913200
280,10,4.5,1506915600
431,264,3.0,1506919740
376,71,4.0,1506919800
360,245,1.5,1506922320
10,18,2.0,1506926580
44,171,2.0,1506927840
276,192,4.0,1506928380
271,200,2.5,1506928980
416,220,4.5,1506938880
182,14,4.0,1506946140
419,174,3.5,1506954480
186,65,3.0,1506956040
87,96,5.0,1506956760
261,222,3.0,1506958020
451,136,2.0,1506958140
332,18,2.5,1506960180
290,127,2.0,1506960900
37,70,3.5,1506962400
363,94,2.5,1506974100
248,73,3.0,1506996000
139,187,3.5,1506996420
480,210,3.5,1507006140
438,60,1.5,1507015980
252,226,3.5,1507018440
21,129,2.5,1507022280
396,70,2.0,1507034460
3,237,3.5,1507034520
453,66,3.5,1507038840
198,269,4.5,1507040640
105,222,3.0,1507043100
60,47,3.0,1507057980
73,58,4.0,1507061160
489,38,4.0,1507067160
82,103,3.5,1507069320
356,101,4.0,1507070640
323,184,2.5,1507076700
350,157,2.5,1507079880
134,300,4.5,1507085460
169,221,4.0,1507088520
267,217,2.5,1507091280
489,196,4.5,1507100460
323,251,2.0,1507101180
196,35,2.0,1507101480
109,176,2.0,1507108680
236,185,3.5,1507110840
218,284,4.5,1507116900
328,123,4.5,1507119720
64,250,4.5,1507122840
465,9,4.5,1507124940
412,14,4.0,1507138800
96,157,2.5,1507143240
471,172,5.0,1507144920
401,73,3.0,1507145040
283,106,3.5,1507145100
261,47,2.5,1507150560
107,240,2.5,1507152600
90,200,2.5,1507153560
130,183,3.0,1507161360
439,230,4.0,1507164240
323,66,2.5,1507167600
267,275,1.0,1507183320
81,248,2.0,1507191540
302,258,1.0,1507194000
350,245,2.5,1507194480
150,152,3.0,1507206480
391,230,5.0,1507207500
66,296,4.5,1507210320
332,227,2.0,1507213500
287,284,5.0,1507215480
262,294,4.0,1507218900
412,230,4.0,1507223700
388,250,2.0,1507225740
112,165,3.5,1507231260
312,13,4.0,1507231500
478,294,4.0,1507243620
171,14,3.5,1507244700
205,73,2.0,1507247040
133,14,3.0,1507249860
407,300,3.5,1507255440
24,183,2.5,1507262820
4,150,3.5,1507265160
189,164,4.5,1507278240
475,82,3.5,1507278840
426,36,4.0,1507287240
433,134,3.0,1507289820
44,203,3.0,1507302180
148,195,2.5,1507302840
271,54,3.5,1507307220
427,173,3.5,1507309920
436,78,2.5,1507311120
180,173,4.5,1507317240
315,254,3.0,1507320840
232,145,3.5,1507321500
100,15,2.5,1507327080
391,208,3.5,1507330260
134,197,4.5,1507332480
204,74,3.0,1507336140
22,131,3.5,1507337460
306,151,2.5,1507349040
306,24,3.5,1507353780
363,253,3.0,1507355940
152,21,3.5,1507357260
40,82,4.0,1507366860
195,256,2.5,1507369680
198,92,3.5,1507369920
250,289,2.5,1507371420
455,147,4.5,1507372800
205,284,3.0,1507375200
19,259,1.5,1507376100
263,38,3.5,1507377600
58,171,2.5,1507380840
399,290,2.5,1507386180
254,47,3.0,1507386540
279,243,3.5,1507391340
81,213,4.5,1507393440
267,103,2.5,1507393860
399,170,2.5,1507401960
446,196,5.0,1507402860
442,273,2.5,1507417920
208,261,3.5,1507422300
252,289,2.0,1507426260
328,207,2.0,1507436100
70,35,2.0,1507441320
27,270,4.0,1507447500
242,160,1.5,1507449360
301,101,2.0,1507449720
143,73,5.0,1507451520
300,65,3.5,1507453500
124,13,4.5,1507461120
458,213,5.0,1507467600
6,55,2.0,1507468980
429,275,0.5,1507472460
484,256,3.0,1507473240
394,175,3.0,1507474860
271,279,2.5,1507475280
208,121,4.5,1507485360
161,23,2.5,1507487760
118,119,3.0,1507495800
32,56,1.5,1507499640
439,262,3.5,1507501980
27,253,2.5,1507502940
263,165,3.0,1507504260
191,85,4.5,1507504500
86,216,4.0,1507504920
436,35,1.0,1507517700
4,101,3.5,1507520160
240,235,3.5,1507522500
462,250,3.5,1507526640
68,231,2.0,1507533060
477,79,1.5,1507538820
404,197,5.0,1507549800
47,218,5.0,1507552620
132,78,3.0,1507554240
263,217,3.5,1507559160
314,195,2.5,1507566540
377,139,3.5,1507574340
315,66,2.5,1507580880
275,101,3.0,1507582380
286,180,2.5,1507584420
500,238,4.5,1507585080
34,70,2.0,1507590180
299,206,4.5,1507591680
479,47,2.5,1507595160
384,137,4.0,1507596360
100,88,1.5,1507597740
155,282,3.0,1507603740
273,152,3.5,1507605240
315,107,3.0,1507612620
342,159,4.0,1507615680
100,64,3.0,1507617180
227,40,4.0,1507622220
308,71,4.0,1507625340
480,64,4.5,1507629660
45,21,3.0,1507640400
488,129,3.0,1507645680
113,171,2.0,1507657860
470,78,2.0,1507658880
50,51,4.5,1507665060
87,207,3.0,1507667220
113,235,3.5,1507668600
78,277,1.0,1507673700
384,180,4.0,1507677120
85,156,3.0,1507683000
127,172,5.0,1507689180
181,1,2.0,1507690740
16,36,4.5,1507707000
385,221,2.5,1507707840
317,251,3.0,1507711560
435,231,2.0,1507719300
231,141,4.5,1507724400
345,134,3.0,1507725900
85,289,2.0,1507735080
329,41,3.5,1507745220
18,245,3.5,1507750560
306,282,3.0,1507756560
246,203,2.0,1507758000
471,284,3.5,1507759380
171,269,3.5,1507760880
479,129,3.5,1507766940
48,157,2.5,1507771560
98,256,3.5,1507774980
240,187,4.0,1507775940
164,173,4.0,1507780860
52,284,5.0,1507783740
171,173,3.5,1507792380
377,229,5.0,1507797660
213,163,3.5,1507802760
431,122,4.0,1507804200
157,15,3.5,1507806660
281,64,3.5,1507813200
16,253,3.0,1507829820
363,254,3.0,1507833240
434,143,3.0,1507834080
470,293,2.0,1507835820
468,284,2.5,1507837620
16,127,3.0,1507838400
388,193,4.0,1507849260
4,51,4.0,1507852500
326,244,2.5,1507855740
233,249,4.0,1507861500
181,240,2.5,1507865220
465,290,3.0,1507868400
93,110,1.0,1507874700
404,57,3.5,1507876140
446,51,4.5,1507878000
374,203,3.5,1507883340
384,145,2.0,1507883460
468,289,3.5,1507887780
118,183,3.0,1507889580
415,220,4.0,1507897020
322,208,2.0,1507899240
133,255,3.5,1507899600
240,217,3.5,1507903620
300,217,4.0,1507905000
144,182,4.5,1507907220
196,116,2.0,1507908840
219,182,3.5,1507910940
364,135,4.0,1507915440
421,185,4.0,1507917840
338,73,3.5,1507921680
143,38,3.0,1507926120
358,255,3.0,1507926720
177,220,4.5,1507929840
4,80,1.5,1507932300
268,213,4.5,1507932480
302,29,2.5,1507933680
256,133,1.5,1507934880
425,127,3.0,1507937640
142,172,5.0,1507943520
181,282,3.0,1507945200
4,34,4.5,1507956720
447,45,2.5,1507958520
259,269,4.0,1507965240
238,180,3.0,1507968900
237,83,3.5,1507978380
87,243,4.5,1507979880
439,256,3.5,1507985220
382,147,3.0,1507987080
291,233,3.5,1507991640
207,150,2.5,1507997820
222,264,4.0,1508000580
173,250,4.0,1508001120
70,180,2.5,1508002260
154,280,3.0,1508011200
197,71,4.5,1508013180
439,37,3.5,1508018220
178,172,4.0,1508019960
495,183,3.5,1508026380
307,172,4.0,1508026560
333,79,2.5,1508027700
363,80,2.5,1508036940
324,279,4.0,1508052120
470,17,2.0,1508053620
34,208,1.5,1508057580
305,3,2.0,1508067060
469,277,2.0,1508074320
469,76,4.0,1508078640
63,134,3.0,1508078760
178,231,3.0,1508084460
126,294,4.5,1508097360
262,81,3.0,1508098440
66,133,3.5,1508102760
418,171,1.5,1508123340
33,52,3.5,1508125080
256,105,2.0,1508128920
47,197,4.5,1508136480
87,28,4.5,1508136840
233,48,3.0,1508140140
77,179,2.0,1508141760
332,291,2.0,1508159400
83,269,1.5,1508162760
353,203,2.5,1508166900
395,84,4.0,1508170200
443,141,4.5,1508177400
431,185,2.5,1508178420
100,26,2.5,1508180220
284,258,2.0,1508186460
329,260,4.0,1508190420
362,105,3.0,1508191500
313,173,4.5,1508194080
235,299,2.5,1508198760
124,105,3.5,1508211480
426,251,4.0,1508215200
107,251,3.0,1508215860
192,64,4.0,1508218260
198,40,3.0,1508220960
175,103,2.5,1508224260
55,275,1.5,1508224560
50,156,2.0,1508224740
479,244,1.5,1508225220
101,270,3.5,1508225640
26,230,4.0,1508235720
263,70,4.0,1508238600
307,126,2.5,1508248080
9,289,2.5,1508251140
269,97,4.0,1508259000
348,205,2.5,1508262720
6,299,2.0,1508270340
275,161,3.0,1508277120
154,275,0.5,1508280240
314,20,3.0,1508280600
185,185,5.0,1508287080
176,201,1.5,1508293080
272,266,3.0,1508297820
66,159,4.5,1508300700
444,245,3.5,1508303640
281,121,2.0,1508304120
350,275,1.0,1508308080
157,262,4.5,1508310000
417,269,4.5,1508314560
244,75,3.5,1508316900
169,210,4.5,1508316960
127,14,3.5,1508322780
366,211,3.5,1508324820
30,222,4.5,1508329860
263,27,2.5,1508330280
362,294,3.5,1508332080
147,206,3.5,1508339460
209,128,3.5,1508339820
142,219,1.5,1508342040
455,56,3.5,1508344440
204,275,2.0,1508344800
326,18,2.5,1508346720
110,71,4.0,1508348340
306,187,3.5,1508354460
14,149,2.0,1508355960
33,58,3.5,1508357700
176,53,2.5,1508361660
21,217,4.0,1508369040
431,280,1.5,1508370240
265,241,3.5,1508382000
472,150,2.5,1508385840
185,78,3.0,1508390340
335,80,2.5,1508397420
65,47,2.5,1508407560
411,251,4.0,1508413680
219,251,3.0,1508415180
416,6,4.5,1508417040
99,198,3.0,1508417640
169,58,5.0,1508420460
164,262,4.0,1508423280
344,64,3.5,1508431260
93,81,2.5,1508431560
427,66,3.5,1508433840
445,262,2.0,1508435280
383,81,4.0,1508443140
168,17,3.5,1508454900
429,1,2.5,1508457180
338,280,3.0,1508460000
5,141,4.0,1508460060
337,59,3.0,1508471880
437,282,4.5,1508477880
72,98,4.0,1508486520
145,43,4.5,1508487480
110,6,4.0,1508488500
167,300,4.0,1508493060
226,169,4.0,1508498160
414,24,3.5,1508498220
103,289,2.5,1508499900
205,208,2.5,1508502300
197,229,4.0,1508503080
342,237,3.0,1508505480
125,137,4.5,1508508600
172,10,3.5,1508512320
110,206,5.0,1508513760
486,262,3.0,1508516580
415,30,4.0,1508520720
406,262,3.5,1508527200
100,258,2.5,1508529540
250,105,2.5,1508530500
272,172,4.0,1508533620
454,259,1.5,1508539020
221,81,1.5,1508544000
193,94,3.0,1508550120
45,178,3.0,1508565660
292,231,2.0,1508583840
15,51,3.5,1508590800
36,30,2.5,1508593080
46,34,4.0,1508598120
201,207,2.5,1508599920
69,137,5.0,1508600940
132,66,3.0,1508601780
230,154,2.0,1508606460
75,64,3.5,1508607120
144,63,3.0,1508613180
158,299,2.5,1508617860
16,156,3.0,1508628600
281,60,1.0,1508629800
112,218,3.5,1508632620
423,207,2.0,1508633160
409,212,5.0,1508639040
45,138,4.0,1508644620
82,128,3.0,1508647620
143,85,5.0,1508650260
68,94,2.5,1508650860
397,276,2.0,1508663700
492,176,2.5,1508667060
132,215,3.0,1508670960
474,154,2.0,1508672160
385,243,3.5,1508673600
128,195,3.5,1508676720
54,65,3.5,1508679420
346,138,3.5,1508682360
75,57,3.0,1508686200
303,156,2.5,1508687580
382,121,5.0,1508689020
114,111,3.5,1508689740
243,244,2.0,1508691960
342,48,2.5,1508692800
432,48,2.5,1508693340
78,28,3.5,1508694060
235,289,1.5,1508695020
236,37,3.0,1508695380
467,48,3.0,1508704500
109,222,3.0,1508706180
78,289,1.0,1508709960
41,255,4.5,1508714820
430,89,3.5,1508717340
177,282,4.5,1508719500
35,30,3.0,1508726100
18,225,2.0,1508726280
85,129,3.0,1508728140
225,184,3.5,1508732760
65,14,4.0,1508740380
220,126,3.5,1508742720
395,5,3.5,1508743020
346,263,4.0,1508751900
496,289,2.0,1508752020
111,256,4.0,1508755140
355,172,5.0,1508759400
461,13,3.0,1508768220
419,269,5.0,1508769720
456,14,4.0,1508770440
57,83,3.5,1508773500
79,291,3.5,1508775660
126,278,3.5,1508778360
9,186,2.5,1508780340
64,132,3.5,1508786760
389,48,3.5,1508788560
147,267,4.0,1508788800
384,262,4.0,1508789820
255,126,3.0,1508790300
66,257,4.0,1508790480
349,45,2.0,1508797860
208,123,4.5,1508799660
17,300,4.5,1508800620
368,151,4.0,1508803500
431,139,3.0,1508807700
452,148,3.5,1508811600
46,290,2.0,1508824140
208,165,3.0,1508825460
422,152,3.5,1508825580
58,31,3.5,1508832480
271,289,1.5,1508832660
58,169,3.5,1508835180
432,245,2.0,1508846340
343,156,2.0,1508849520
360,220,2.5,1508851080
21,105,2.0,1508852700
188,154,3.0,1508857200
479,173,3.0,1508859600
466,67,4.5,1508860920
112,215,3.5,1508861340
76,4,2.5,1508862180
240,55,2.5,1508863620
436,161,1.5,1508864400
67,275,1.5,1508864400
158,63,3.0,1508865240
452,235,4.0,1508871000
221,258,3.5,1508879820
424,165,3.5,1508881680
106,34,3.5,1508884080
364,13,3.0,1508898420
318,232,3.0,1508904420
99,187,2.5,1508906160
319,154,2.0,1508907300
393,33,2.0,1508910600
32,243,4.0,1508922240
12,123,4.5,1508929380
393,288,1.5,1508935140
140,37,3.0,1508939280
308,37,4.0,1508944440
319,250,4.5,1508945460
129,40,2.5,1508945940
128,135,3.0,1508951640
130,131,1.0,1508955060
366,259,1.5,1508961060
52,226,3.5,1508962140
146,127,2.5,1508965260
436,146,2.5,1508971680
211,73,2.5,1508973480
327,21,3.0,1508976960
399,244,2.5,1508977980
400,200,3.5,1508981520
424,250,4.0,1508983320
40,195,2.5,1509018540
177,34,3.5,1509019560
425,269,5.0,1509019800
141,189,3.5,1509023100
61,221,2.5,1509026220
281,275,0.5,1509028620
303,63,3.5,1509029580
222,215,3.5,1509029940
212,9,2.5,1509036900
208,218,3.0,1509041940
147,289,3.0,1509046920
58,289,2.5,1509053460
250,285,3.5,1509053460
4,132,4.5,1509061560
102,63,3.0,1509075540
75,60,2.5,1509084420
88,208,3.5,1509087600
445,60,3.0,1509102960
367,253,4.0,1509103320
415,250,4.5,1509108120
238,202,4.5,1509109680
419,293,3.5,1509109860
261,207,2.0,1509110160
168,94,2.5,1509110280
124,14,3.5,1509115920
126,279,3.0,1509116760
36,15,1.5,1509125100
312,10,3.5,1509128460
322,231,4.5,1509137820
88,244,2.5,1509139740
465,34,3.0,1509143700
187,73,4.0,1509146460
491,251,4.0,1509147540
301,151,2.0,1509156600
11,211,3.0,1509164400
355,206,4.5,1509177540
63,222,3.0,1509185160
460,127,3.5,1509186480
425,84,4.5,1509190320
389,216,5.0,1509199500
178,243,3.5,1509199920
58,14,4.0,1509199980
179,38,5.0,1509202440
451,82,2.0,1509203160
166,200,1.5,1509212700
166,38,3.0,1509214320
297,240,2.5,1509219180
194,178,3.5,1509220920
7,84,3.0,1509227640
497,180,3.5,1509231960
466,153,3.5,1509233400
448,217,5.0,1509236100
246,70,2.0,1509256020
59,223,5.0,1509257280
179,96,5.0,1509258480
237,48,4.0,1509260880
246,60,1.5,1509270480
23,65,2.5,1509273300
165,39,4.0,1509274620
265,50,3.0,1509283800
409,290,3.0,1509284700
271,49,4.0,1509285480
404,30,3.5,1509289860
323,37,1.0,1509289860
153,294,3.0,1509294000
19,174,2.0,1509296520
184,64,4.0,1509298980
98,103,2.0,1509302400
339,240,2.5,1509304260
406,239,1.0,1509310920
410,192,4.5,1509312900
106,161,3.0,1509314940
429,240,3.0,1509319140
261,161,1.5,1509320820
483,290,4.0,1509323460
478,282,3.5,1509325980
218,73,4.0,1509330660
418,186,3.0,1509334080
260,5,3.0,1509336240
309,220,2.5,1509343920
424,36,5.0,1509350940
126,2,3.0,1509351840
271,222,3.0,1509364800
243,24,3.0,1509365760
254,3,2.5,1509368280
274,15,2.5,1509377460
418,78,2.5,1509383880
454,98,3.0,1509388620
246,211,4.0,1509391680
316,238,4.0,1509392400
356,64,5.0,1509395400
153,135,2.5,1509396660
249,101,3.0,1509404580
307,156,3.5,1509409440
495,191,5.0,1509421620
258,172,5.0,1509426540
277,235,2.5,1509428280
404,254,3.5,1509436680
164,229,3.5,1509439140
341,3,3.0,1509439860
30,134,5.0,1509440040
360,284,2.5,1509440400
449,256,3.5,1509444540
491,174,2.0,1509448200
98,212,3.0,1509450900
270,205,5.0,1509451440
238,35,1.5,1509454980
28,78,3.0,1509455280
55,57,2.5,1509457020
332,217,3.5,1509462720
95,56,3.5,1509469200
28,31,3.0,1509471900
252,235,2.5,1509477420
202,299,3.5,1509477900
279,95,3.0,1509480300
227,138,4.5,1509483600
43,101,4.5,1509483720
66,31,5.0,1509484260
363,200,2.5,1509489780
359,220,4.5,1509494340
326,173,3.0,1509499020
329,285,4.0,1509499380
383,262,4.5,1509500460
55,231,2.5,1509500880
11,296,3.5,1509503820
344,71,4.0,1509506280
478,293,3.0,1509507000
48,62,2.0,1509508440
306,174,3.5,1509515340
172,296,4.0,1509517980
204,280,4.0,1509519480
273,265,2.5,1509519540
352,86,4.5,1509522540
272,106,2.0,1509522900
290,55,2.5,1509525300
160,205,2.5,1509526080
266,300,4.0,1509531120
68,172,3.0,1509533160
317,275,1.5,1509536340
490,220,5.0,1509545400
322,248,2.5,1509546360
283,251,3.5,1509546420
47,65,3.5,1509546960
56,71,5.0,1509547920
385,53,3.5,1509548760
134,60,2.0,1509551760
299,121,3.5,1509553500
451,60,2.0,1509553560
128,35,3.0,1509556500
67,300,3.5,1509561240
445,21,2.0,1509568320
391,278,3.5,1509569400
375,174,2.5,1509574380
377,19,3.0,1509574980
271,83,3.0,1509576780
233,172,5.0,1509578220
80,240,2.0,1509579900
363,170,2.5,1509582540
152,229,4.0,1509584160
163,64,4.0,1509586500
459,197,4.5,1509586860
58,58,3.0,1509590280
400,30,5.0,1509599040
338,184,3.0,1509601440
375,84,3.0,1509602880
265,264,4.5,1509603660
47,151,3.5,1509607680
320,221,2.5,1509607680
272,200,1.5,1509609780
1,15,3.0,1509614040
214,84,3.5,1509616680
500,194,4.0,1509621240
152,294,4.5,1509621960
479,222,2.5,1509623460
396,262,2.0,1509623940
182,60,3.5,1509625140
408,1,3.5,1509627000
213,134,5.0,1509632880
175,170,2.0,1509633840
109,250,3.0,1509633960
135,107,3.0,1509634680
354,237,3.0,1509639000
231,200,3.5,1509640080
498,37,3.0,1509643200
263,78,3.0,1509644460
55,186,2.5,1509648540
185,184,4.0,1509655560
111,207,2.5,1509659340
292,243,3.5,1509660300
202,93,3.5,1509670920
370,297,3.0,1509673440
468,166,4.5,1509676440
168,70,2.5,1509678480
175,284,4.0,1509679440
173,290,3.0,1509679500
314,21,2.5,1509685200
347,96,3.5,1509687600
324,300,5.0,1509693720
480,117,2.5,1509702480
346,245,3.0,1509705000
269,105,3.5,1509706800
40,202,4.5,1509709320
354,37,3.0,1509709920
464,121,3.0,1509712620
201,240,3.0,1509717480
253,203,2.0,1509717780
48,300,3.5,1509725340
409,36,5.0,1509727020
246,187,3.0,1509729600
453,294,3.0,1509732540
95,243,2.5,1509736680
25,174,3.0,1509743580
89,239,3.0,1509747300
452,236,2.5,1509755160
232,250,3.5,1509760980
349,231,3.0,1509771420
252,282,3.0,1509772620
211,156,2.0,1509784860
253,220,2.5,1509791940
140,197,3.0,1509795960
292,132,4.0,1509800640
341,137,4.5,1509801360
404,162,4.0,1509802320
488,72,2.5,1509808860
486,140,2.5,1509814860
296,109,1.5,1509816420
431,134,2.5,1509819960
136,239,2.5,1509827040
323,187,2.5,1509827820
216,135,3.0,1509828900
456,47,3.5,1509831840
241,279,3.0,1509834600
312,164,4.0,1509835200
277,197,3.0,1509841260
168,58,4.0,1509842340
278,251,4.0,1509844620
183,218,3.5,1509844680
349,263,4.0,1509846900
246,58,3.0,1509852540
142,42,2.0,1509857220
304,240,3.0,1509858900
227,65,4.0,1509861240
280,121,4.0,1509861660
204,151,4.0,1509862800
324,43,5.0,1509870480
367,164,5.0,1509878280
9,27,2.5,1509886020
369,282,4.0,1509891840
301,156,1.5,1509897420
412,88,3.5,1509897780
202,253,3.5,1509904320
98,55,3.0,1509905760
389,147,3.5,1509906660
413,65,3.5,1509910020
328,19,4.0,1509910380
275,272,2.0,1509912840
35,6,3.0,1509914280
227,13,4.5,1509921360
116,294,3.5,1509922020
314,206,3.5,1509924000
387,56,4.0,1509933000
118,175,3.5,1509935100
82,195,2.0,1509938040
386,157,3.5,1509939780
419,237,3.5,1509943620
94,65,3.0,1509944100
338,159,3.5,1509950820
132,192,4.5,1509952980
455,14,4.0,1509954240
66,18,3.0,1509954540
264,121,2.0,1509955380
399,21,3.0,1509955860
386,66,3.0,1509961680
8,14,3.0,1509962700
381,82,3.5,1509965700
3,10,4.5,1509967440
28,51,2.0,1509969000
359,64,4.0,1509969420
352,88,3.5,1509970260
22,247,1.5,1509973740
150,74,4.0,1509975480
493,260,2.5,1509976260
438,219,2.5,1509977160
111,250,3.5,1509982680
330,98,4.5,1509982740
202,120,4.5,1509983940
113,78,3.5,1509991980
333,108,3.0,1509992640
136,84,4.5,1509999360
75,279,3.5,1510017360
406,96,3.0,1510022220
25,256,3.5,1510023360
293,198,1.5,1510026240
412,215,4.0,1510026360
461,15,2.5,1510027140
320,251,4.0,1510028580
356,290,4.5,1510030260
378,174,3.5,1510032840
105,253,1.5,1510033320
116,203,3.0,1510034520
216,138,4.5,1510034520
137,289,2.0,1510036620
77,106,3.5,1510047060
103,141,3.5,1510048440
116,248,1.5,1510049280
199,13,4.0,1510049940
6,60,1.5,1510064760
203,275,0.5,1510067040
139,60,2.0,1510069620
55,73,2.5,1510071060
84,180,3.0,1510071840
471,60,3.5,1510072920
405,207,2.5,1510075320
199,240,3.0,1510080720
451,289,1.5,1510086120
82,70,2.5,1510086300
476,253,1.0,1510089420
128,14,4.0,1510093620
96,108,3.0,1510095660
290,201,1.0,1510098300
457,208,3.0,1510098420
256,215,2.5,1510099500
437,273,1.0,1510104000
55,13,4.5,1510107480
114,222,4.0,1510111620
331,203,4.0,1510112160
285,194,1.0,1510115100
194,183,4.0,1510118280
272,208,2.0,1510122300
430,164,3.5,1510122660
71,299,3.5,1510125240
257,226,3.5,1510128780
218,141,4.5,1510132500
217,10,2.5,1510133040
329,289,3.5,1510135980
410,14,2.5,1510136880
39,256,3.0,1510141680
252,279,2.5,1510143060
26,151,3.0,1510149900
458,24,3.5,1510156380
150,223,3.0,1510157940
62,13,4.0,1510161240
290,180,2.0,1510162260
427,109,3.0,1510165200
2,197,4.0,1510168080
67,103,2.5,1510169700
174,79,4.0,1510170600
31,284,4.0,1510173120
98,64,3.5,1510176660
444,110,3.0,1510179540
474,129,2.5,1510186860
387,15,3.0,1510207620
178,64,3.5,1510207980
463,250,3.5,1510208400
120,64,3.0,1510209540
401,252,2.5,1510217760
136,77,1.5,1510221660
161,275,0.5,1510222380
153,282,3.5,1510222980
328,237,4.5,1510225200
78,205,1.5,1510235700
403,206,4.0,1510236180
389,38,3.0,1510236360
353,28,4.0,1510239000
494,21,3.0,1510240260
153,293,2.0,1510242060
197,105,3.0,1510243080
202,105,2.5,1510245300
311,172,4.5,1510251180
184,194,1.0,1510255500
460,242,3.0,1510256100
272,215,3.0,1510256700
390,80,1.5,1510263480
154,28,2.5,1510266600
61,71,3.5,1510269060
111,281,4.0,1510271160
289,143,4.5,1510282200
429,138,3.5,1510283640
274,43,3.0,1510293060
140,282,3.5,1510296120
299,228,3.0,1510302900
271,88,2.5,1510303200
122,194,2.5,1510308360
476,47,1.5,1510311060
418,254,2.5,1510313460
60,208,2.5,1510316580
32,94,3.0,1510321440
157,284,5.0,1510321560
395,183,4.0,1510323960
129,250,5.0,1510325700
217,137,3.5,1510329900
96,145,2.0,1510333500
27,174,3.5,1510339200
112,294,4.0,1510344360
203,162,2.5,1510346820
31,73,3.5,1510366440
87,154,3.5,1510367940
125,236,4.0,1510368600
212,206,2.5,1510373700
432,154,3.0,1510378140
406,227,2.5,1510390080
50,261,4.0,1510392480
155,299,3.5,1510394040
457,64,4.0,1510396680
111,129,4.5,1510397640
194,200,3.5,1510398480
435,48,3.5,1510408740
41,52,4.0,1510411860
305,187,3.5,1510417560
388,175,3.0,1510418880
27,165,3.5,1510420980
58,77,2.0,1510423020
294,70,3.5,1510424040
494,240,3.5,1510429620
116,123,4.0,1510429620
370,138,4.0,1510431300
386,64,5.0,1510433340
101,268,4.0,1510435380
260,127,2.5,1510442820
287,10,4.5,1510447740
311,154,1.5,1510451280
13,101,2.0,1510452360
301,73,2.0,1510454100
485,153,1.5,1510458780
90,244,3.0,1510463880
435,23,4.0,1510465140
458,154,3.5,1510468620
326,237,2.0,1510472940
427,80,2.5,1510484820
24,14,3.0,1510491540
288,151,3.5,1510499340
200,15,3.0,1510500900
403,129,3.5,1510503660
44,146,3.5,1510504200
151,194,2.0,1510509180
466,154,2.5,1510512420
31,21,4.5,1510514580
240,172,4.5,1510516740
16,171,2.5,1510517820
321,68,1.5,1510518060
312,241,3.0,1510527060
66,282,4.5,1510527420
206,178,3.5,1510534380
171,250,3.0,1510543080
490,168,2.5,1510543860
43,176,5.0,1510549860
226,157,3.0,1510556940
381,201,3.5,1510565880
249,240,3.0,1510566360
121,269,4.5,1510576800
57,222,4.0,1510579680
460,73,3.0,1510579800
37,245,4.5,1510582260
113,55,3.5,1510582500
174,173,5.0,1510591320
400,98,5.0,1510591740
106,280,3.0,1510610040
412,106,5.0,1510610460
482,31,3.0,1510615320
116,262,2.0,1510615740
11,44,3.5,1510618860
314,76,3.0,1510624920
386,184,3.5,1510631400
199,37,2.5,1510631700
187,3,3.0,1510632600
181,207,1.5,1510636620
360,243,1.5,1510648800
265,109,3.5,1510650120
438,238,2.5,1510652760
469,47,2.5,1510654260
65,24,4.5,1510656420
41,34,3.0,1510657980
282,269,3.5,1510658580
413,176,2.5,1510663980
213,148,4.0,1510667220
405,203,3.0,1510668180
482,112,5.0,1510685880
275,251,3.0,1510687020
369,36,4.5,1510692300
77,145,3.0,1510693020
29,51,3.0,1510693620
460,245,3.0,1510698300
350,105,3.5,1510698600
399,245,3.0,1510700340
278,299,2.5,1510719480
301,251,1.5,1510722720
145,279,3.0,1510729320
203,294,2.5,1510736760
263,262,3.5,1510744740
438,207,1.0,1510746600
52,291,3.5,1510747080
470,249,3.0,1510753320
406,37,2.0,1510760880
137,14,3.0,1510764360
381,71,4.0,1510768980
213,265,4.0,1510772040
59,140,4.0,1510773720
84,269,3.5,1510773900
427,51,3.5,1510773960
97,30,2.0,1510774620
232,64,4.5,1510784880
301,164,3.0,1510785360
441,60,2.5,1510791180
189,15,2.5,1510798380
421,240,3.5,1510801140
337,294,3.0,1510805760
73,73,4.0,1510810440
320,73,4.5,1510812480
190,126,2.5,1510813020
277,189,3.0,1510819320
499,21,3.0,1510832580
130,80,1.0,1510840080
202,245,4.5,1510841820
313,64,4.0,1510857060
292,273,2.0,1510864860
394,290,2.0,1510865220
280,221,3.0,1510865700
168,195,2.5,1510870500
152,67,4.5,1510874580
230,155,2.5,1510880040
254,245,1.5,1510880220
368,171,3.0,1510885980
113,256,3.5,1510886760
415,259,3.0,1510891680
139,138,3.0,1510892640
117,208,2.0,1510893180
305,16,4.0,1510893960
86,81,3.5,1510894500
355,177,2.5,1510903680
207,104,5.0,1510908840
51,14,4.0,1510910220
93,235,2.5,1510914900
360,94,1.5,1510916940
184,40,3.0,1510925640
214,28,3.5,1510926960
322,250,3.0,1510946220
79,299,3.0,1510947420
63,137,4.0,1510948500
13,40,3.0,1510956180
12,83,3.0,1510964640
188,210,4.5,1510969200
263,47,3.5,1510978740
234,275,1.5,1510982100
309,56,3.5,1510983000
366,148,4.0,1510986540
169,272,2.5,1510990800
63,5,2.5,1510991100
326,35,1.5,1510992360
364,150,2.5,1510993380
473,283,3.0,1511002560
94,101,2.5,1511003820
8,124,4.0,1511007120
419,63,3.0,1511007300
368,173,4.5,1511011980
80,137,3.5,1511016180
251,282,4.5,1511018640
374,12,4.5,1511019660
341,146,4.0,1511022120
42,210,4.0,1511031660
85,47,4.0,1511032680
205,291,3.0,1511037420
145,230,5.0,1511051820
496,183,2.5,1511052240
406,275,0.5,1511060340
356,168,3.5,1511062740
111,81,3.0,1511062740
319,92,4.5,1511063460
141,299,2.5,1511068380
94,58,3.5,1511072760
99,251,3.5,1511075400
191,154,1.5,1511075880
449,151,3.5,1511079960
72,175,4.0,1511080380
440,120,2.5,1511088420
176,137,3.5,1511092200
141,38,2.5,1511095080
167,231,3.5,1511099820
449,109,2.5,1511100420
483,140,3.0,1511103180
18,172,5.0,1511104500
159,172,5.0,1511115720
444,60,3.0,1511117520
118,282,3.5,1511118180
212,162,3.0,1511121360
61,290,2.5,1511133900
193,154,2.0,1511146740
314,103,2.0,1511151300
185,206,4.0,1511155200
138,173,4.5,1511155980
96,186,2.5,1511156040
40,229,4.5,1511161740
184,51,3.0,1511162460
431,86,2.5,1511168460
455,6,4.0,1511169480
305,21,2.0,1511170440
292,205,2.5,1511172000
9,175,2.5,1511179800
444,5,3.5,1511183460
34,251,3.0,1511183580
203,65,2.0,1511186760
401,189,2.5,1511188980
362,289,2.5,1511189100
350,175,3.0,1511200800
246,129,5.0,1511204520
469,38,2.5,1511207460
48,138,3.0,1511212020
22,157,3.5,1511218380
403,217,4.0,1511221740
262,171,2.5,1511226960
96,175,2.0,1511228520
447,60,3.0,1511230800
126,65,3.5,1511239740
377,143,4.0,1511244360
246,82,3.5,1511245260
63,105,3.0,1511246880
313,36,4.5,1511250480
201,251,4.5,1511252460
255,37,2.0,1511254260
470,297,1.5,1511255340
334,195,1.5,1511255400
323,107,3.0,1511263560
435,95,4.0,1511264580
182,123,5.0,1511266260
150,36,4.5,1511270460
471,3,2.0,1511271120
73,106,4.5,1511274660
24,184,2.5,1511279400
215,64,4.5,1511280180
72,154,3.5,1511280600
269,262,2.5,1511282040
483,149,3.0,1511285700
433,300,3.0,1511286000
388,185,4.5,1511286900
247,203,5.0,1511293800
394,37,2.5,1511299200
157,185,5.0,1511299740
211,40,2.5,1511299860
452,300,3.0,1511302440
397,115,2.0,1511303940
146,269,4.0,1511304780
174,246,4.0,1511308560
410,147,2.5,1511308740
360,121,1.5,1511309040
472,235,4.5,1511310840
60,60,2.0,1511311500
223,63,3.0,1511317440
306,194,2.5,1511322180
105,47,2.5,1511324040
221,275,0.5,1511328240
28,17,2.0,1511341440
384,238,3.5,1511343900
364,134,3.5,1511346540
382,9,4.5,1511349300
345,24,3.0,1511358780
285,73,4.0,1511363160
99,53,3.0,1511367720
494,207,2.5,1511369640
182,193,5.0,1511370960
388,117,4.0,1511375520
73,221,3.5,1511376000
144,150,2.0,1511376840
89,129,5.0,1511380320
495,78,3.0,1511381820
15,162,3.0,1511389980
390,253,2.0,1511395260
156,187,4.5,1511398140
258,60,2.5,1511405100
26,160,2.0,1511411460
239,94,4.0,1511414160
276,180,3.0,1511421600
104,265,2.5,1511431200
399,24,3.0,1511434260
100,264,3.0,1511435400
449,51,4.5,1511443620
78,84,2.5,1511450220
333,251,4.5,1511450760
11,202,4.5,1511457360
382,170,2.5,1511462880
176,169,3.0,1511467860
238,134,3.0,1511468580
259,235,3.5,1511470080
292,184,2.0,1511473320
489,98,5.0,1511481360
200,197,4.0,1511484360
390,222,3.0,1511486040
129,153,3.0,1511497980
63,108,2.5,1511503200
447,54,4.0,1511506860
230,157,3.5,1511508240
27,243,3.5,1511508960
277,284,2.0,1511510040
102,220,4.0,1511515980
455,137,4.5,1511517420
215,262,5.0,1511519160
120,88,2.0,1511534280
429,267,3.0,1511546340
264,179,4.0,1511552820
461,110,2.0,1511559780
336,202,5.0,1511567580
4,174,3.0,1511572380
312,3,2.5,1511576580
152,217,3.5,1511579220
189,175,3.0,1511581260
438,175,2.5,1511582160
399,137,3.0,1511582280
121,105,4.5,1511585880
355,96,4.0,1511588520
245,249,2.5,1511595600
12,35,2.5,1511602620
180,59,2.5,1511603700
323,105,2.5,1511606520
83,251,2.0,1511616000
91,163,2.5,1511620560
338,164,3.5,1511629620
11,267,3.0,1511630220
380,141,3.0,1511631540
436,192,3.5,1511638680
219,184,2.5,1511643720
402,176,3.5,1511644860
166,154,2.5,1511647320
305,105,2.5,1511648640
451,36,4.0,1511660700
223,240,1.5,1511661420
5,57,2.5,1511665260
288,290,3.5,1511666280
265,215,4.5,1511671620
404,102,4.5,1511672220
162,271,4.0,1511675160
294,154,3.5,1511679300
179,262,5.0,1511683140
228,210,3.5,1511684220
358,42,2.0,1511684760
159,180,3.5,1511687580
343,251,3.5,1511691600
128,29,2.5,1511694360
50,54,3.5,1511695620
141,247,2.0,1511697720
17,244,2.5,1511701560
494,237,3.0,1511705460
398,275,1.5,1511718900
216,273,1.5,1511721420
61,192,4.0,1511732340
375,156,1.5,1511735640
147,183,4.5,1511739360
135,19,2.0,1511739480
379,119,3.5,1511740740
446,156,3.0,1511746080
174,14,4.0,1511757180
322,152,4.0,1511762700
353,47,3.0,1511764320
68,28,3.5,1511767440
238,133,2.5,1511769180
488,52,3.5,1511771160
255,30,2.5,1511791080
419,258,4.5,1511795340
131,137,4.5,1511811900
325,294,4.5,1511820420
331,175,4.0,1511821200
328,63,4.0,1511830860
433,217,3.0,1511832300
113,294,4.0,1511844300
262,194,3.5,1511847780
464,222,3.0,1511855100
100,99,2.5,1511855460
388,244,2.5,1511855460
101,273,2.5,1511857440
403,229,4.5,1511862720
4,141,4.0,1511868420
110,231,3.0,1511873880
171,159,4.0,1511876040
494,137,3.5,1511877480
377,18,4.0,1511892420
272,154,2.0,1511894100
300,40,4.0,1511894820
309,101,2.0,1511900280
357,255,1.5,1511903520
488,24,3.5,1511906520
316,94,4.5,1511910420
234,134,5.0,1511932620
95,279,2.0,1511938020
34,253,2.0,1511944500
203,206,3.0,1511950260
428,251,1.5,1511951940
464,147,3.0,1511956260
442,127,4.0,1511959020
389,242,2.5,1511959500
93,202,4.5,1511959740
477,30,3.0,1511963820
371,154,2.0,1511969940
452,171,2.0,1511973060
207,14,4.0,1511976120
354,51,3.0,1511980800
384,58,2.5,1511987040
80,237,3.0,1511989560
461,203,3.5,1511992320
99,254,2.0,1511992500
351,207,2.5,1511994060
302,165,2.0,1511997540
65,21,4.0,1512005220
124,178,2.5,1512034440
432,101,2.0,1512035940
368,201,4.0,1512036240
25,5,2.0,1512038880
255,279,3.0,1512052140
119,243,4.0,1512052260
269,47,3.0,1512053040
433,195,1.5,1512053820
429,281,5.0,1512059640
430,183,2.5,1512061440
215,65,5.0,1512068700
141,96,3.0,1512069900
285,37,2.5,1512075960
320,58,3.5,1512076140
198,193,3.5,1512080100
448,132,3.0,1512083400
124,266,3.5,1512087180
497,185,4.5,1512087360
223,264,3.5,1512089880
126,250,4.0,1512103080
362,160,3.5,1512104040
105,243,3.5,1512108000
487,121,3.0,1512111720
65,40,4.0,1512111900
437,151,3.5,1512112560
413,180,2.5,1512115260
360,251,2.5,1512118500
305,193,3.5,1512126540
462,188,3.0,1512130440
267,123,3.5,1512131400
363,8,3.0,1512131760
12,198,3.0,1512150360
224,262,3.5,1512151020
245,253,3.0,1512160020
86,204,3.5,1512160740
85,197,4.5,1512161100
422,172,5.0,1512161100
139,13,4.0,1512164280
119,64,2.5,1512168900
454,222,3.0,1512184440
148,253,3.0,1512185100
315,147,1.5,1512186240
405,11,3.5,1512187800
252,72,1.5,1512190860
115,80,1.5,1512198780
210,172,3.0,1512205980
170,53,2.5,1512208920
140,148,3.0,1512210480
458,64,3.5,1512212040
44,254,2.5,1512214500
30,255,5.0,1512222360
19,193,4.0,1512223980
239,19,3.0,1512230460
470,176,1.5,1512236340
375,182,2.0,1512237720
185,60,3.0,1512241560
177,300,3.0,1512245820
79,186,3.5,1512256200
288,182,5.0,1512258900
224,54,3.5,1512259140
376,294,3.5,1512266880
401,101,2.5,1512274200
456,237,3.5,1512279960
144,240,2.0,1512282120
84,34,2.5,1512282360
39,240,4.0,1512283260
319,165,3.0,1512289500
159,297,3.5,1512293280
439,101,2.5,1512294360
192,141,4.0,1512295680
426,292,4.5,1512296040
418,184,3.0,1512296580
131,146,3.5,1512300540
113,250,3.0,1512301200
251,296,3.5,1512311940
4,222,3.5,1512323640
214,105,2.5,1512323640
121,45,3.0,1512326160
116,65,3.0,1512328560
435,10,4.5,1512331800
293,108,2.0,1512348300
191,150,1.5,1512357840
236,17,3.5,1512360240
257,197,4.5,1512360300
284,243,3.0,1512360540
183,1,4.0,1512364080
248,275,1.0,1512375840
447,197,4.5,1512382380
64,226,4.0,1512383340
461,174,3.5,1512385620
142,275,0.5,1512387000
202,161,3.0,1512388740
218,154,4.0,1512391140
495,203,3.5,1512392160
144,117,3.0,1512392880
266,58,4.5,1512398340
138,65,4.0,1512414120
285,182,4.0,1512415980
31,208,2.5,1512422580
390,89,3.0,1512443580
205,197,4.0,1512444180
146,72,1.0,1512448680
86,50,2.5,1512449520
392,257,1.5,1512449700
171,71,5.0,1512451140
378,207,1.5,1512456540
181,226,3.0,1512463080
213,189,4.5,1512463200
117,141,4.0,1512469920
154,152,2.5,1512473820
117,70,3.5,1512481800
2,251,4.5,1512496560
274,253,1.0,1512496620
441,210,2.5,1512496860
161,254,3.0,1512502920
280,101,2.5,1512504000
282,256,2.5,1512506700
499,273,2.5,1512508860
126,205,2.0,1512511140
419,231,4.0,1512511500
147,215,4.0,1512512280
127,37,2.0,1512517080
450,289,2.0,1512517620
74,256,3.5,1512518820
488,70,3.0,1512519900
199,84,4.0,1512523740
415,105,3.5,1512526080
77,217,3.5,1512531300
400,45,2.0,1512531660
317,160,3.0,1512540960
7,47,3.0,1512555360
341,125,4.0,1512557400
275,219,2.0,1512557940
233,195,2.5,1512565140
121,63,3.0,1512577860
189,48,2.0,1512586680
30,71,5.0,1512597060
274,290,2.5,1512600540
425,73,4.0,1512600780
249,171,2.0,1512609120
128,186,3.5,1512610080
74,170,2.0,1512616560
379,5,3.0,1512618120
202,84,4.5,1512628440
126,5,3.0,1512630780
404,215,4.0,1512631020
96,160,2.5,1512631380
331,19,4.0,1512638940
13,13,4.0,1512645300
444,152,4.5,1512646680
455,229,4.5,1512646980
281,254,4.0,1512648180
369,205,4.0,1512649260
405,220,4.5,1512649320
245,176,2.5,1512653100
455,72,2.5,1512654240
36,294,3.0,1512656460
42,289,2.0,1512656760
413,47,3.0,1512658740
106,215,4.0,1512662220
211,294,3.0,1512663060
420,51,3.5,1512663780
224,197,4.0,1512665940
190,184,2.5,1512667200
351,229,5.0,1512670260
185,201,4.0,1512670680
308,216,5.0,1512671100
320,60,2.5,1512680040
57,64,4.0,1512684000
14,174,3.0,1512685620
460,147,3.5,1512697740
31,267,4.0,1512699780
464,197,4.5,1512716640
192,220,5.0,1512717120
291,183,3.5,1512717180
124,72,1.5,1512724200
19,215,1.5,1512734760
340,256,4.0,1512738000
33,24,4.5,1512738000
338,165,4.0,1512745620
408,3,3.0,1512747480
225,189,4.0,1512751140
71,171,1.5,1512752280
289,240,3.5,1512755640
321,34,2.0,1512766740
133,42,3.0,1512777780
51,72,2.0,1512785040
447,154,2.5,1512785520
278,203,3.0,1512790260
211,138,2.5,1512792900
42,139,3.5,1512798060
123,150,2.5,1512798480
394,182,4.0,1512803340
252,35,1.0,1512805140
216,182,4.0,1512810600
257,145,3.5,1512815100
85,79,3.5,1512815520
86,287,4.0,1512816660
228,50,2.0,1512820620
130,182,2.5,1512823200
244,251,3.5,1512830580
17,240,3.5,1512831240
137,101,3.0,1512833880
213,73,3.5,1512836040
182,299,4.0,1512852000
468,231,4.0,1512853800
230,82,4.5,1512866820
464,99,4.0,1512868560
304,273,2.0,1512870960
289,37,4.0,1512877920
72,294,4.0,1512880560
15,176,2.5,1512881640
344,165,2.5,1512883560
279,52,4.0,1512892860
183,255,4.0,1512893640
290,238,3.0,1512895620
370,94,3.5,1512900300
284,121,4.0,1512902700
18,103,2.0,1512902700
444,187,4.0,1512911940
292,6,4.0,1512914040
271,251,3.5,1512914280
461,137,3.0,1512918600
131,208,3.0,1512920700
254,284,3.0,1512929880
332,239,2.5,1512942960
67,294,3.0,1512943920
235,180,2.5,1512945960
118,287,2.0,1512946020
182,203,3.5,1512952560
54,67,4.0,1512959880
280,207,3.0,1512969900
488,21,4.0,1512976440
118,220,4.5,1512981540
368,52,4.5,1512983940
327,175,3.0,1512986400
153,203,2.5,1512993300
43,105,5.0,1512996360
196,256,3.0,1512997020
24,60,1.5,1512999420
488,285,3.5,1513010760
406,40,3.0,1513016820
457,70,4.0,1513025520
206,129,3.5,1513056120
401,56,2.0,1513057380
95,91,0.5,1513064640
226,229,5.0,1513066080
217,60,2.5,1513071120
484,154,3.0,1513082520
140,253,2.0,1513084740
11,192,4.0,1513087320
34,37,2.5,1513089540
128,251,4.5,1513091280
40,255,3.0,1513093440
171,203,4.0,1513093860
323,156,2.5,1513097940
49,205,3.5,1513109460
331,82,4.0,1513114740
48,170,2.5,1513115040
177,221,4.0,1513115160
4,5,2.5,1513120260
64,283,2.5,1513139760
220,123,5.0,1513143960
243,258,2.5,1513148340
330,60,3.5,1513151820
115,47,2.5,1513156140
320,64,4.5,1513156560
427,259,2.0,1513161000
50,117,3.5,1513161120
134,178,3.0,1513169820
267,179,4.0,1513182300
74,216,4.5,1513184700
51,15,3.0,1513185000
34,101,2.5,1513186380
492,3,2.5,1513188540
31,262,4.0,1513193700
225,217,5.0,1513207920
378,58,4.0,1513213740
318,250,3.5,1513216860
489,56,5.0,1513217280
158,280,1.5,1513219320
170,105,3.5,1513229400
162,285,5.0,1513234200
294,272,1.5,1513235640
192,153,4.0,1513237740
74,253,2.5,1513238160
382,206,3.0,1513238400
344,38,1.5,1513238700
18,153,3.0,1513245000
471,243,4.0,1513251300
296,93,3.0,1513254600
361,233,2.0,1513255980
278,68,2.5,1513256280
451,178,2.5,1513258440
144,235,4.0,1513260180
182,72,4.0,1513265220
456,222,3.5,1513268700
121,53,5.0,1513269600
157,192,5.0,1513273200
31,137,4.0,1513277580
105,242,2.0,1513283100
35,98,3.5,1513284360
491,180,3.0,1513288920
60,256,3.0,1513294320
408,299,3.5,1513298340
405,150,2.0,1513303260
348,262,3.5,1513303920
315,245,1.5,1513307220
74,243,4.0,1513308000
334,26,3.0,1513308960
258,250,3.0,1513310940
491,52,3.0,1513311720
351,178,4.0,1513327980
386,17,3.0,1513334880
273,299,3.5,1513336020
290,165,2.0,1513341360
19,226,3.5,1513353180
389,26,4.0,1513355340
229,36,5.0,1513362540
132,44,3.5,1513364760
273,256,4.0,1513365540
420,146,2.5,1513366320
359,251,4.0,1513366800
155,212,4.0,1513372200
70,236,2.0,1513376820
176,222,3.0,1513376820
266,30,4.5,1513392600
223,250,4.0,1513398660
277,297,2.5,1513406340
189,94,2.5,1513412040
120,242,1.0,1513420800
93,237,2.5,1513422780
370,210,4.0,1513422840
495,251,5.0,1513429020
307,44,3.5,1513435860
223,51,3.5,1513439160
471,35,3.5,1513440780
310,31,2.5,1513441860
387,129,3.5,1513443300
467,243,3.5,1513447500
153,241,4.0,1513457400
222,160,2.0,1513457580
359,80,1.0,1513463880
344,208,2.0,1513469820
433,279,3.0,1513472280
367,148,5.0,1513474260
57,2,1.5,1513475700
401,105,3.0,1513483380
371,140,3.0,1513485720
60,45,3.5,1513490460
148,40,2.5,1513495920
142,70,3.5,1513497300
90,88,3.0,1513514760
165,273,3.0,1513514880
421,215,3.0,1513518180
310,48,3.5,1513521120
79,252,3.5,1513534140
108,15,2.5,1513535520
72,53,4.0,1513543260
221,161,1.5,1513543680
39,56,4.0,1513544940
256,31,2.0,1513546920
444,95,4.0,1513553700
381,251,4.0,1513556760
150,105,3.5,1513566360
135,137,3.0,1513574520
347,244,2.5,1513578720
158,222,4.0,1513578780
397,45,2.0,1513585500
422,101,2.0,1513585980
383,235,3.0,1513591320
479,262,2.5,1513593420
76,59,3.0,1513594200
305,36,4.0,1513598640
266,68,2.0,1513600560
390,93,4.0,1513602660
407,220,4.5,1513603500
374,150,2.0,1513604220
336,299,4.0,1513606440
399,273,3.5,1513608180
78,174,3.0,1513609080
4,195,3.0,1513609080
67,141,2.5,1513609140
30,40,5.0,1513612860
340,65,3.5,1513624080
178,36,4.0,1513627440
176,215,3.0,1513630500
13,66,3.0,1513633020
296,71,3.5,1513633260
315,52,3.0,1513634880
260,82,3.0,1513640760
367,180,4.5,1513641420
268,240,3.0,1513645860
179,37,5.0,1513653600
384,59,2.0,1513654020
71,43,4.5,1513657080
376,43,3.0,1513659420
373,66,2.5,1513665240
396,60,2.0,1513668420
105,172,4.0,1513671720
275,105,3.5,1513672560
254,58,3.5,1513674540
279,132,5.0,1513675500
491,294,3.5,1513675560
187,107,4.5,1513679820
143,184,4.0,1513686600
24,48,2.0,1513697940
141,256,3.5,1513701900
198,294,3.5,1513703940
177,273,3.5,1513708200
200,10,4.0,1513708320
291,65,4.0,1513708680
324,231,5.0,1513710300
255,141,3.5,1513718220
347,198,3.5,1513721880
32,134,2.0,1513722600
251,119,4.5,1513727640
367,215,4.5,1513729980
258,9,2.5,1513731000
324,250,4.0,1513736340
151,47,3.0,1513738440
160,280,4.0,1513739760
468,47,3.5,1513748040
316,148,4.0,1513751280
433,31,3.0,1513756860
486,137,3.5,1513759800
251,284,4.0,1513765380
343,157,3.0,1513765800
430,101,2.5,1513771920
178,26,2.5,1513772400
196,118,2.5,1513778280
21,172,4.0,1513789380
325,289,2.0,1513791300
187,101,5.0,1513796280
109,109,3.0,1513804500
381,197,4.5,1513806540
195,56,3.5,1513808460
458,256,3.0,1513810140
328,138,4.5,1513812780
19,251,3.5,1513814340
67,253,3.0,1513816680
300,138,4.0,1513818540
78,178,2.5,1513820160
100,300,3.0,1513824000
373,269,4.0,1513824840
243,79,4.5,1513827900
338,172,3.5,1513830180
342,284,5.0,1513831680
431,253,2.0,1513832400
17,276,3.5,1513833960
91,60,3.5,1513834140
469,52,3.0,1513834320
145,58,4.0,1513835040
154,217,3.0,1513836300
77,273,3.0,1513842660
166,102,3.5,1513843260
242,13,3.5,1513844460
336,14,4.0,1513846080
328,109,4.5,1513848840
184,78,3.0,1513849680
150,253,3.0,1513852380
115,1,3.0,1513858500
37,27,2.5,1513862940
409,10,4.0,1513866840
344,40,2.5,1513867440
185,14,4.0,1513880580
36,34,2.0,1513887120
220,14,3.0,1513892220
373,60,2.5,1513894920
322,242,3.0,1513895760
63,70,2.5,1513899300
150,47,3.0,1513899360
294,106,3.5,1513899900
255,53,2.5,1513900320
62,289,3.0,1513900800
331,184,3.5,1513905600
494,165,2.5,1513906320
297,141,4.5,1513920120
389,148,4.5,1513922820
433,112,4.0,1513925820
171,35,2.0,1513927860
34,173,3.5,1513930140
78,150,1.0,1513931640
151,273,4.0,1513932360
62,255,4.0,1513940040
58,243,4.0,1513941000
368,221,4.5,1513950780
124,280,3.0,1513966080
177,172,5.0,1513968480
295,197,4.5,1513983000
182,294,4.0,1513988760
491,244,2.0,1513992780
494,278,3.5,1513995780
84,48,3.0,1513996140
336,239,3.5,1514006940
289,288,3.5,1514007360
340,6,4.5,1514016300
462,165,2.5,1514019000
112,64,4.0,1514027280
377,289,3.5,1514044620
216,63,3.5,1514049060
120,12,2.5,1514050500
390,294,3.5,1514051640
11,240,2.5,1514058180
103,40,3.5,1514061660
388,26,3.0,1514071380
195,71,3.5,1514080980
369,180,3.5,1514083920
422,119,3.0,1514085900
365,186,3.0,1514086860
412,164,4.5,1514088960
109,101,2.5,1514092080
173,206,5.0,1514092800
147,211,5.0,1514093160
158,256,3.0,1514100900
496,66,1.5,1514110380
496,24,3.0,1514116020
385,250,4.0,1514125560
459,245,4.0,1514126820
434,64,3.5,1514127960
317,269,4.5,1514129880
168,253,2.0,1514132400
357,285,3.0,1514132520
366,250,2.5,1514147580
278,290,3.0,1514153940
63,279,2.5,1514155080
387,28,4.5,1514156340
261,77,1.5,1514161020
481,177,2.0,1514167740
139,50,2.0,1514169060
398,73,2.5,1514177700
179,218,5.0,1514179320
248,210,4.0,1514184840
142,15,1.5,1514199360
71,277,3.0,1514204880
249,271,2.5,1514205600
4,129,4.0,1514208840
362,132,4.5,1514210340
277,94,2.5,1514219700
55,70,3.0,1514227020
330,275,1.5,1514233440
165,92,3.0,1514234460
349,23,2.5,1514239620
140,35,1.0,1514240880
408,219,3.0,1514245200
86,240,4.0,1514256240
479,231,2.5,1514263620
123,279,3.0,1514264700
281,137,3.0,1514267220
490,192,4.0,1514269140
435,250,3.0,1514269500
41,32,3.5,1514271480
263,14,3.0,1514271600
451,262,3.0,1514275080
410,47,1.5,1514275860
384,162,2.5,1514285520
116,38,2.5,1514285580
247,183,4.5,1514288820
21,241,3.5,1514294460
361,51,3.0,1514298240
26,275,1.0,1514307900
278,109,3.5,1514308920
402,137,4.5,1514310060
21,183,2.5,1514312220
7,121,2.5,1514313960
120,272,2.0,1514315700
215,124,4.5,1514322240
381,189,2.5,1514329320
392,210,2.0,1514335380
455,259,3.0,1514336820
165,35,1.5,1514340720
397,262,4.5,1514342880
412,244,2.5,1514344560
475,189,4.0,1514353920
70,129,3.5,1514358360
317,281,4.5,1514360340
55,60,3.0,1514367480
251,203,3.0,1514369100
194,273,2.5,1514374860
21,10,3.0,1514376120
356,63,4.5,1514377800
124,216,4.5,1514381220
141,243,4.0,1514384880
258,231,3.0,1514385300
481,24,4.5,1514390280
25,192,2.5,1514392860
482,30,5.0,1514393400
81,299,2.5,1514409180
354,281,3.5,1514413620
269,129,2.0,1514415420
316,48,2.0,1514442240
165,243,3.0,1514444280
264,279,3.0,1514447700
341,279,4.0,1514447700
423,101,3.5,1514447820
417,24,3.5,1514455740
55,129,3.0,1514456040
112,131,3.5,1514461320
302,71,3.0,1514481420
249,275,1.0,1514488500
125,98,5.0,1514494920
365,123,3.0,1514495280
408,36,4.0,1514496480
295,275,1.5,1514502180
25,136,3.0,1514504340
39,79,4.5,1514506440
384,51,3.0,1514514600
383,194,3.5,1514532180
107,238,3.0,1514545500
448,261,3.5,1514553480
300,110,2.5,1514557260
95,103,2.5,1514557800
161,70,3.0,1514569980
143,284,4.5,1514574360
473,47,2.5,1514574480
395,277,3.5,1514576880
188,172,3.5,1514581260
187,31,4.5,1514584380
377,172,5.0,1514584680
255,47,1.5,1514585220
250,182,4.0,1514589120
220,81,3.5,1514592780
109,43,3.0,1514593260
52,101,4.0,1514593320
343,290,3.0,1514593500
136,24,4.0,1514609520
38,175,4.0,1514611980
463,217,4.0,1514616660
6,284,3.0,1514622180
109,281,3.5,1514625300
467,253,2.5,1514626740
225,250,3.5,1514632080
282,200,2.0,1514645940
125,244,3.5,1514646060
322,51,2.0,1514648880
301,137,3.0,1514652420
153,44,2.5,1514655420
262,250,5.0,1514659260
440,289,2.0,1514664720
405,192,4.0,1514665500
446,236,3.5,1514670360
468,149,3.0,1514680620
474,70,2.0,1514684940
369,64,4.5,1514685420
448,282,5.0,1514685780
487,293,3.0,1514687580
145,217,4.5,1514688360
360,170,0.5,1514691300
473,56,3.5,1514692800
353,246,2.5,1514706480
391,198,4.0,1514708880
262,216,5.0,1514711820
118,105,4.0,1514724660
330,14,4.5,1514732520
59,278,4.0,1514737200
94,275,1.5,1514738460
151,106,3.5,1514740260
223,107,4.0,1514742540
264,229,4.5,1514744400
233,182,4.5,1514744520
374,218,4.0,1514758680
97,172,4.5,1514759940
374,48,3.5,1514760300
174,294,3.5,1514762220
162,1,4.5,1514762880
174,204,4.0,1514763600
463,251,4.0,1514767260
249,231,2.0,1514767800
249,216,3.5,1514782980
267,140,3.5,1514788740
139,14,3.5,1514802480
233,64,4.5,1514813220
318,24,4.0,1514813820
435,137,4.5,1514817180
416,243,4.0,1514820180
52,235,4.0,1514829840
84,208,3.0,1514830740
319,111,4.0,1514836320
369,37,3.5,1514840220
487,185,2.5,1514840880
488,105,4.5,1514846280
494,173,3.5,1514853420
462,222,3.5,1514853960
235,150,1.5,1514857260
443,282,3.5,1514867280
207,137,4.0,1514868660
76,77,1.5,1514871240
418,3,2.5,1514874000
222,53,3.0,1514875800
194,284,4.5,1514878980
50,188,3.5,1514880840
232,95,3.5,1514881560
287,240,5.0,1514885340
52,219,4.0,1514889840
413,129,3.5,1514892000
474,42,2.0,1514898900
189,243,3.5,1514902560
319,94,2.5,1514907540
139,111,3.5,1514909040
168,91,3.0,1514909700
491,203,2.0,1514912160
454,73,3.5,1514916600
289,201,2.0,1514942520
264,220,2.0,1514943840
383,3,3.0,1514946360
92,174,4.0,1514947500
146,217,4.0,1514950500
498,238,4.0,1514950980
26,129,3.5,1514958360
362,255,4.0,1514963760
263,184,4.0,1514966460
84,63,3.0,1514970120
79,207,2.5,1514972580
489,240,4.5,1514977380
238,58,2.5,1514980140
216,282,4.0,1514980320
372,169,4.0,1514980560
397,166,4.0,1514982480
203,173,3.5,1514985660
145,82,3.5,1515000000
254,230,4.0,1515008700
210,43,3.5,1515010380
274,170,1.0,1515012180
41,253,2.5,1515014880
457,200,4.0,1515015420
281,243,3.0,1515024960
299,291,2.5,1515029520
185,240,3.5,1515035820
5,250,3.5,1515038820
336,280,3.5,1515041880
261,265,3.0,1515047520
158,269,2.5,1515052020
365,14,3.0,1515066660
278,272,2.5,1515067140
191,112,4.0,1515078180
26,141,3.5,1515083880
321,223,2.5,1515085260
96,65,3.0,1515086460
425,289,4.0,1515087360
234,207,2.5,1515089700
445,38,2.5,1515106920
130,294,2.5,1515114000
123,15,2.5,1515115020
338,210,3.0,1515118140
432,157,3.0,1515122700
449,94,4.0,1515140580
24,94,3.5,1515147360
103,197,4.0,1515148860
322,63,3.0,1515150360
112,225,0.5,1515152940
131,172,5.0,1515157740
294,28,4.0,1515166380
412,281,5.0,1515170640
42,96,2.5,1515174360
432,254,2.5,1515175980
190,59,4.0,1515188580
11,300,4.0,1515193680
398,175,3.0,1515197520
496,293,2.5,1515203100
109,278,2.5,1515213120
206,238,4.0,1515219540
251,222,3.5,1515222720
137,43,2.5,1515228660
266,223,3.5,1515234480
359,229,4.0,1515238140
429,178,3.0,1515244800
196,53,3.0,1515245340
321,207,2.0,1515246180
287,64,4.5,1515253980
318,67,4.0,1515255600
485,207,1.5,1515258660
427,251,3.0,1515268620
123,185,3.5,1515277140
100,285,3.0,1515277260
63,154,2.5,1515282300
221,243,3.0,1515282900
240,13,4.5,1515287520
289,18,3.0,1515301260
385,57,3.5,1515302400
122,129,3.5,1515306660
440,275,1.0,1515307440
49,98,5.0,1515322380
335,164,3.0,1515336060
390,278,2.5,1515338760
20,64,4.0,1515339300
248,197,4.0,1515343920
318,105,3.5,1515345780
310,231,3.0,1515357720
235,71,3.5,1515366240
425,92,4.0,1515369900
79,253,2.0,1515380760
62,94,5.0,1515392280
267,73,2.5,1515396600
258,103,2.5,1515399060
81,172,4.0,1515400200
18,42,2.0,1515408420
421,196,4.5,1515408660
15,203,2.5,1515409260
102,60,3.0,1515410340
264,34,3.5,1515413100
10,231,1.5,1515421200
90,193,4.5,1515425220
330,152,4.5,1515430800
500,180,2.5,1515437100
126,13,4.5,1515438900
35,104,3.0,1515454860
376,70,3.5,1515455160
36,251,3.0,1515455460
416,250,4.0,1515457020
196,291,2.5,1515460740
246,123,4.5,1515460800
375,256,2.0,1515466140
339,188,3.0,1515468780
160,207,2.5,1515483840
302,47,1.5,1515495180
99,60,2.0,1515502020
485,18,2.0,1515508140
442,151,2.5,1515509340
138,94,3.5,1515516720
83,18,2.0,1515524820
336,193,4.5,1515528060
85,231,3.5,1515528420
392,275,0.5,1515528960
127,250,3.5,1515529320
99,99,2.5,1515536940
57,141,4.0,1515545040
149,152,2.5,1515545940
191,183,3.5,1515552120
345,106,2.0,1515556140
352,217,5.0,1515557520
385,94,3.0,1515563160
482,5,4.0,1515567780
222,226,2.5,1515575340
156,186,4.5,1515578520
5,182,4.5,1515584400
422,198,3.0,1515589620
168,233,3.5,1515590460
239,262,3.5,1515593460
345,231,3.0,1515594180
102,70,2.5,1515595140
248,157,2.5,1515598080
107,94,2.5,1515611520
256,36,3.0,1515617640
123,290,2.0,1515619620
167,81,4.5,1515619920
46,101,2.0,1515622500
358,299,3.5,1515624000
71,54,4.0,1515627600
163,106,3.5,1515634680
259,264,4.5,1515639960
2,26,4.5,1515646260
461,253,2.0,1515647040
460,62,3.0,1515647040
421,60,3.0,1515655920
489,36,5.0,1515661200
277,231,2.0,1515667620
274,235,3.5,1515671460
360,137,2.0,1515671760
197,64,3.5,1515673020
251,291,2.5,1515673740
143,206,4.0,1515674760
486,265,2.5,1515677400
13,14,3.0,1515679140
349,3,1.0,1515686160
304,289,2.5,1515692520
405,118,3.0,1515693180
90,3,3.0,1515704280
57,282,4.5,1515709680
26,254,3.5,1515713340
154,259,1.5,1515713640
95,275,0.5,1515725100
450,94,3.5,1515725400
330,27,3.5,1515726900
488,171,2.5,1515728100
117,269,4.5,1515730260
148,17,2.5,1515736440
280,173,4.0,1515741120
396,259,1.5,1515742140
363,171,2.0,1515747900
409,171,3.0,1515748380
170,259,1.0,1515751800
471,71,5.0,1515755820
17,77,2.0,1515757980
188,31,3.5,1515764580
48,37,2.0,1515768780
242,87,3.0,1515769380
216,294,4.0,1515774300
299,284,4.0,1515777000
163,175,4.0,1515778680
242,240,3.5,1515782220
383,243,3.5,1515785220
347,231,3.5,1515790620
411,112,3.5,1515791280
497,137,5.0,1515792660
138,201,3.0,1515792840
383,241,4.0,1515797100
143,171,3.0,1515808080
355,197,4.5,1515811440
458,134,3.5,1515811680
437,194,3.0,1515819600
339,101,3.5,1515826140
79,137,4.0,1515827460
169,56,4.5,1515827700
261,141,3.5,1515831780
285,207,0.5,1515840600
14,203,2.5,1515846000
114,210,4.5,1515859800
103,177,3.5,1515861720
433,139,2.5,1515862560
400,175,3.5,1515864420
131,78,3.5,1515866820
205,279,2.0,1515868980
118,128,2.5,1515870060
189,263,2.5,1515877260
86,150,3.0,1515881580
210,266,2.5,1515882600
86,119,3.5,1515883260
231,249,1.5,1515885120
137,207,1.0,1515887160
497,35,3.0,1515887520
189,193,3.5,1515891300
158,245,4.0,1515904500
424,125,3.5,1515919920
275,73,2.0,1515921540
25,180,2.0,1515921900
354,31,4.0,1515927240
390,101,3.0,1515932820
233,96,4.5,1515936240
12,148,2.5,1515940560
207,71,5.0,1515948240
48,151,4.5,1515950820
24,67,3.0,1515955440
464,184,3.5,1515965460
197,227,3.0,1515971220
460,89,5.0,1515975480
457,256,5.0,1515980340
175,156,2.5,1515982560
126,172,5.0,1515985740
273,31,2.0,1515990720
362,177,3.0,1515996540
291,40,3.5,1515997260
484,237,3.0,1515997260
20,279,3.5,1516000260
412,1,4.5,1516000680
305,43,2.5,1516000680
164,207,1.0,1516004100
474,183,4.0,1516006680
164,206,3.5,1516010760
98,217,4.0,1516011960
50,288,3.5,1516024140
14,47,2.5,1516025880
204,245,4.0,1516027440
429,59,4.5,1516038900
471,254,3.5,1516044840
400,106,2.5,1516050360
40,235,3.5,1516052100
238,250,2.5,1516052100
379,249,3.0,1516054380
478,235,4.5,1516058040
281,165,2.5,1516058400
133,31,4.0,1516059480
101,147,4.5,1516063200
254,18,3.0,1516069080
111,64,3.0,1516069140
57,154,2.5,1516070400
383,280,3.0,1516070760
316,231,4.0,1516071960
290,230,4.0,1516082160
358,9,3.0,1516089300
184,282,3.5,1516089600
4,14,4.0,1516089960
68,10,2.5,1516092720
50,3,2.0,1516095600
303,229,4.0,1516096620
174,18,3.5,1516106580
242,277,1.5,1516107780
134,53,4.0,1516108380
400,13,5.0,1516113660
126,1,2.5,1516114740
165,162,3.0,1516116120
495,27,3.5,1516118460
240,137,4.0,1516122240
469,299,4.0,1516127940
234,101,3.5,1516131480
233,137,4.0,1516132920
243,94,3.0,1516134240
80,161,3.5,1516135380
197,93,3.0,1516139820
108,24,3.5,1516151820
495,221,4.0,1516154520
305,182,3.5,1516156860
382,137,4.0,1516159020
314,134,3.0,1516161780
366,273,3.0,1516167720
403,12,4.0,1516169400
412,64,4.5,1516171800
122,130,1.5,1516179360
204,40,3.5,1516182060
391,59,4.0,1516183380
209,280,2.5,1516186320
430,44,3.0,1516192620
231,78,2.0,1516195740
220,70,3.0,1516198080
242,294,2.0,1516200900
130,60,1.5,1516204080
96,51,1.5,1516206240
253,18,2.0,1516207140
471,146,3.5,1516211700
40,290,3.5,1516211760
285,156,2.0,1516217220
294,94,4.5,1516217280
133,178,3.0,1516219440
491,64,3.5,1516223640
419,250,5.0,1516227540
1,282,3.5,1516234860
130,290,2.0,1516239420
235,182,3.0,1516242360
348,88,2.0,1516246200
248,291,2.5,1516247460
74,66,2.5,1516258320
373,51,3.5,1516261080
44,173,3.0,1516266240
283,63,3.5,1516267920
170,150,2.5,1516275000
460,35,3.0,1516287240
19,150,2.0,1516289160
305,300,2.5,1516295280
98,187,3.0,1516295580
44,268,3.0,1516295820
404,180,4.0,1516300080
388,240,2.5,1516300200
173,198,5.0,1516301940
288,150,4.0,1516304820
446,272,4.0,1516306740
264,45,2.0,1516310040
82,101,3.0,1516313280
41,197,5.0,1516315260
365,269,2.5,1516322220
7,215,4.5,1516324860
68,221,3.0,1516330140
486,222,2.5,1516336080
90,233,4.0,1516337940
210,217,4.0,1516340220
312,123,4.5,1516344660
308,81,3.5,1516346040
244,93,2.5,1516348920
142,253,2.0,1516348980
6,4,3.0,1516349940
218,197,4.0,1516351260
378,60,2.0,1516351560
497,212,4.5,1516353300
450,233,2.5,1516359360
282,40,2.5,1516359360
191,245,3.5,1516360380
451,58,3.0,1516365540
103,19,3.0,1516366560
440,128,2.5,1516366920
427,176,3.5,1516368720
149,243,3.5,1516370880
220,284,3.5,1516377060
359,19,3.5,1516377480
48,18,4.0,1516378800
318,279,3.5,1516384980
64,154,3.5,1516385520
255,187,3.0,1516385880
48,237,2.5,1516389000
352,288,5.0,1516394280
489,174,5.0,1516400340
69,123,5.0,1516403880
66,148,3.5,1516404540
224,291,3.0,1516406400
387,185,4.5,1516406520
160,215,5.0,1516409220
420,208,2.5,1516410840
327,245,2.0,1516415400
117,107,3.5,1516415460
227,99,3.5,1516421220
433,64,3.5,1516428180
111,150,3.0,1516432020
130,66,1.5,1516435140
14,71,4.5,1516436220
91,150,2.5,1516441440
280,267,3.5,1516441980
295,230,3.5,1516448340
217,198,1.5,1516450560
276,14,2.0,1516450980
369,173,5.0,1516457700
476,65,3.0,1516458420
412,24,4.5,1516460460
454,81,2.5,1516461300
240,134,3.0,1516470420
296,14,4.0,1516473540
94,236,2.5,1516476480
118,275,1.5,1516477620
236,229,3.5,1516480500
123,43,4.5,1516480800
270,180,5.0,1516480920
287,105,4.0,1516481040
249,53,2.5,1516483200
412,240,4.0,1516488480
101,66,4.0,1516488720
491,54,3.0,1516494720
235,222,3.5,1516498140
473,222,3.5,1516499940
19,164,4.5,1516506960
284,222,3.0,1516508640
290,82,3.0,1516517160
11,65,3.5,1516520280
292,147,3.0,1516535820
126,264,4.5,1516542300
482,182,4.5,1516543860
374,18,2.5,1516556820
53,271,4.5,1516562700
126,175,3.0,1516570140
333,123,3.5,1516576320
494,200,2.0,1516578420
89,299,4.0,1516584720
180,245,3.0,1516586640
158,250,4.0,1516587120
171,208,2.0,1516589940
94,235,4.0,1516595400
48,60,2.5,1516596840
131,94,4.0,1516603440
98,210,3.5,1516609920
250,65,2.0,1516611780
63,281,4.0,1516615860
394,197,3.5,1516616280
162,72,2.5,1516617060
231,109,2.5,1516628700
250,165,3.0,1516629540
93,5,2.0,1516630680
333,220,2.0,1516632720
321,157,3.5,1516636560
304,150,2.5,1516637640
389,105,3.5,1516638840
457,240,3.0,1516640160
284,124,1.5,1516642200
8,57,2.0,1516643580
332,146,2.5,1516651620
268,275,1.0,1516654800
135,228,2.5,1516661640
185,299,4.0,1516674120
41,248,2.5,1516675920
303,103,2.0,1516678920
124,194,2.0,1516683960
352,59,4.0,1516690620
66,149,3.0,1516702980
342,36,3.5,1516707660
434,224,2.0,1516718040
105,117,2.5,1516718820
434,161,3.5,1516724700
36,207,1.5,1516733760
170,176,2.5,1516735260
88,134,4.0,1516737600
345,19,1.5,1516740420
428,175,2.0,1516742700
224,13,4.0,1516748880
173,262,4.0,1516749420
400,282,3.5,1516750320
126,187,2.5,1516752480
104,220,4.5,1516755480
85,198,3.0,1516756740
356,245,5.0,1516761540
56,289,2.0,1516768620
210,37,3.5,1516772640
27,170,2.0,1516774020
379,208,3.0,1516776120
366,243,3.5,1516776780
350,255,3.0,1516779120
46,187,3.0,1516779360
499,62,1.5,1516785660
348,137,2.5,1516787280
495,275,1.5,1516790880
215,168,4.5,1516796160
64,93,3.0,1516800060
91,68,3.0,1516805940
186,203,4.0,1516807140
91,275,1.0,1516814280
171,137,2.5,1516818180
142,176,1.5,1516818300
393,134,2.5,1516820820
396,279,2.5,1516822320
293,138,2.0,1516826100
357,56,0.5,1516839060
461,275,1.0,1516848480
477,293,2.0,1516848540
494,159,4.0,1516852560
469,129,3.0,1516858800
480,240,2.5,1516866360
68,70,2.5,1516876800
11,145,3.0,1516876920
21,230,3.5,1516879440
427,175,3.0,1516897380
210,223,3.0,1516901460
323,106,2.5,1516906140
305,141,2.0,1516913400
101,103,3.0,1516916340
222,176,2.0,1516917000
265,284,4.0,1516917960
210,275,1.5,1516918260
412,93,4.0,1516918500
237,35,3.0,1516924980
337,236,2.0,1516930320
199,245,3.0,1516930800
168,64,4.0,1516932960
388,56,3.5,1516933020
132,150,2.5,1516934100
142,84,4.5,1516936800
154,279,2.0,1516939260
316,63,3.0,1516946400
465,215,4.5,1516947360
123,275,0.5,1516951920
88,272,3.0,1516956180
296,280,2.0,1516959420
498,68,1.5,1516964880
416,40,3.5,1516965840
409,105,4.0,1516974060
256,10,3.0,1516974300
38,30,4.5,1516977540
436,267,3.0,1516980960
206,275,3.0,1516986120
144,269,4.0,1516986780
168,193,4.5,1516989480
80,256,4.0,1516993500
444,222,3.5,1516998420
336,187,4.0,1516998900
390,284,3.0,1517009880
119,117,2.5,1517013780
272,248,1.0,1517016120
493,53,2.5,1517020680
411,73,2.5,1517034180
260,269,4.5,1517041680
292,294,4.0,1517041920
212,106,2.5,1517042220
55,191,4.0,1517043840
442,201,3.0,1517050740
497,194,3.5,1517055780
120,94,2.5,1517074920
401,14,2.5,1517076540
59,51,3.5,1517080500
181,235,3.5,1517083440
333,36,4.0,1517086080
441,78,3.0,1517087520
159,150,3.0,1517106540
47,243,3.0,1517107140
289,183,4.0,1517122320
10,64,3.0,1517122920
41,227,2.5,1517130360
139,175,3.0,1517130900
90,132,4.5,1517134140
482,155,3.0,1517134800
306,36,4.0,1517142900
477,163,2.0,1517149500
171,163,2.5,1517154000
182,103,4.0,1517160360
247,101,5.0,1517163480
256,127,1.5,1517163660
259,3,1.0,1517163900
418,63,2.5,1517169900
453,281,5.0,1517172900
96,73,3.0,1517178600
223,253,2.0,1517185560
66,53,4.5,1517187900
312,255,4.0,1517190960
136,150,2.0,1517191260
228,253,2.5,1517194560
178,40,3.0,1517197500
285,280,2.0,1517200200
366,134,3.5,1517208000
164,217,4.5,1517210160
243,254,2.0,1517210460
252,254,3.0,1517213880
259,251,4.5,1517219640
346,20,2.5,1517219880
202,272,3.0,1517221800
494,40,3.5,1517223720
153,134,2.5,1517224200
268,146,2.5,1517229720
486,187,3.5,1517235420
474,151,1.5,1517246760
136,142,3.5,1517247660
10,79,4.0,1517253420
435,278,2.5,1517256300
77,236,1.5,1517257380
257,173,4.5,1517263320
412,289,3.0,1517263860
116,67,3.5,1517266140
97,269,2.5,1517266680
4,31,3.5,1517270460
75,185,4.5,1517272080
410,262,3.5,1517273160
371,284,3.0,1517273640
55,48,2.5,1517274060
418,1,3.0,1517277060
214,281,3.0,1517277480
426,176,4.0,1517278980
19,89,3.5,1517280120
160,74,3.0,1517283420
341,231,3.5,1517296200
484,217,4.5,1517303520
224,179,3.5,1517304960
247,78,4.0,1517314140
132,282,4.0,1517316060
454,253,2.5,1517329080
396,132,3.0,1517329680
46,180,3.0,1517335500
233,295,3.5,1517337420
422,175,4.0,1517345700
230,137,4.0,1517350800
1,229,4.0,1517352480
402,240,3.5,1517363280
356,204,5.0,1517370060
373,180,2.0,1517371860
175,1,3.0,1517376480
40,172,5.0,1517385540
399,275,0.5,1517402400
464,63,3.0,1517411760
334,36,3.5,1517414220
171,216,3.0,1517416200
253,108,2.5,1517417340
35,281,4.0,1517432580
18,154,1.5,1517437200
267,28,3.5,1517449740
150,245,2.5,1517452560
462,243,3.0,1517453700
376,40,2.0,1517454540
449,1,4.0,1517454780
177,13,4.5,1517455440
211,139,2.5,1517464560
37,222,4.5,1517465640
439,210,4.0,1517471460
460,293,3.0,1517487960
196,252,2.5,1517496120
72,159,4.5,1517497020
349,239,2.0,1517498100
493,137,3.0,1517506800
465,294,4.5,1517514660
210,219,3.5,1517520000
106,285,3.5,1517521620
383,215,2.5,1517521920
164,239,2.5,1517528160
42,121,4.0,1517534400
391,175,4.0,1517535840
12,229,4.5,1517542380
385,262,4.0,1517544780
315,132,4.0,1517557020
205,48,2.0,1517558040
440,95,3.5,1517561280
269,259,3.0,1517561520
55,95,3.0,1517561700
226,180,3.0,1517578260
178,41,3.5,1517581860
264,299,3.5,1517582940
129,5,2.5,1517583300
328,187,3.5,1517588460
128,3,3.0,1517595840
219,268,3.0,1517596860
239,253,2.0,1517599680
81,192,4.5,1517600340
182,86,5.0,1517607060
9,184,2.5,1517610720
482,50,3.5,1517612580
203,247,2.0,1517613480
487,231,3.0,1517616720
64,63,3.0,1517618460
426,24,4.5,1517624040
277,14,2.5,1517630160
255,283,2.0,1517631600
346,253,1.5,1517631960
288,165,4.0,1517633280
401,184,3.0,1517647680
135,170,3.0,1517647980
176,165,2.5,1517654520
133,207,1.5,1517656080
496,200,0.5,1517659980
344,175,2.5,1517661180
182,231,4.5,1517664660
46,288,3.0,1517669040
82,136,4.5,1517669880
116,254,3.0,1517673900
421,264,4.0,1517676660
415,182,4.5,1517680680
174,201,3.0,1517681040
416,42,4.0,1517688660
489,221,3.5,1517697900
232,101,3.5,1517698140
154,233,2.5,1517698440
469,154,1.5,1517705280
176,247,1.5,1517705640
50,269,4.0,1517710560
359,197,4.0,1517711040
313,81,3.5,1517713200
172,243,2.5,1517715300
450,170,3.0,1517716020
58,18,2.5,1517720340
372,53,4.0,1517723820
49,178,4.5,1517726760
380,175,2.0,1517730960
187,172,5.0,1517736180
322,60,1.5,1517736240
51,203,3.0,1517736780
486,129,2.5,1517736900
117,164,3.0,1517737080
29,77,0.5,1517748120
236,47,2.0,1517748180
124,101,2.5,1517750220
194,197,5.0,1517754300
213,44,3.5,1517754840
131,170,2.5,1517768340
313,51,4.0,1517780400
301,152,3.0,1517788080
189,31,2.0,1517788680
35,253,2.0,1517790480
296,137,4.5,1517791860
191,106,2.5,1517798040
125,289,3.5,1517802300
356,134,4.0,1517803500
490,67,2.5,1517805240
396,134,2.5,1517809380
440,124,3.0,1517811600
20,30,3.5,1517818500
146,154,2.0,1517820780
149,52,2.5,1517821440
31,64,4.0,1517825520
296,121,3.5,1517825640
136,243,3.0,1517828040
312,290,3.0,1517830620
488,251,3.5,1517831640
488,192,4.5,1517837220
327,133,2.0,1517838000
241,142,2.5,1517838060
18,289,2.0,1517847420
199,27,4.0,1517850780
473,294,2.5,1517852040
411,89,4.5,1517853420
483,167,4.5,1517855100
143,182,5.0,1517855280
11,105,3.5,1517861040
168,231,2.5,1517871180
192,156,2.5,1517875560
400,239,4.0,1517877540
485,283,2.0,1517881980
124,205,2.5,1517882160
12,5,3.0,1517893920
492,64,3.5,1517901060
463,18,1.5,1517906160
300,280,1.5,1517921160
159,215,4.5,1517922240
90,79,4.5,1517923440
73,215,5.0,1517925060
33,137,3.0,1517927400
262,283,4.5,1517939160
330,294,4.5,1517946240
58,129,4.0,1517949360
220,255,4.0,1517953320
33,67,4.0,1517953920
262,223,3.5,1517960340
178,276,3.0,1517960400
146,145,4.0,1517962800
310,71,5.0,1517964120
355,109,4.0,1517966760
77,60,2.5,1517984880
154,133,2.0,1517993820
168,88,2.0,1517994480
238,79,4.0,1518001440
412,132,5.0,1518003180
175,187,2.5,1518004440
119,180,2.5,1518010020
225,291,3.5,1518013500
428,15,1.5,1518017760
376,222,3.0,1518021360
116,162,2.5,1518022140
322,275,1.0,1518031560
491,7,3.0,1518042360
496,141,3.0,1518049800
308,192,4.0,1518053700
385,47,3.5,1518054840
89,171,2.0,1518068280
456,289,2.0,1518070620
277,168,3.0,1518072780
12,254,2.5,1518078780
125,121,4.5,1518081300
321,230,3.5,1518088500
118,262,3.5,1518088560
365,140,3.0,1518091920
236,128,3.5,1518092040
203,134,3.5,1518098880
73,101,4.0,1518107880
143,3,3.0,1518108960
447,284,4.0,1518109500
183,134,5.0,1518118560
114,60,3.0,1518123300
127,35,2.0,1518126540
4,231,4.5,1518135420
73,128,4.5,1518137280
230,217,4.0,1518139680
89,137,4.5,1518150840
251,165,4.5,1518151860
290,21,3.5,1518163080
25,121,3.5,1518165420
164,197,4.0,1518165840
204,203,3.5,1518169380
338,137,4.5,1518170820
176,170,1.0,1518172080
482,262,4.5,1518173520
75,169,3.0,1518186420
391,94,4.5,1518190140
95,88,1.5,1518202500
28,195,3.0,1518205200
11,275,1.0,1518219660
408,47,3.5,1518223260
123,101,1.5,1518231120
118,34,3.0,1518232920
384,165,2.0,1518236700
127,101,2.5,1518243240
142,203,3.0,1518244200
161,37,4.0,1518247440
107,196,3.5,1518248460
374,250,5.0,1518250020
314,81,2.5,1518255840
380,211,3.5,1518262380
131,254,3.5,1518271320
316,172,4.0,1518279120
411,59,3.0,1518289740
164,283,3.0,1518300120
37,290,3.0,1518305820
498,278,4.0,1518308700
409,166,4.5,1518311160
460,284,3.5,1518313920
191,34,3.0,1518318840
304,151,3.0,1518325620
192,279,3.0,1518328320
116,128,2.5,1518328620
408,157,3.5,1518330780
260,152,4.0,1518336300
111,183,3.0,1518337260
31,216,5.0,1518337800
153,269,4.0,1518340140
169,138,4.5,1518347520
285,15,2.0,1518347820
163,37,3.0,1518349440
247,162,4.5,1518353700
34,245,3.0,1518354180
201,197,4.5,1518355140
286,284,4.0,1518359280
456,63,3.0,1518362880
457,156,3.0,1518363120
51,21,3.5,1518367920
368,66,5.0,1518370920
361,265,2.5,1518381540
443,151,2.5,1518385800
76,10,2.5,1518389700
444,82,2.5,1518393060
169,243,5.0,1518393600
314,14,3.0,1518410160
325,82,4.0,1518410700
84,187,3.5,1518411240
173,142,5.0,1518412620
407,37,3.5,1518413280
181,53,2.0,1518414840
379,170,3.0,1518426360
282,1,3.5,1518428820
453,150,1.0,1518430500
357,45,0.5,1518432360
347,229,3.5,1518433920
408,251,4.0,1518439620
38,94,3.5,1518440580
125,146,5.0,1518441360
354,222,3.0,1518448680
454,285,3.5,1518451260
409,74,4.5,1518453060
464,173,4.5,1518456120
118,294,3.0,1518465600
231,18,2.0,1518467580
229,70,3.5,1518478740
386,146,3.5,1518488880
182,250,4.5,1518490080
451,137,3.0,1518502680
323,12,3.0,1518512160
234,213,4.0,1518513060
303,172,5.0,1518516060
152,18,3.5,1518523560
312,269,4.0,1518528300
12,196,4.5,1518545280
310,70,3.0,1518547200
383,170,2.0,1518557580
291,269,4.0,1518558780
7,101,2.0,1518562980
401,259,2.0,1518566640
360,108,1.0,1518568980
343,54,3.0,1518575460
486,184,2.0,1518577080
38,295,3.5,1518578520
200,192,4.0,1518584940
26,64,4.0,1518587700
56,143,3.0,1518597840
102,43,4.0,1518599880
189,280,2.0,1518601440
449,107,4.0,1518606120
370,150,2.0,1518606300
459,294,2.0,1518606840
128,134,4.5,1518616020
28,229,4.0,1518618540
427,174,3.0,1518619500
390,130,2.0,1518620760
359,97,4.5,1518621180
330,82,4.0,1518622200
386,300,3.5,1518625380
187,280,3.5,1518636240
458,61,3.5,1518640020
448,101,3.0,1518642540
186,215,3.0,1518650100
83,241,2.0,1518653820
416,294,3.0,1518659940
387,170,2.5,1518661200
159,86,4.5,1518662340
318,56,2.0,1518667320
80,279,3.0,1518670740
266,65,3.5,1518671640
251,272,3.0,1518672960
187,47,4.0,1518677880
12,24,3.0,1518681600
286,64,4.5,1518685260
232,79,5.0,1518685920
2,47,2.0,1518688080
469,289,1.5,1518691980
140,82,2.5,1518694560
422,21,3.5,1518694560
228,147,5.0,1518699840
364,48,2.0,1518701340
256,191,3.0,1518701460
264,289,2.5,1518703680
58,151,3.5,1518724920
253,197,4.0,1518732480
285,172,5.0,1518733680
225,233,3.0,1518734400
211,200,2.5,1518743040
455,188,4.5,1518743880
455,294,4.5,1518755940
187,146,3.5,1518764880
4,8,4.0,1518767700
350,269,4.5,1518768300
64,59,3.0,1518776220
380,94,4.0,1518781740
311,16,3.0,1518786840
299,24,4.0,1518791220
455,18,3.0,1518805560
222,294,3.0,1518822360
37,169,4.0,1518830880
22,173,5.0,1518837180
135,245,2.0,1518839340
421,245,3.5,1518842160
325,145,3.5,1518847860
257,47,2.0,1518854100
100,137,3.0,1518856380
273,300,4.0,1518864540
421,3,2.0,1518870360
136,112,3.5,1518872520
148,66,3.5,1518872700
144,238,4.0,1518873240
257,275,1.5,1518881880
126,165,3.0,1518883800
319,77,1.5,1518890760
225,300,4.0,1518901620
478,179,4.5,1518904200
214,71,3.5,1518907380
43,14,4.5,1518911280
402,200,2.5,1518913860
314,275,1.0,1518924840
255,118,2.0,1518925260
421,272,2.5,1518926280
479,235,2.5,1518928680
393,284,3.0,1518930120
126,251,4.0,1518933480
475,235,4.0,1518937620
422,250,2.5,1518944880
169,163,3.5,1518945660
149,155,2.5,1518948480
331,15,3.0,1518948540
354,99,3.5,1518949440
319,1,3.5,1518950880
371,21,2.5,1518961560
40,154,2.5,1518964320
4,15,4.0,1518964500
347,137,4.0,1518965520
14,101,2.5,1518965700
246,24,4.0,1518969360
19,96,3.5,1518983220
388,256,2.5,1518984720
121,79,4.5,1518986340
43,290,3.5,1518987600
101,294,3.5,1518988320
497,173,5.0,1518990540
459,172,4.0,1519001700
198,253,1.0,1519003020
163,48,3.0,1519003500
240,169,4.0,1519023360
397,175,3.0,1519026420
194,275,1.5,1519037040
189,137,3.5,1519041240
18,284,4.0,1519041540
106,13,4.5,1519041780
497,207,3.0,1519043520
415,162,3.5,1519053120
1,121,4.0,1519061400
212,35,1.0,1519068960
3,145,3.0,1519079040
117,134,2.5,1519094460
418,138,2.5,1519095480
455,70,3.5,1519099800
222,290,2.0,1519101180
237,105,3.5,1519105320
276,217,4.5,1519105560
431,275,0.5,1519108860
35,58,3.5,1519111200
244,245,3.5,1519111260
236,137,4.0,1519113360
406,82,3.0,1519115820
30,65,4.0,1519120740
98,77,2.0,1519124040
210,63,3.0,1519125360
38,192,5.0,1519126740
205,137,2.5,1519131720
386,153,3.5,1519132680
135,292,3.5,1519139400
382,250,3.5,1519144020
1,243,4.0,1519144140
265,127,3.5,1519152060
299,28,4.0,1519156500
55,253,2.0,1519158000
493,236,2.5,1519158480
321,147,3.0,1519158600
80,166,5.0,1519160580
320,203,3.0,1519163400
307,242,4.0,1519164540
169,3,3.0,1519165980
370,164,3.5,1519178100
379,18,3.5,1519183260
288,280,4.5,1519188720
75,101,2.5,1519190040
346,250,3.0,1519192920
180,183,3.0,1519201020
130,73,2.5,1519206060
399,222,3.0,1519211100
139,251,2.5,1519213020
391,245,3.5,1519216740
247,231,5.0,1519217820
297,149,2.5,1519220940
149,229,3.0,1519223400
465,169,4.5,1519229700
192,96,4.5,1519233660
200,150,3.0,1519246620
369,289,3.0,1519247700
414,64,4.5,1519263660
31,52,3.5,1519265160
52,20,3.0,1519266120
334,73,2.0,1519268460
271,203,2.5,1519272600
79,217,4.5,1519273620
373,290,2.5,1519278240
427,93,4.0,1519282140
333,182,3.5,1519291080
369,134,4.0,1519295340
92,10,3.5,1519295940
169,207,2.5,1519296060
444,262,3.0,1519308840
225,94,4.5,1519313100
47,112,3.5,1519325520
315,289,2.5,1519327200
43,155,4.0,1519331580
156,45,3.5,1519335120
435,58,3.0,1519336080
197,255,3.0,1519339020
463,205,2.5,1519344180
443,34,2.5,1519352220
265,129,3.5,1519352460
255,44,3.0,1519355340
459,150,2.5,1519361940
248,156,2.0,1519369860
428,85,4.0,1519371000
332,196,4.0,1519372260
89,215,4.0,1519372800
189,120,4.0,1519376100
363,158,3.0,1519378380
331,148,4.0,1519380180
305,175,4.0,1519380360
320,134,3.5,1519381860
165,134,4.5,1519385820
300,51,4.0,1519386120
65,170,3.0,1519392240
156,165,4.0,1519392480
2,170,1.5,1519393680
441,146,2.5,1519398120
150,287,3.5,1519403340
255,31,2.5,1519410180
179,220,4.0,1519410420
344,222,2.5,1519414620
197,134,4.5,1519415820
163,279,3.5,1519425840
219,217,3.5,1519426080
206,7,3.0,1519430220
94,201,2.0,1519441380
166,134,3.5,1519441680
482,194,2.5,1519445280
9,157,4.0,1519447320
12,21,3.5,1519448820
77,280,3.0,1519450140
395,215,2.5,1519452720
157,220,5.0,1519454280
442,150,2.5,1519464660
281,94,2.0,1519469040
234,89,4.0,1519469220
430,285,5.0,1519469760
42,255,3.5,1519475880
318,107,3.5,1519484400
53,251,4.5,1519488900
357,200,0.5,1519498920
240,70,3.0,1519500180
357,1,1.5,1519501080
272,269,2.0,1519505400
8,70,2.0,1519512180
460,18,2.5,1519516800
423,175,3.5,1519519320
358,60,2.5,1519528980
220,273,3.0,1519534200
370,15,4.0,1519534500
412,233,2.5,1519539480
465,57,4.0,1519541340
352,127,5.0,1519543200
152,132,5.0,1519543800
360,47,0.5,1519552740
123,229,3.5,1519554480
43,260,5.0,1519563540
315,183,2.5,1519564560
103,250,4.5,1519572780
43,236,3.0,1519573860
408,248,3.5,1519578840
324,235,4.5,1519587000
179,64,4.5,1519592160
161,64,5.0,1519593660
67,212,3.5,1519594260
103,275,2.0,1519596000
126,280,2.5,1519597020
184,189,3.0,1519602660
37,32,3.5,1519610460
207,195,2.0,1519616940
192,39,3.0,1519625460
32,73,4.5,1519630140
62,146,4.0,1519635540
314,51,2.5,1519644240
393,5,1.5,1519647600
234,139,3.0,1519652220
419,65,5.0,1519654020
293,250,2.5,1519661760
377,264,3.5,1519663200
471,102,2.5,1519663740
94,64,4.5,1519663980
428,120,2.0,1519664460
36,226,2.5,1519666980
12,18,2.0,1519668120
324,55,5.0,1519671900
395,174,4.0,1519673820
283,240,3.0,1519674900
75,212,3.5,1519675620
6,222,2.0,1519676280
334,226,2.5,1519692000
115,27,2.5,1519697040
465,7,3.5,1519709760
464,124,3.0,1519716240
355,37,4.0,1519722120
220,38,4.0,1519725900
170,134,1.5,1519731060
182,153,5.0,1519750620
389,172,5.0,1519750800
2,14,3.0,1519750860
178,244,2.0,1519755540
297,254,3.0,1519758300
328,290,4.0,1519761780
116,163,1.5,1519765080
268,109,3.5,1519768260
452,129,4.0,1519771020
325,40,3.5,1519771380
151,133,3.0,1519772220
235,36,3.0,1519777860
59,172,5.0,1519778040
241,182,3.5,1519781280
147,145,4.5,1519784100
315,41,2.5,1519786800
109,187,3.0,1519795800
313,30,3.5,1519803720
289,231,3.5,1519808220
184,31,4.0,1519809060
29,221,2.5,1519813980
363,36,4.5,1519819320
19,37,3.0,1519822860
216,171,1.0,1519824660
485,265,0.5,1519826520
348,222,3.5,1519829580
9,200,2.5,1519835400
478,290,2.5,1519843380
357,15,2.5,1519844640
104,272,3.5,1519850160
346,169,3.0,1519853640
234,235,3.5,1519858440
206,223,4.0,1519859700
11,70,2.5,1519860720
324,129,5.0,1519867980
419,289,3.0,1519875060
344,3,2.5,1519877160
240,101,3.5,1519877460
99,37,2.5,1519877580
385,172,5.0,1519878960
186,118,3.0,1519890540
233,65,4.5,1519891320
168,217,4.0,1519891800
138,243,4.5,1519893780
312,31,4.0,1519898520
418,293,1.0,1519906140
89,34,4.5,1519908780
211,244,2.0,1519909980
148,101,2.5,1519913160
296,256,3.5,1519914060
261,259,2.5,1519914840
382,105,3.5,1519920060
114,58,4.5,1519921080
106,153,3.5,1519926420
462,19,3.5,1519935780
321,107,3.0,1519939680
112,28,3.5,1519942020
97,265,2.5,1519943220
113,80,1.0,1519943760
300,232,3.5,1519959960
151,134,3.5,1519969080
130,40,2.5,1519974300
15,222,3.0,1519979160
466,103,3.0,1519993860
245,185,3.0,1520007660
202,256,4.5,1520014560
33,35,2.5,1520015580
145,26,4.5,1520017920
201,278,4.0,1520019360
443,88,3.0,1520024640
266,71,4.5,1520032500
9,279,3.5,1520032560
188,101,3.0,1520047320
367,73,5.0,1520049840
247,289,4.0,1520057280
54,123,4.5,1520058720
394,262,3.5,1520064180
91,207,1.0,1520069340
394,80,0.5,1520079720
332,172,3.5,1520081400
73,264,4.5,1520082840
129,148,5.0,1520084580
442,290,3.5,1520091720
443,284,4.0,1520093340
403,284,4.0,1520093700
209,73,3.0,1520106420
177,206,4.5,1520108460
76,290,1.0,1520108640
429,147,2.0,1520109120
299,236,2.5,1520110800
241,251,2.5,1520115360
316,14,3.0,1520121000
478,65,5.0,1520121960
112,151,3.0,1520126340
323,111,3.0,1520126640
123,183,2.5,1520137920
93,71,3.0,1520138400
385,253,3.0,1520141220
456,92,4.0,1520145000
131,63,3.0,1520146020
303,207,1.5,1520149020
320,36,4.0,1520153160
438,48,2.0,1520156580
7,242,2.5,1520158140
94,35,2.5,1520165400
230,225,1.0,1520174040
8,200,1.0,1520178900
384,13,4.0,1520188920
395,53,4.5,1520192640
453,159,3.5,1520195940
438,45,1.0,1520196540
173,138,4.5,1520200920
476,281,4.0,1520204160
289,51,3.5,1520205780
387,79,4.5,1520206620
234,239,2.5,1520209080
171,4,3.5,1520210820
313,300,4.0,1520215200
368,48,3.5,1520216700
249,77,2.0,1520224500
68,256,2.5,1520226120
250,94,3.0,1520227500
26,135,3.5,1520234760
19,105,3.5,1520250840
397,165,2.0,1520252520
250,203,2.0,1520260620
330,83,5.0,1520268180
146,173,4.5,1520271240
259,13,3.5,1520272500
260,182,4.0,1520273160
414,203,3.5,1520274000
200,121,3.5,1520281560
224,206,3.5,1520298780
385,175,4.0,1520299920
216,36,4.0,1520303400
97,258,2.5,1520308440
265,21,4.0,1520312460
205,226,3.0,1520313420
280,150,3.5,1520314440
52,175,3.5,1520314980
251,150,2.5,1520320620
394,149,2.5,1520332860
235,184,2.0,1520340120
234,109,3.5,1520342220
252,253,2.0,1520342580
8,93,2.5,1520344200
56,137,4.5,1520344260
324,275,3.5,1520348820
421,235,2.5,1520359080
21,157,3.5,1520363220
439,35,2.5,1520369280
471,58,4.0,1520376840
434,70,2.5,1520377020
10,165,3.0,1520379000
480,182,3.5,1520380020
100,218,3.5,1520388000
49,290,4.0,1520388960
184,281,4.0,1520399880
488,197,4.0,1520422020
39,208,2.0,1520427360
214,106,1.5,1520429820
459,192,5.0,1520430840
188,200,3.5,1520434620
29,288,1.5,1520436300
24,264,4.0,1520437860
63,269,4.5,1520438580
285,294,3.5,1520443380
11,220,4.0,1520444580
308,107,4.5,1520444940
49,222,4.0,1520449740
376,220,2.5,1520452320
444,240,4.0,1520455560
253,51,3.5,1520455920
83,134,4.0,1520459520
43,24,4.0,1520462940
447,299,3.5,1520463000
173,137,5.0,1520466480
389,217,4.5,1520467140
309,169,4.0,1520474880
461,215,3.0,1520478300
247,279,5.0,1520479500
419,151,5.0,1520488440
186,150,3.0,1520488560
368,226,5.0,1520489520
290,99,3.5,1520489820
115,173,4.5,1520490300
131,221,3.0,1520494020
468,163,3.0,1520494500
77,189,2.0,1520498160
358,34,2.5,1520515320
199,139,3.0,1520518920
499,280,2.0,1520522460
418,200,1.5,1520524620
438,290,2.5,1520525640
120,63,3.0,1520527080
13,215,2.0,1520531340
323,290,2.5,1520537940
319,59,5.0,1520545200
73,220,4.0,1520548800
424,48,3.5,1520550480
168,266,3.0,1520556240
431,77,1.0,1520562360
291,243,4.5,1520563560
169,81,2.5,1520569200
188,14,4.0,1520570940
270,290,4.5,1520574540
202,134,5.0,1520578440
154,100,3.5,1520585520
42,77,2.0,1520592480
389,70,4.0,1520593200
198,118,2.5,1520594520
171,189,3.5,1520602800
77,101,3.0,1520607600
197,18,3.5,1520619120
68,282,2.0,1520622360
29,64,3.0,1520622360
332,210,3.5,1520630700
274,29,2.0,1520638020
365,160,2.0,1520647440
364,195,3.5,1520648280
63,184,3.5,1520657460
342,152,3.0,1520657640
135,221,3.0,1520657760
339,88,1.5,1520659080
48,35,2.5,1520663580
319,205,2.0,1520663820
454,60,2.0,1520679000
361,73,3.0,1520679120
14,221,2.5,1520680380
17,129,3.0,1520697660
110,41,3.5,1520697900
63,101,3.0,1520707500
424,231,3.5,1520711760
239,17,3.5,1520719200
390,281,4.5,1520720160
352,28,5.0,1520722860
386,21,2.5,1520730600
286,235,3.5,1520738160
463,154,2.5,1520740500
121,18,3.0,1520741820
46,284,4.0,1520746860
318,186,3.0,1520747400
335,74,2.5,1520757300
431,254,3.0,1520758800
474,68,2.0,1520766000
329,157,4.0,1520766780
91,81,3.0,1520767440
393,231,2.5,1520767740
136,188,3.0,1520768760
46,170,2.5,1520772600
75,255,2.5,1520776980
468,294,4.0,1520784480
413,146,3.5,1520787060
183,198,2.0,1520787180
461,150,2.0,1520789580
212,134,2.5,1520797920
165,137,3.5,1520802480
296,1,2.5,1520809740
136,240,3.0,1520811900
266,215,4.0,1520816580
108,289,1.5,1520823480
85,154,2.5,1520823840
418,94,2.0,1520827500
258,201,3.0,1520828820
471,51,4.0,1520829540
69,187,4.5,1520832060
162,228,4.5,1520840460
446,281,5.0,1520840760
228,285,4.5,1520843340
293,244,2.5,1520847480
83,171,1.5,1520851800
217,73,4.0,1520853720
226,247,3.0,1520854020
246,5,2.5,1520855760
246,132,4.0,1520857860
269,250,4.0,1520860020
275,47,1.5,1520860620
495,64,5.0,1520863440
30,284,5.0,1520864160
145,250,4.0,1520864220
213,51,4.0,1520864340
493,72,1.0,1520870640
363,294,3.0,1520873400
428,229,2.0,1520874780
289,85,4.0,1520875320
240,293,3.0,1520876880
478,165,4.0,1520882100
479,184,2.0,1520883360
77,81,2.5,1520889720
174,186,5.0,1520895300
383,60,3.5,1520895600
186,51,5.0,1520896200
146,256,2.5,1520912040
203,51,4.0,1520917740
369,160,3.0,1520918580
257,53,5.0,1520927280
254,206,3.5,1520932380
377,269,4.0,1520933760
108,270,2.5,1520937180
166,141,3.0,1520937660
359,226,4.5,1520939460
154,64,3.0,1520939700
60,151,3.0,1520942400
248,106,2.0,1520942580
314,151,3.0,1520949300
54,279,3.5,1520950860
222,71,4.0,1520957340
365,35,2.5,1520957700
433,84,3.5,1520966880
244,30,3.0,1520980260
122,167,4.0,1520983080
238,193,4.5,1520984940
98,250,3.0,1520996760
111,219,3.5,1521001380
259,166,3.5,1521008940
320,6,3.5,1521011820
495,101,3.5,1521021300
499,278,2.0,1521023100
164,13,3.5,1521025740
96,193,3.0,1521026460
184,24,3.5,1521029220
351,29,3.0,1521030960
428,222,1.5,1521033120
54,182,3.0,1521040500
127,73,3.5,1521042120
103,71,5.0,1521045420
2,221,2.5,1521059580
270,237,5.0,1521061500
220,154,4.0,1521062520
85,256,4.5,1521064260
104,35,3.0,1521066360
190,72,1.5,1521071160
81,140,3.5,1521082080
268,56,4.0,1521098520
336,81,4.0,1521104520
347,165,4.0,1521111960
395,134,3.5,1521114600
361,231,4.0,1521120240
487,47,1.5,1521121140
263,51,4.0,1521121440
278,132,4.5,1521130860
55,170,2.0,1521138960
246,229,4.0,1521142980
474,179,2.0,1521143700
425,36,4.5,1521144540
136,185,3.5,1521147420
424,134,5.0,1521151980
261,103,2.5,1521154140
158,3,2.0,1521154260
328,56,4.0,1521155940
217,121,2.0,1521156720
123,255,3.5,1521161100
157,94,4.0,1521161160
255,250,3.5,1521169440
246,73,3.0,1521169920
204,172,5.0,1521170220
375,64,2.5,1521172140
270,105,5.0,1521176820
182,27,4.5,1521184140
246,121,4.5,1521187440
351,289,2.5,1521188220
6,289,1.0,1521189000
161,219,3.5,1521192960
381,288,3.5,1521200280
124,168,2.5,1521204240
220,105,5.0,1521204720
243,245,2.0,1521205560
465,186,3.0,1521211680
367,221,4.5,1521215100
436,63,2.0,1521218880
313,180,3.5,1521225420
498,106,3.0,1521226440
139,250,2.0,1521233760
488,182,4.0,1521237720
270,24,5.0,1521242280
456,170,4.0,1521243480
420,182,4.0,1521250380
183,82,3.0,1521250620
192,60,2.0,1521252000
447,245,3.0,1521253260
463,78,3.0,1521260520
209,132,5.0,1521261840
328,31,4.5,1521286080
475,66,4.0,1521286500
333,70,3.5,1521292200
337,35,2.0,1521296340
366,244,3.0,1521300960
211,132,4.5,1521302100
477,32,3.0,1521306480
415,45,3.0,1521307080
411,51,4.5,1521310800
3,71,5.0,1521311820
317,151,3.0,1521312360
7,216,4.5,1521315660
167,38,4.0,1521332220
166,79,2.0,1521333600
100,253,2.0,1521334500
242,146,2.0,1521336480
398,255,4.5,1521336720
368,294,4.0,1521338160
8,195,2.5,1521338760
17,236,2.5,1521340980
93,172,4.0,1521346980
293,94,2.5,1521354120
418,235,3.0,1521354780
374,38,3.0,1521362640
116,215,1.0,1521363480
190,152,3.0,1521372720
317,136,2.5,1521377040
291,250,3.5,1521378240
130,43,3.0,1521378900
48,54,4.0,1521385080
475,62,4.5,1521392640
301,256,1.5,1521398520
4,105,3.5,1521399600
356,230,5.0,1521412380
382,193,3.0,1521414300
310,218,4.0,1521415260
255,124,3.5,1521419940
200,279,2.5,1521420180
152,25,4.0,1521423360
65,284,4.5,1521429240
1,263,4.5,1521432360
362,284,4.0,1521436320
492,245,3.5,1521440640
77,284,3.5,1521447600
23,35,1.0,1521448260
222,262,3.0,1521464400
80,207,1.5,1521472680
145,251,4.0,1521475500
456,189,3.0,1521479460
417,253,2.5,1521480480
132,251,4.0,1521483780
430,245,3.5,1521484080
396,18,2.0,1521491160
339,299,2.5,1521494340
244,255,3.5,1521497340
29,267,2.5,1521507480
158,211,2.5,1521510060
433,100,3.5,1521518820
238,208,1.5,1521522420
139,3,2.0,1521524880
209,174,3.5,1521529080
90,82,4.0,1521530640
439,238,4.5,1521531780
43,225,3.0,1521541320
54,64,4.0,1521545460
410,126,2.5,1521545580
270,128,4.5,1521546960
490,45,2.0,1521563700
406,47,2.5,1521564060
248,251,3.5,1521569160
49,134,5.0,1521570720
165,265,3.0,1521571680
138,217,4.0,1521572220
420,21,3.0,1521574380
131,243,4.0,1521575220
489,182,4.5,1521583620
102,223,3.0,1521591180
387,137,5.0,1521597240
267,221,3.0,1521607860
168,28,3.0,1521609000
4,121,4.5,1521609000
7,251,3.5,1521610980
300,24,2.5,1521614100
186,79,4.0,1521619440
29,207,1.0,1521632400
408,83,3.0,1521634980
55,269,3.0,1521651300
77,3,2.5,1521653640
250,173,3.0,1521657900
397,141,4.0,1521660960
246,284,4.5,1521665760
78,250,3.5,1521668880
119,1,2.5,1521669000
205,64,3.0,1521670200
118,64,3.5,1521673500
30,289,4.0,1521681900
107,153,2.0,1521682380
218,130,3.0,1521690120
155,126,3.0,1521691680
214,177,2.5,1521691920
69,24,4.5,1521692460
331,194,3.5,1521693180
431,173,4.0,1521693300
302,241,3.0,1521693540
155,103,2.0,1521695700
465,286,3.5,1521699720
347,284,4.5,1521701280
472,290,3.5,1521703500
114,175,4.0,1521705840
83,150,1.5,1521706500
426,217,4.0,1521707100
419,175,4.5,1521713940
64,15,3.5,1521715800
119,220,3.5,1521715860
291,60,1.5,1521721920
330,31,4.5,1521722040
164,101,3.5,1521726660
139,220,3.0,1521726660
188,58,4.0,1521752280
132,197,4.0,1521753600
180,70,2.5,1521755700
343,249,2.5,1521757320
60,77,2.5,1521763920
229,291,3.0,1521770400
51,242,3.0,1521772020
28,81,4.0,1521772440
346,1,2.0,1521773280
256,229,4.0,1521787980
445,109,2.5,1521788880
163,141,4.0,1521789840
428,255,2.5,1521793740
94,37,3.0,1521795300
75,240,3.0,1521796260
478,155,2.5,1521797520
250,223,3.5,1521797760
41,14,4.0,1521807600
433,259,2.0,1521808680
218,48,3.5,1521814620
55,223,3.0,1521820560
271,239,3.5,1521823740
215,253,4.5,1521833820
48,290,3.5,1521836760
500,288,2.0,1521839220
200,101,3.0,1521850140
182,185,4.0,1521851520
276,129,3.0,1521852780
422,105,3.5,1521854760
18,98,4.0,1521855240
356,285,5.0,1521855420
242,198,3.0,1521857580
95,165,2.5,1521861840
476,169,3.5,1521869760
18,275,1.0,1521873900
481,63,3.0,1521885120
290,73,3.0,1521896220
194,150,3.5,1521900960
389,58,3.5,1521901500
298,220,3.5,1521908340
42,240,3.5,1521923940
150,3,2.5,1521933240
317,203,2.5,1521933780
426,127,2.5,1521933840
94,51,4.0,1521937620
33,31,4.0,1521945720
426,142,3.5,1521947640
451,255,3.5,1521948420
227,253,4.0,1521951840
237,58,4.0,1521962460
244,128,3.0,1521969300
145,182,4.5,1521981000
233,217,4.5,1521987660
85,64,3.5,1521999900
238,24,4.0,1522001220
297,48,3.0,1522019040
473,82,3.0,1522023540
493,297,3.5,1522033500
91,73,3.0,1522049880
482,226,4.5,1522054740
369,254,4.0,1522057680
83,183,2.5,1522058580
264,73,3.5,1522060500
62,250,4.5,1522062000
450,26,4.0,1522069440
225,137,5.0,1522076280
60,42,0.5,1522077240
404,187,3.0,1522081320
19,106,3.0,1522083540
268,220,2.5,1522085400
213,81,4.5,1522097520
489,189,4.0,1522105140
44,241,3.0,1522108800
347,217,3.0,1522116660
254,173,4.0,1522117680
20,29,2.5,1522122540
79,44,2.5,1522123800
432,3,3.0,1522130640
480,150,2.5,1522131960
150,132,5.0,1522134420
36,182,2.5,1522138920
92,243,4.5,1522141320
302,59,2.0,1522152120
17,15,3.5,1522152120
438,120,2.5,1522158720
207,47,3.0,1522160760
292,24,4.0,1522161180
265,169,4.0,1522162320
69,227,3.5,1522176060
435,251,3.0,1522177740
391,145,4.5,1522189560
110,150,3.0,1522191000
464,188,3.5,1522193100
422,43,3.0,1522197480
96,262,2.0,1522200840
129,134,3.0,1522204800
43,15,4.5,1522211100
407,91,2.0,1522212840
1,203,2.5,1522215900
52,81,4.0,1522218240
57,139,2.0,1522219020
125,221,4.5,1522225500
53,245,3.5,1522225560
67,289,1.0,1522229220
14,244,2.5,1522233300
325,180,3.0,1522234380
391,294,4.0,1522235280
408,254,3.5,1522239300
252,81,2.0,1522240080
490,93,3.0,1522244340
455,197,4.5,1522247100
322,183,3.5,1522249980
223,182,2.5,1522255740
294,88,3.0,1522274520
321,40,2.5,1522274760
378,173,3.5,1522276020
169,14,4.0,1522290960
312,103,3.0,1522293780
409,73,3.5,1522295280
255,196,4.5,1522306320
408,94,3.5,1522309080
418,145,2.0,1522319220
427,170,3.5,1522320120
251,227,4.0,1522326540
151,210,4.0,1522329660
107,280,1.0,1522334460
261,223,3.5,1522338000
448,187,4.0,1522340340
274,240,1.5,1522344780
306,249,2.5,1522349280
282,70,2.0,1522349760
140,34,2.5,1522353540
124,111,3.0,1522358880
124,35,3.0,1522360560
427,299,3.5,1522361820
259,18,3.0,1522366380
212,48,2.0,1522382760
349,272,2.5,1522387620
133,276,3.0,1522387680
345,121,3.0,1522388040
298,88,3.0,1522390680
10,201,2.0,1522394220
91,159,3.0,1522395360
52,207,2.0,1522399260
147,253,3.5,1522406400
181,141,2.5,1522408380
499,80,1.5,1522410480
337,275,0.5,1522410540
240,5,3.5,1522421940
465,52,4.5,1522425960
162,15,3.5,1522430400
279,107,2.5,1522432380
273,284,3.0,1522439940
28,176,2.0,1522440840
180,217,5.0,1522447680
188,231,2.5,1522448460
7,217,3.5,1522449600
378,151,2.5,1522451700
490,64,3.5,1522452180
483,183,5.0,1522459140
185,164,4.5,1522466640
351,18,2.0,1522470360
416,106,4.0,1522472280
183,70,2.5,1522477620
142,241,3.5,1522484640
363,231,2.5,1522485120
435,256,3.0,1522488480
433,150,2.5,1522491060
450,276,3.5,1522494120
205,14,2.5,1522497360
113,290,3.0,1522504440
209,15,3.0,1522505460
386,159,4.0,1522508940
281,244,2.5,1522510080
269,133,2.0,1522515120
405,284,3.0,1522515480
245,148,2.5,1522516560
465,189,3.5,1522518540
492,141,4.0,1522520520
427,263,3.5,1522523460
136,180,4.5,1522523460
303,5,3.0,1522529160
125,145,4.5,1522534980
18,202,4.5,1522535220
363,30,4.0,1522538220
49,101,4.0,1522542780
67,152,3.5,1522545660
279,157,3.0,1522545900
247,175,5.0,1522546200
157,261,4.0,1522547220
186,32,4.0,1522550460
33,48,3.0,1522555560
442,269,2.5,1522561020
58,80,0.5,1522568760
391,150,3.0,1522568880
251,273,3.5,1522576560
247,182,5.0,1522578180
455,174,2.5,1522586700
162,45,4.0,1522588140
431,242,2.5,1522592880
30,151,4.5,1522595400
175,71,5.0,1522598040
191,73,2.5,1522601520
305,216,3.5,1522604460
270,71,5.0,1522619700
171,51,4.0,1522629720
495,49,4.5,1522630440
500,174,4.0,1522631520
374,240,2.5,1522633680
163,52,3.0,1522637580
481,240,4.0,1522646460
265,229,4.5,1522652040
442,71,5.0,1522662060
367,24,5.0,1522664580
200,45,2.5,1522664820
232,165,4.0,1522667700
372,105,5.0,1522671960
267,291,2.5,1522675440
115,119,3.0,1522689300
488,73,4.0,1522696980
244,28,4.5,1522699260
248,262,2.5,1522699740
38,200,3.0,1522700940
344,43,3.5,1522701000
381,101,2.5,1522710000
101,183,3.5,1522717200
186,66,3.0,1522718220
426,185,4.0,1522721520
153,5,1.5,1522721940
190,82,3.5,1522722720
498,280,2.5,1522728600
422,245,3.0,1522730460
135,77,2.5,1522733100
341,154,3.5,1522733220
41,64,4.0,1522734600
109,152,3.5,1522734720
285,48,2.0,1522735320
11,118,2.5,1522735320
105,60,2.5,1522735500
177,159,4.5,1522739460
392,293,1.5,1522756500
8,177,1.5,1522760220
28,159,4.0,1522761540
470,255,2.0,1522762440
209,240,3.0,1522765800
447,237,5.0,1522768800
302,246,1.5,1522770960
441,19,2.5,1522771800
234,176,5.0,1522784160
27,52,2.5,1522785840
220,300,3.5,1522786920
264,217,3.0,1522796400
289,133,2.0,1522798440
414,229,4.5,1522799940
417,73,3.0,1522801440
433,172,5.0,1522802280
374,129,3.5,1522805400
61,256,3.0,1522809180
259,82,3.0,1522811580
365,4,3.5,1522818480
459,174,3.5,1522822320
40,231,3.0,1522831260
96,300,3.0,1522833060
388,24,3.5,1522835700
332,243,4.0,1522836000
495,17,4.5,1522837500
418,47,2.0,1522839600
349,51,3.5,1522851060
321,101,2.5,1522872960
58,63,3.5,1522873200
271,156,2.0,1522875000
92,40,3.5,1522880280
223,194,2.5,1522883340
373,40,3.5,1522894020
379,216,4.5,1522894380
103,246,3.5,1522903020
500,35,2.0,1522905360
319,135,3.0,1522910760
215,243,5.0,1522923960
284,23,1.5,1522925280
145,175,3.5,1522935000
245,204,3.0,1522941840
219,170,2.5,1522944420
179,237,4.5,1522948920
275,253,2.5,1522950600
493,120,3.0,1522951560
153,147,3.5,1522952700
218,269,4.5,1522954680
267,119,2.0,1522955460
192,112,4.0,1522956300
467,24,4.0,1522956480
261,233,2.0,1522956960
64,156,2.0,1522958100
246,185,3.5,1522959000
75,203,3.0,1522967640
317,79,5.0,1522968540
40,254,4.5,1522974600
274,27,2.5,1522977480
103,256,3.5,1522978260
103,190,2.0,1522983060
169,133,3.0,1522990500
371,203,2.5,1522992300
432,194,3.0,1522999380
479,103,3.0,1522999440
9,182,5.0,1523000700
405,223,2.5,1523007480
374,225,2.0,1523010720
329,231,3.5,1523011020
279,162,2.5,1523011500
389,280,3.0,1523013480
419,24,4.0,1523013540
495,70,4.0,1523015520
332,272,1.5,1523020560
168,106,3.5,1523029200
247,35,3.0,1523033220
67,55,2.0,1523037960
218,138,5.0,1523039820
299,36,4.0,1523050920
206,151,4.5,1523055540
265,77,3.0,1523059080
181,121,2.5,1523059800
220,146,3.5,1523067120
369,256,3.5,1523072880
332,241,3.0,1523081160
244,202,5.0,1523081700
483,258,4.5,1523083320
112,251,3.0,1523083440
326,253,2.0,1523084340
425,183,4.0,1523085420
80,45,2.5,1523090820
234,82,3.5,1523093340
50,107,4.0,1523099340
185,34,4.0,1523102340
497,245,3.5,1523105160
336,186,4.0,1523107920
155,293,3.0,1523112360
124,63,3.0,1523113860
290,198,2.0,1523114460
94,220,4.0,1523118720
55,159,3.5,1523120400
34,169,3.0,1523122800
255,269,3.0,1523123400
471,226,4.5,1523125380
347,233,2.5,1523132760
296,30,3.0,1523133000
347,180,3.5,1523141460
82,150,3.5,1523154900
383,42,2.0,1523156460
181,281,4.5,1523157720
138,6,4.5,1523162580
300,137,3.5,1523169420
40,250,3.0,1523171340
229,43,4.0,1523194980
236,241,3.5,1523195340
159,137,4.5,1523196240
457,162,3.5,1523198580
433,138,3.0,1523201160
47,173,3.0,1523206560
178,108,4.0,1523207580
237,197,5.0,1523214240
450,154,2.5,1523214600
496,156,1.5,1523220840
235,103,1.5,1523223780
432,188,2.5,1523235000
376,26,3.0,1523236740
67,194,1.0,1523247000
361,135,2.5,1523253480
87,18,3.0,1523255940
37,41,4.5,1523257080
482,15,3.0,1523263860
114,37,3.0,1523272800
357,256,2.0,1523286960
425,137,5.0,1523295000
443,266,3.5,1523297520
93,267,2.5,1523300400
224,186,3.5,1523301780
113,279,3.5,1523307120
213,21,5.0,1523312520
106,94,3.0,1523314980
379,279,3.0,1523316000
253,284,2.0,1523318760
263,241,4.0,1523323680
247,205,4.0,1523324820
97,245,2.0,1523327340
2,73,3.0,1523328300
50,251,4.5,1523329740
148,233,2.5,1523330160
176,253,2.0,1523332620
91,176,2.5,1523338680
374,262,4.5,1523339820
214,93,3.0,1523339940
230,171,2.0,1523348760
453,178,4.0,1523349900
129,269,3.0,1523357160
384,174,3.0,1523357460
225,207,2.5,1523360160
488,134,3.5,1523361300
244,60,2.5,1523361480
490,106,3.5,1523363040
28,244,2.5,1523365740
159,93,3.5,1523366640
354,288,3.0,1523368140
341,197,4.5,1523378640
361,141,4.5,1523381220
437,107,4.5,1523384400
486,194,2.5,1523385360
341,220,3.0,1523393700
426,244,3.0,1523393940
136,174,2.5,1523398440
105,148,2.0,1523399400
290,202,2.0,1523411220
199,71,4.5,1523415000
343,242,2.5,1523422440
445,65,2.5,1523427360
449,137,4.0,1523428620
237,208,4.0,1523433840
255,194,1.5,1523434200
46,111,3.5,1523435220
341,201,3.0,1523442360
407,85,4.0,1523445300
56,210,4.0,1523445900
43,289,3.5,1523449200
496,170,2.0,1523449860
428,217,2.0,1523452860
223,10,4.0,1523453460
217,262,3.5,1523455800
162,292,5.0,1523461080
284,207,1.5,1523465220
119,248,2.5,1523470020
392,5,1.0,1523473020
81,66,4.5,1523478960
285,141,3.0,1523482140
42,175,2.5,1523482380
37,146,3.5,1523485380
214,171,1.0,1523490060
489,170,2.0,1523496540
500,43,4.5,1523498220
109,107,2.0,1523500140
177,60,2.5,1523500500
140,248,2.5,1523505720
474,269,3.0,1523517180
310,154,0.5,1523517600
483,3,3.0,1523519160
41,153,2.5,1523519460
403,213,4.0,1523523180
40,203,3.5,1523523360
306,250,3.5,1523523720
125,279,4.5,1523530500
12,42,2.0,1523531820
164,47,2.0,1523547240
198,132,3.5,1523548320
329,7,5.0,1523557800
388,200,3.0,1523558760
455,15,4.0,1523560080
222,150,2.5,1523560260
444,281,4.0,1523564160
23,140,2.0,1523564820
384,172,5.0,1523565720
139,154,2.0,1523569320
83,101,2.5,1523571480
411,160,2.0,1523575260
470,94,3.0,1523576100
373,94,4.0,1523578440
199,260,4.0,1523586120
107,245,2.5,1523604000
22,48,4.0,1523607240
325,94,3.5,1523613360
380,176,2.0,1523614560
162,173,5.0,1523618880
390,65,3.0,1523621280
109,56,1.5,1523622060
68,112,4.5,1523625120
482,37,4.0,1523638500
132,189,4.0,1523638560
133,219,3.5,1523639400
105,238,4.0,1523643120
132,128,4.5,1523643840
112,243,3.5,1523646360
342,291,2.0,1523655180
405,149,1.0,1523667240
440,79,1.5,1523669940
253,14,3.0,1523678640
121,250,5.0,1523680620
255,165,3.0,1523683740
67,47,1.5,1523685960
202,221,4.5,1523687580
212,156,1.0,1523688300
120,189,2.5,1523693040
187,185,4.0,1523697000
445,105,2.0,1523701740
224,155,3.0,1523704140
23,64,3.5,1523713800
403,21,4.0,1523714580
301,60,1.0,1523715120
12,73,3.0,1523718180
180,38,3.0,1523718420
182,107,4.0,1523726820
468,36,5.0,1523733000
239,244,3.5,1523739420
64,61,4.5,1523740260
417,117,4.5,1523741160
186,73,3.5,1523741220
490,294,3.0,1523744160
3,9,4.0,1523755260
162,129,3.5,1523756940
399,154,1.0,1523757600
201,51,5.0,1523760300
137,240,2.5,1523764800
199,282,4.5,1523767980
371,81,3.5,1523770200
122,3,1.5,1523781240
406,269,3.0,1523793540
497,64,4.5,1523795940
359,221,2.0,1523800020
354,64,3.5,1523803620
390,28,3.0,1523807940
217,284,3.0,1523808960
175,101,3.0,1523810100
183,216,4.5,1523816940
285,222,2.0,1523817720
111,70,2.5,1523817840
246,171,3.0,1523822760
332,252,3.5,1523824680
317,230,5.0,1523831220
133,38,2.5,1523831820
433,73,2.5,1523842020
167,248,2.0,1523866560
428,187,2.0,1523868300
24,147,3.0,1523868420
393,250,2.5,1523869920
181,89,4.0,1523870040
57,143,4.5,1523882160
384,107,3.5,1523894580
45,119,3.0,1523896860
408,42,2.5,1523906580
434,129,4.0,1523912100
471,235,5.0,1523915400
148,281,3.0,1523915460
294,193,4.5,1523920320
322,122,3.5,1523920740
476,3,1.5,1523921100
118,116,3.5,1523924460
461,134,3.5,1523927700
64,32,3.5,1523928060
217,275,1.0,1523928780
175,137,3.5,1523930100
99,219,2.5,1523936520
270,60,4.5,1523941320
475,245,3.0,1523942340
277,280,0.5,1523946600
221,50,1.5,1523947800
57,43,4.0,1523954820
284,250,3.5,1523961900
288,269,5.0,1523962740
351,56,3.0,1523963940
329,83,3.5,1523983800
116,86,3.5,1523984400
66,188,4.0,1523984640
472,30,4.5,1523985900
43,284,3.5,1523988300
230,248,2.5,1523989620
151,24,4.0,1523990040
224,48,3.0,1523990340
269,248,2.5,1523993580
31,188,4.5,1524001260
205,207,0.5,1524002040
448,192,4.5,1524005520
84,216,5.0,1524007560
446,72,3.0,1524008880
165,172,5.0,1524009300
303,284,4.0,1524009360
145,164,4.5,1524010800
362,275,0.5,1524016380
348,147,2.5,1524031800
195,58,3.0,1524032100
87,172,5.0,1524037680
218,294,4.0,1524048720
386,272,3.0,1524051480
210,173,4.5,1524056520
245,231,2.5,1524058500
324,93,5.0,1524065760
217,138,3.5,1524075540
125,243,5.0,1524075900
487,200,0.5,1524078840
53,35,3.0,1524081300
378,17,3.0,1524089640
91,148,3.0,1524090300
16,161,3.5,1524093900
381,138,3.5,1524101760
189,138,4.0,1524102120
281,3,2.0,1524114600
311,81,2.5,1524115260
79,242,3.0,1524119880
278,215,4.0,1524130140
57,150,2.0,1524139200
261,262,2.0,1524147120
114,173,4.0,1524148200
336,230,5.0,1524148620
20,134,4.0,1524150240
341,150,3.5,1524180000
18,132,4.0,1524181860
202,275,2.0,1524182820
104,128,5.0,1524184260
32,215,3.0,1524184620
160,170,3.5,1524185940
280,31,4.5,1524187320
444,235,4.0,1524190080
53,220,4.5,1524191580
402,284,3.0,1524201660
490,105,4.0,1524206100
54,15,3.0,1524221820
283,280,3.0,1524223440
377,223,4.0,1524231120
479,43,3.0,1524234180
420,243,3.5,1524237120
15,177,2.5,1524237420
108,223,3.0,1524240180
447,198,3.0,1524240840
66,123,4.5,1524244260
378,150,2.0,1524246660
413,193,4.5,1524252060
89,256,4.0,1524255000
294,231,3.5,1524260880
292,240,3.0,1524263580
220,60,2.5,1524264180
387,289,3.0,1524274440
155,183,3.5,1524286020
196,296,3.5,1524295020
349,297,2.0,1524297780
51,61,3.5,1524303360
165,222,2.5,1524305280
309,137,4.0,1524307260
169,40,3.5,1524307740
479,240,2.5,1524307860
499,276,4.0,1524312720
160,294,3.0,1524313680
142,265,1.5,1524313740
468,177,2.5,1524316200
401,5,1.5,1524319860
51,241,3.5,1524320100
493,10,2.5,1524330360
113,66,3.5,1524339000
465,127,4.0,1524340260
392,152,3.0,1524343020
431,105,3.5,1524344700
268,244,3.0,1524351660
138,57,3.0,1524354480
410,249,2.5,1524361260
343,300,3.0,1524362340
472,107,3.5,1524368820
250,89,3.0,1524368880
102,231,2.5,1524369540
271,58,3.0,1524370380
134,141,4.5,1524370680
147,245,4.0,1524370980
470,14,3.0,1524371700
115,84,4.0,1524372420
423,182,4.0,1524376860
344,178,2.0,1524377340
36,275,0.5,1524398880
152,289,3.0,1524402840
142,235,3.5,1524406620
175,127,3.0,1524407760
297,63,2.5,1524411360
133,197,4.5,1524416640
36,165,3.5,1524423060
111,175,2.5,1524432000
177,269,5.0,1524433920
95,106,2.5,1524434700
495,28,5.0,1524442680
416,134,4.0,1524447540
78,165,2.0,1524459000
362,146,3.5,1524459900
443,254,3.5,1524460740
342,193,4.0,1524462660
68,154,2.0,1524463920
208,111,2.5,1524464940
279,172,4.5,1524467340
281,31,2.5,1524471780
147,129,3.5,1524472260
151,95,4.0,1524477300
137,121,3.0,1524478620
8,165,2.0,1524479880
365,203,2.0,1524481200
407,146,2.5,1524488460
217,94,3.5,1524489420
64,116,4.0,1524492480
191,103,2.0,1524501480
254,152,3.0,1524503100
298,229,3.5,1524503160
139,48,3.0,1524504960
409,77,3.0,1524507360
329,177,2.5,1524523740
167,185,4.0,1524523860
103,24,4.5,1524529200
183,36,5.0,1524530700
266,206,5.0,1524530700
202,37,4.0,1524531000
237,273,2.0,1524539220
170,111,2.5,1524550680
340,221,3.0,1524551520
54,240,4.0,1524553020
242,14,2.0,1524560400
396,200,2.0,1524563820
344,118,2.5,1524564600
136,233,3.0,1524565860
437,148,3.0,1524566820
124,60,2.5,1524567600
253,52,2.5,1524572880
157,58,5.0,1524574140
264,139,3.5,1524574800
35,173,4.5,1524579060
492,282,4.0,1524586140
1,289,1.0,1524588480
206,171,2.0,1524600600
22,141,4.5,1524600960
268,165,2.5,1524614400
258,210,3.5,1524616020
211,137,3.5,1524617760
486,147,2.5,1524620880
494,171,2.5,1524622560
349,47,1.5,1524634620
209,47,3.0,1524636180
462,34,3.0,1524637260
168,280,3.0,1524641340
460,58,3.5,1524643440
181,291,2.5,1524647640
475,243,3.5,1524652740
54,268,2.5,1524653460
71,259,3.0,1524655620
8,230,4.0,1524657600
460,132,4.5,1524660240
5,5,2.0,1524661980
56,88,1.5,1524670380
49,217,4.5,1524672300
134,175,4.5,1524684660
122,45,2.5,1524687060
174,172,4.5,1524690480
38,56,4.0,1524691260
385,240,4.5,1524691380
203,143,2.0,1524694440
150,226,3.5,1524699720
392,147,2.0,1524702480
370,105,4.0,1524707580
287,204,4.0,1524709740
231,221,2.0,1524712320
100,250,3.0,1524713100
393,294,3.5,1524715560
185,275,2.5,1524720360
423,137,3.5,1524720420
42,105,3.0,1524730140
182,275,2.0,1524734880
303,15,2.0,1524739620
332,139,2.0,1524740580
273,64,4.0,1524741660
264,185,3.5,1524744540
34,139,3.0,1524747180
366,56,3.0,1524753060
282,150,2.0,1524753660
224,18,2.5,1524757500
328,66,4.5,1524761520
416,195,3.0,1524763320
451,21,2.0,1524775920
449,150,3.0,1524783840
165,48,2.5,1524784080
167,202,5.0,1524788400
420,18,2.5,1524794220
97,182,2.5,1524794760
464,221,3.0,1524797340
373,200,2.0,1524798720
236,217,4.5,1524798960
411,79,5.0,1524806580
430,200,2.5,1524810060
74,294,4.0,1524812760
228,187,2.5,1524831960
418,269,3.0,1524840300
369,103,3.5,1524851160
99,286,3.0,1524865200
10,12,2.5,1524867120
221,238,3.0,1524867660
20,58,3.5,1524877920
408,277,2.5,1524879180
320,21,4.0,1524880080
485,149,1.0,1524881280
436,154,0.5,1524882780
126,154,3.5,1524882960
120,166,3.0,1524887520
352,14,5.0,1524889140
22,233,1.5,1524891900
498,240,3.0,1524892740
332,221,3.0,1524892920
200,223,3.5,1524896460
310,55,2.5,1524898320
195,280,3.0,1524898320
298,64,5.0,1524900600
363,275,1.0,1524907500
227,223,3.5,1524912240
255,150,1.5,1524913380
301,178,2.5,1524919080
342,5,2.0,1524937680
269,154,2.5,1524941880
12,99,4.5,1524945180
136,15,3.0,1524955860
33,152,4.5,1524959460
139,164,4.0,1524960540
466,267,4.0,1524964440
181,267,2.5,1524968700
269,216,4.0,1524972300
17,294,4.0,1524975540
189,107,4.5,1524978000
186,245,3.5,1524978420
397,101,2.5,1524983340
359,73,2.0,1524985140
14,64,3.0,1524993600
339,38,3.0,1524996540
17,60,3.0,1524997140
273,88,3.0,1524997500
149,27,3.5,1525004160
92,290,3.5,1525006200
265,231,2.5,1525007100
333,299,2.5,1525026840
483,146,4.0,1525029300
52,58,4.0,1525034100
211,180,2.5,1525035660
259,56,3.5,1525037100
391,269,5.0,1525038960
195,292,3.5,1525040880
45,250,3.5,1525042620
121,248,3.0,1525048200
407,96,3.0,1525061100
296,190,2.5,1525071000
41,109,2.0,1525080300
148,211,3.5,1525084500
317,236,3.0,1525092480
255,255,4.0,1525094460
222,163,2.5,1525095120
422,48,3.5,1525105080
250,284,2.5,1525107300
330,123,5.0,1525108500
426,18,2.0,1525109040
184,93,3.5,1525115640
449,264,4.5,1525116480
198,189,3.0,1525117260
178,185,4.0,1525118280
214,236,2.0,1525123920
465,289,4.0,1525124400
400,51,4.0,1525124580
129,192,4.5,1525130400
367,268,3.5,1525135860
395,275,1.5,1525136460
380,52,3.0,1525140780
209,245,3.0,1525143720
147,216,4.5,1525160040
175,250,3.0,1525164300
353,188,4.0,1525166460
158,189,2.5,1525177680
421,237,4.5,1525178100
445,73,2.0,1525183260
150,51,3.5,1525189140
26,73,2.5,1525209960
125,71,5.0,1525217640
378,24,3.0,1525218060
28,279,3.0,1525219620
199,187,4.0,1525220280
424,290,4.0,1525222260
240,188,3.5,1525223160
356,250,5.0,1525223280
215,77,3.5,1525225020
347,42,2.5,1525226760
225,249,3.5,1525229400
394,40,3.0,1525229640
149,65,3.0,1525246440
495,152,4.5,1525247940
278,65,3.0,1525251600
163,268,2.0,1525257240
401,183,4.0,1525262580
429,222,4.0,1525266240
70,105,4.0,1525273680
84,296,3.5,1525277700
206,289,3.0,1525277820
339,143,2.5,1525278120
101,179,5.0,1525281060
374,273,3.0,1525286760
307,299,3.0,1525295640
500,299,3.0,1525300320
307,93,3.5,1525317360
80,73,2.5,1525323360
195,141,3.5,1525325040
432,165,3.5,1525330320
64,73,3.0,1525332840
297,10,3.5,1525335840
47,229,4.5,1525342380
128,105,3.5,1525356960
155,89,3.5,1525359060
61,188,3.5,1525372200
200,300,3.5,1525374420
309,175,4.0,1525376100
443,289,2.0,1525379340
254,66,2.5,1525381980
451,216,3.5,1525383120
355,284,4.0,1525384140
391,10,4.0,1525386660
171,147,2.5,1525391640
393,128,3.5,1525395780
307,70,4.5,1525399440
440,137,3.5,1525406700
468,101,4.5,1525407480
250,200,2.0,1525413900
213,269,4.5,1525417800
266,78,4.5,1525422840
237,220,3.5,1525426200
430,169,3.0,1525431240
497,250,5.0,1525437180
186,24,3.5,1525439280
20,206,2.5,1525441080
5,137,3.5,1525445280
406,56,2.5,1525446120
211,252,3.0,1525446660
67,3,2.5,1525447800
397,162,2.5,1525450560
327,150,1.5,1525453200
476,196,4.0,1525454820
18,255,3.0,1525467420
122,48,2.5,1525470300
56,284,3.5,1525473840
56,129,3.5,1525475940
416,48,3.5,1525477200
243,149,2.0,1525485900
52,94,5.0,1525486260
458,268,2.5,1525486620
483,244,3.0,1525493820
383,151,3.0,1525500840
36,240,2.5,1525501500
327,58,3.0,1525501560
181,215,3.0,1525502700
214,258,2.5,1525506120
380,105,3.0,1525506660
472,176,2.5,1525507860
463,171,1.5,1525518240
178,290,1.5,1525521600
232,280,2.5,1525527780
162,157,4.0,1525539660
391,180,3.5,1525543260
18,118,2.5,1525552980
160,79,4.5,1525554180
234,210,4.5,1525556880
285,221,3.0,1525557180
423,146,3.0,1525559520
207,1,4.0,1525564020
72,300,4.0,1525565520
179,182,4.5,1525567260
293,212,3.0,1525569720
338,36,4.5,1525574700
100,108,2.5,1525582080
339,72,3.0,1525586520
109,289,1.0,1525591620
400,198,4.0,1525593840
241,9,2.0,1525596720
329,220,3.5,1525596780
461,124,3.5,1525597440
481,231,4.0,1525603320
342,119,3.0,1525611000
386,208,2.5,1525614480
69,82,4.0,1525618860
268,120,4.0,1525621380
216,105,3.5,1525621380
335,8,3.0,1525622100
176,27,3.5,1525622820
216,56,2.5,1525628100
310,137,3.0,1525633800
149,93,3.0,1525636800
436,131,2.5,1525637580
157,71,4.0,1525642800
221,83,2.5,1525644300
397,227,2.5,1525653960
471,72,2.5,1525657620
473,120,3.0,1525657860
27,103,2.5,1525666800
211,1,2.5,1525668120
497,94,3.5,1525674060
111,233,2.5,1525683000
346,37,2.5,1525687920
253,126,2.5,1525690080
447,17,4.5,1525702500
219,101,2.5,1525704720
428,160,1.0,1525711260
234,200,2.0,1525712100
442,77,3.0,1525721640
16,297,2.5,1525722000
492,210,3.0,1525725660
134,170,2.5,1525727640
443,79,3.5,1525731480
184,106,3.5,1525745220
475,168,3.5,1525750320
284,84,3.0,1525754280
462,176,3.0,1525757220
226,208,3.0,1525757580
179,170,4.5,1525761780
18,242,2.5,1525763700
29,134,3.0,1525769400
51,275,1.5,1525775220
442,173,5.0,1525783800
46,73,4.0,1525786140
297,109,3.5,1525786380
191,223,2.0,1525787880
318,258,2.5,1525790580
106,175,3.0,1525811820
496,58,3.0,1525814400
27,121,4.5,1525820040
433,152,3.0,1525820100
352,244,4.0,1525820700
428,299,1.5,1525824720
57,176,3.0,1525827900
363,19,3.0,1525830120
404,101,3.5,1525832280
298,192,4.0,1525835400
184,259,2.5,1525841160
310,174,3.0,1525843140
452,280,3.5,1525845480
423,31,3.5,1525849320
37,250,5.0,1525857540
357,230,2.5,1525860600
462,275,1.0,1525860720
133,289,2.5,1525861140
274,120,3.0,1525863000
408,59,2.5,1525864800
471,77,2.0,1525869780
88,275,1.0,1525870800
274,233,1.5,1525883520
57,58,4.5,1525885080
219,261,4.0,1525887180
94,93,3.5,1525889880
168,73,2.5,1525890420
454,59,3.0,1525893660
362,154,3.0,1525895220
467,153,4.5,1525895820
239,256,3.0,1525920000
481,230,4.0,1525921620
217,264,4.0,1525924260
336,185,4.0,1525926660
411,230,3.5,1525929120
11,146,2.0,1525929240
7,175,3.5,1525942140
170,220,3.5,1525946100
283,83,2.0,1525948920
119,14,2.5,1525949460
460,251,4.0,1525956600
475,70,4.0,1525958880
216,93,2.5,1525971480
427,24,3.5,1525981080
429,137,4.0,1525983180
371,94,3.0,1525983900
376,48,1.0,1525988220
157,258,4.0,1525990620
172,207,3.0,1525995360
148,42,3.0,1526003400
23,88,2.0,1526004780
339,197,4.0,1526007600
188,221,4.0,1526007720
356,287,4.5,1526011560
234,170,2.5,1526012340
165,17,3.5,1526013180
375,300,3.5,1526015640
464,64,4.0,1526021400
208,73,3.5,1526026680
129,30,3.5,1526030580
384,256,3.5,1526037660
271,51,4.0,1526039400
376,289,1.0,1526042700
422,220,3.5,1526042760
263,258,4.0,1526043000
305,243,3.5,1526048340
452,273,4.0,1526048520
230,173,4.5,1526050440
119,250,4.5,1526064780
242,175,2.0,1526069580
78,202,4.0,1526077980
336,170,3.5,1526080800
172,94,3.5,1526091060
133,231,3.5,1526091540
352,34,3.5,1526091660
315,195,1.5,1526095740
418,157,2.5,1526101860
189,255,4.0,1526102040
336,250,4.0,1526103240
128,15,3.0,1526103300
220,190,3.0,1526105100
20,222,2.5,1526111100
166,28,4.0,1526112000
80,101,4.0,1526114580
421,220,4.0,1526118060
114,267,4.0,1526127780
177,43,4.5,1526128380
339,243,3.5,1526128980
215,299,4.0,1526130000
247,36,5.0,1526130600
487,42,1.5,1526131020
419,148,5.0,1526136360
286,115,3.5,1526146980
434,58,4.0,1526148720
299,275,1.5,1526150220
443,177,3.5,1526151780
2,35,2.5,1526153280
439,250,5.0,1526161500
471,256,4.0,1526162100
65,45,3.5,1526165400
133,175,3.5,1526169960
397,34,3.0,1526171640
149,36,3.5,1526178900
143,214,4.5,1526179860
100,262,3.5,1526181900
68,273,2.0,1526185020
203,282,2.5,1526195760
186,80,1.0,1526200500
232,176,3.5,1526201880
293,105,3.0,1526203140
443,147,3.5,1526207340
153,177,3.0,1526216580
388,165,3.0,1526222820
384,235,3.0,1526226720
252,245,3.5,1526231400
212,170,1.5,1526234640
462,155,3.0,1526239680
35,74,2.0,1526241420
265,137,4.0,1526244420
374,28,4.5,1526245680
180,48,3.0,1526245980
130,198,1.5,1526248920
439,279,3.5,1526250120
278,243,4.0,1526250240
172,196,4.0,1526254680
481,208,3.0,1526263980
304,217,4.0,1526269020
488,14,4.5,1526276280
255,79,3.5,1526276340
245,45,2.5,1526279280
133,81,3.0,1526282940
283,243,4.0,1526285280
409,182,4.0,1526288160
235,153,4.5,1526294160
277,220,1.5,1526301300
325,127,3.5,1526303700
196,93,2.0,1526304540
184,177,2.5,1526308620
452,203,3.5,1526309220
390,159,3.5,1526315940
472,161,3.0,1526316660
424,294,4.5,1526321700
95,156,0.5,1526326380
196,126,2.0,1526335440
497,176,3.0,1526343180
124,289,1.5,1526351400
325,150,3.0,1526354340
113,226,4.0,1526356680
442,15,4.5,1526360400
380,222,2.5,1526360700
86,132,4.5,1526369460
437,70,2.5,1526370660
31,3,2.5,1526372040
324,215,4.0,1526380320
205,37,2.0,1526384220
283,147,3.0,1526385600
452,299,3.5,1526389200
150,31,4.0,1526395320
302,150,0.5,1526400540
242,134,3.0,1526401500
381,173,4.0,1526406300
393,132,3.0,1526406480
445,141,3.0,1526407500
307,256,3.0,1526407680
13,284,3.5,1526410920
299,243,4.0,1526411040
253,253,1.5,1526425620
381,21,3.0,1526425800
272,70,2.0,1526426400
35,148,4.0,1526435700
243,132,3.0,1526440440
71,105,5.0,1526441100
466,95,3.0,1526447280
404,240,3.5,1526449860
87,219,4.0,1526461380
289,24,4.5,1526466480
112,268,2.5,1526467920
240,64,3.5,1526468040
472,34,4.5,1526469720
487,92,3.0,1526470380
201,48,3.5,1526473080
193,182,4.5,1526475660
264,164,4.0,1526480940
398,150,1.5,1526488140
2,43,3.0,1526495400
258,207,2.0,1526495880
110,177,2.5,1526502660
146,163,3.5,1526508180
361,5,4.0,1526511720
42,238,3.5,1526512140
314,5,1.5,1526530440
399,88,2.0,1526531220
461,289,2.0,1526535240
458,70,1.5,1526537280
143,146,3.5,1526547960
200,74,2.0,1526554260
388,105,3.5,1526554680
462,205,2.5,1526559480
293,60,2.0,1526559660
489,300,4.0,1526564640
282,243,3.5,1526572440
140,209,3.0,1526574660
224,142,4.5,1526575860
318,21,2.5,1526576520
491,217,3.0,1526585880
365,59,2.5,1526592240
364,107,4.0,1526593440
58,137,3.5,1526606460
275,98,3.0,1526612280
174,41,4.5,1526613480
477,245,3.0,1526613600
262,83,3.0,1526614800
40,149,3.0,1526617680
219,250,4.0,1526621280
453,282,4.0,1526621280
42,174,3.0,1526637540
452,175,4.0,1526641920
238,251,3.0,1526643300
21,141,4.0,1526646480
141,242,3.0,1526660940
401,133,2.0,1526671440
278,221,2.5,1526673120
281,107,3.0,1526674680
390,35,2.0,1526683140
313,219,3.0,1526685060
374,184,3.0,1526688540
276,127,1.5,1526690100
1,206,3.0,1526691360
407,155,3.0,1526705940
323,150,2.5,1526709900
88,72,3.0,1526717580
215,289,3.5,1526717760
24,235,4.0,1526717820
48,289,2.0,1526718840
328,233,3.0,1526719560
208,101,3.0,1526719920
47,141,4.5,1526732880
17,146,3.0,1526736000
487,219,2.0,1526747820
63,37,4.0,1526749260
500,251,4.0,1526757840
88,70,3.5,1526763120
438,21,3.0,1526765580
130,175,2.5,1526797920
335,35,2.0,1526800560
419,150,3.5,1526810220
496,185,3.0,1526814720
63,226,3.0,1526819760
143,48,4.0,1526827980
212,281,3.5,1526832180
497,121,4.0,1526832780
198,70,3.5,1526833620
358,105,3.5,1526834940
437,197,4.0,1526836500
268,219,3.0,1526839260
489,66,4.0,1526839620
263,254,3.5,1526850360
27,51,4.0,1526854860
388,233,2.5,1526856480
494,193,3.5,1526858220
85,180,3.0,1526868840
110,37,4.0,1526872080
107,207,0.5,1526873100
423,72,4.0,1526873520
208,15,3.5,1526876640
487,5,1.5,1526879520
380,146,2.5,1526884740
451,300,2.5,1526901060
418,267,2.0,1526902380
77,121,2.5,1526905800
431,211,2.0,1526906160
106,101,4.0,1526913060
277,243,3.0,1526916780
8,3,1.5,1526919960
457,165,4.5,1526921280
145,229,4.0,1526922960
122,137,4.0,1526924400
271,66,2.5,1526924940
3,265,2.0,1526927580
342,254,3.0,1526930460
336,9,4.5,1526931720
421,300,4.5,1526941140
372,284,3.5,1526945460
154,30,2.0,1526948280
400,93,4.0,1526949660
484,264,4.5,1526952000
204,252,4.0,1526960340
39,145,2.5,1526962200
272,103,3.0,1526968680
224,94,3.5,1526969700
138,35,2.0,1526977680
21,192,3.0,1526978280
116,233,1.5,1526984760
112,240,2.5,1526992020
485,174,2.0,1527000240
48,252,4.5,1527002880
354,119,2.5,1527003120
83,245,2.0,1527009420
312,60,4.0,1527015420
377,220,4.0,1527018180
454,202,4.0,1527021600
355,290,3.0,1527023220
417,146,3.0,1527025560
376,58,2.5,1527026340
83,166,3.0,1527031260
23,217,3.5,1527031980
138,280,3.5,1527033840
90,145,3.5,1527035880
293,98,3.0,1527039180
106,284,3.5,1527045660
12,237,4.0,1527049380
474,231,3.0,1527055500
496,124,3.5,1527059100
333,157,3.5,1527062820
344,173,3.0,1527065160
22,199,2.5,1527072960
410,176,1.0,1527077460
255,217,3.5,1527081180
40,142,4.5,1527099000
63,250,3.5,1527101160
168,81,3.0,1527102060
44,24,3.5,1527105540
352,228,3.5,1527106200
43,94,4.5,1527110100
301,96,3.0,1527112320
65,173,4.0,1527112800
495,54,5.0,1527113940
242,231,2.5,1527114900
152,143,3.5,1527118860
19,185,3.5,1527119220
110,84,4.0,1527127680
307,178,4.0,1527130260
353,24,4.0,1527132120
424,123,5.0,1527133800
167,220,4.0,1527139440
253,222,2.0,1527140280
89,175,3.5,1527140520
27,101,4.0,1527145140
307,155,3.0,1527150180
358,94,3.0,1527152040
196,24,3.0,1527158280
77,266,2.5,1527159420
435,106,3.5,1527163980
325,101,2.0,1527166860
117,135,3.0,1527168360
483,171,2.5,1527168480
476,165,3.0,1527169920
384,255,2.5,1527170040
333,120,3.5,1527171720
40,18,1.5,1527172560
367,149,4.0,1527173400
86,22,3.0,1527177360
427,208,3.0,1527180240
408,220,3.5,1527180900
15,279,3.0,1527182340
21,282,3.5,1527183600
454,251,4.0,1527185580
191,80,1.5,1527193020
44,184,3.0,1527203580
325,5,2.0,1527208860
267,5,2.0,1527209880
404,166,4.5,1527213120
39,141,3.0,1527216120
215,66,5.0,1527235440
282,281,4.0,1527244320
455,127,3.5,1527251340
401,248,2.0,1527257760
104,155,4.5,1527259620
79,208,2.5,1527274740
350,95,3.0,1527275340
215,70,4.5,1527275580
161,194,1.5,1527275880
54,121,4.0,1527278700
74,65,4.0,1527283320
474,284,2.5,1527290940
275,134,3.0,1527296880
98,238,4.0,1527303660
257,65,4.0,1527307440
190,230,4.5,1527312360
117,37,3.0,1527313080
200,156,1.5,1527313680
92,73,3.5,1527316200
209,32,5.0,1527323820
478,273,3.5,1527324780
27,32,3.0,1527328860
137,127,2.5,1527334620
394,275,1.0,1527337320
70,195,1.5,1527337740
193,82,2.0,1527340260
479,119,2.0,1527345540
336,258,4.5,1527347040
488,279,3.0,1527353160
98,79,3.5,1527355440
56,37,3.0,1527357120
75,180,2.5,1527358080
302,240,2.5,1527362160
39,48,2.5,1527369180
190,203,3.0,1527372480
44,165,3.0,1527373080
95,31,2.0,1527385140
373,64,3.5,1527390300
352,82,3.5,1527394980
11,299,3.0,1527397140
451,272,2.0,1527408060
399,240,2.0,1527409860
187,200,2.5,1527420180
365,193,4.0,1527423540
132,279,4.0,1527436260
371,250,2.5,1527441180
205,187,2.5,1527455700
64,30,4.0,1527460080
338,66,2.5,1527462000
318,161,2.5,1527470220
445,13,2.5,1527471060
323,40,3.0,1527472380
94,5,3.0,1527474240
319,147,3.5,1527475620
404,40,3.5,1527477660
140,259,2.5,1527478260
437,77,2.0,1527483060
60,175,3.0,1527487260
150,137,3.5,1527489240
107,150,2.5,1527493680
322,34,4.0,1527497580
193,36,4.0,1527498360
438,58,2.5,1527512280
457,14,4.0,1527514620
442,222,4.5,1527524100
340,150,3.0,1527536520
308,269,3.5,1527537960
323,147,2.5,1527538920
264,208,2.5,1527540120
261,251,3.0,1527543360
125,150,3.5,1527550020
395,197,5.0,1527557700
106,157,3.0,1527559260
475,197,3.5,1527563820
58,37,3.5,1527564960
183,137,5.0,1527570000
68,64,3.0,1527576480
110,101,2.5,1527584580
152,19,4.5,1527585240
26,47,2.5,1527591240
391,206,4.5,1527591420
451,101,3.0,1527592920
377,173,4.5,1527600360
332,58,3.0,1527603900
137,45,1.5,1527608040
290,263,3.5,1527609060
281,32,2.5,1527616800
164,3,2.0,1527620940
100,207,0.5,1527629160
129,289,2.0,1527638760
398,26,4.5,1527643020
280,203,4.0,1527644940
108,172,4.0,1527645060
239,12,3.5,1527648420
342,94,3.5,1527654660
115,67,3.0,1527655740
269,255,3.0,1527657840
31,55,3.5,1527658260
231,154,1.5,1527659940
159,269,5.0,1527662460
413,165,3.0,1527664800
291,82,3.5,1527672540
382,60,3.0,1527673080
32,42,3.0,1527673140
236,129,3.5,1527674460
172,299,2.5,1527679920
224,137,3.5,1527689460
322,36,4.5,1527689880
39,290,2.0,1527690480
382,64,4.0,1527700620
314,253,2.0,1527703140
326,81,2.5,1527711900
179,35,3.5,1527721800
353,282,2.5,1527722640
188,66,4.0,1527722760
413,240,3.0,1527723180
380,70,2.5,1527729900
2,299,3.5,1527740400
334,52,2.5,1527741240
35,34,1.5,1527746340
306,146,3.0,1527746940
26,58,3.0,1527751920
41,176,3.5,1527764340
266,59,4.5,1527764880
162,194,4.5,1527766560
391,15,4.5,1527771420
235,167,3.0,1527776460
106,88,2.5,1527776580
62,299,5.0,1527777300
68,259,1.5,1527784140
482,217,5.0,1527786420
230,250,4.0,1527788160
379,64,3.5,1527793020
486,204,3.0,1527797940
490,21,3.0,1527810960
33,15,2.5,1527815400
57,168,3.0,1527825360
116,154,2.5,1527825780
96,24,3.0,1527830280
54,269,4.0,1527830580
220,238,3.0,1527834300
40,274,4.0,1527835620
212,70,2.0,1527839700
125,255,5.0,1527842400
11,261,3.5,1527845160
230,235,4.0,1527850920
344,220,3.5,1527852000
401,106,2.5,1527857160
170,202,4.0,1527859020
486,280,1.5,1527862320
179,43,5.0,1527864240
99,264,3.0,1527864300
114,229,5.0,1527864600
68,68,1.5,1527869460
389,100,4.5,1527883320
324,65,5.0,1527884400
487,142,2.5,1527889680
299,129,4.0,1527892920
28,252,3.0,1527904380
188,284,4.0,1527905640
108,210,3.0,1527905760
442,73,4.0,1527906000
213,137,5.0,1527907260
428,13,3.5,1527911640
51,101,2.5,1527914100
67,240,3.0,1527914760
84,19,2.5,1527918480
24,170,3.0,1527919320
222,3,1.5,1527933540
138,145,3.5,1527935040
134,3,2.5,1527936840
172,30,4.0,1527938040
137,275,1.0,1527941100
497,270,3.5,1527941760
371,64,2.5,1527942600
120,159,3.5,1527956520
15,284,3.5,1527957540
4,251,3.5,1527958920
72,198,3.5,1527962340
150,195,1.5,1527964800
323,240,2.5,1527969000
465,73,2.5,1527969000
405,81,3.0,1527987540
453,230,3.5,1527988140
253,272,2.5,1527990060
458,170,2.5,1527991980
204,59,4.5,1527993300
2,172,5.0,1527995160
71,89,5.0,1528000440
71,98,4.0,1528003200
498,6,4.0,1528004040
298,294,4.5,1528004280
253,94,3.0,1528006560
451,37,2.5,1528007400
499,63,2.5,1528011360
115,273,3.5,1528023720
228,121,2.5,1528024740
381,235,4.0,1528035840
420,300,3.5,1528036860
180,27,3.5,1528039260
92,106,4.5,1528046940
278,173,5.0,1528049280
469,157,3.0,1528060800
67,65,3.5,1528062420
253,251,2.5,1528070940
259,141,3.5,1528072320
90,162,3.5,1528081080
405,222,2.5,1528081560
232,121,4.5,1528084680
74,219,4.0,1528085400
260,273,4.0,1528088640
133,269,3.5,1528094220
175,240,3.0,1528096680
477,258,1.5,1528100940
453,185,4.0,1528102320
168,68,2.5,1528104780
437,299,3.0,1528105860
134,254,2.5,1528108080
236,59,4.0,1528109100
7,206,3.5,1528120020
472,289,3.0,1528120440
386,233,4.0,1528121580
225,269,5.0,1528123740
168,220,2.5,1528125600
408,27,3.0,1528137900
21,275,1.0,1528139340
310,206,3.5,1528139460
94,255,3.0,1528139520
294,5,2.0,1528140660
183,182,4.0,1528147200
35,82,3.0,1528155780
421,47,3.5,1528156380
157,203,4.5,1528160580
334,154,2.5,1528160760
201,280,2.5,1528163640
122,51,4.0,1528166580
176,250,3.0,1528169100
365,106,4.0,1528172160
177,78,3.0,1528172700
212,71,3.5,1528179900
189,73,3.0,1528187460
106,64,4.0,1528197420
404,35,3.5,1528201440
66,289,3.0,1528203000
259,151,2.0,1528209060
229,262,3.5,1528216260
23,134,3.0,1528216680
298,250,3.5,1528219980
223,299,2.0,1528220820
327,240,2.0,1528224900
298,174,3.5,1528225080
209,219,3.5,1528227720
266,178,3.5,1528231560
84,88,2.5,1528235880
280,189,4.0,1528238640
337,44,2.5,1528239300
206,165,4.0,1528240140
305,225,2.5,1528250880
89,64,4.0,1528252260
150,222,2.5,1528258740
372,175,3.0,1528262940
28,147,2.0,1528267320
282,79,3.5,1528270020
234,123,4.5,1528278780
146,290,3.0,1528283100
147,233,4.0,1528291740
120,230,3.5,1528295940
271,35,1.5,1528299780
476,40,3.5,1528301520
382,279,2.5,1528302660
451,13,3.5,1528303140
135,185,3.5,1528306080
198,215,3.0,1528307580
197,107,3.5,1528311540
146,195,3.0,1528314600
320,165,4.0,1528327320
305,210,3.0,1528330920
240,269,4.0,1528342320
314,175,2.0,1528343220
464,220,2.0,1528344480
37,194,2.5,1528349760
131,186,3.5,1528353420
80,231,3.5,1528353840
449,245,4.0,1528356360
41,195,4.0,1528358700
40,244,2.5,1528359120
337,105,2.0,1528359660
42,283,2.5,1528359780
368,152,5.0,1528369200
16,170,4.5,1528370880
394,222,2.5,1528371120
352,63,3.5,1528381800
147,121,3.5,1528389540
191,58,4.0,1528390140
461,3,1.0,1528390440
439,127,4.0,1528392180
61,60,2.0,1528394640
216,175,3.5,1528396680
74,70,4.0,1528398420
111,45,2.5,1528398960
485,182,3.5,1528400640
490,299,4.0,1528402860
237,231,3.0,1528403040
168,30,3.5,1528404300
453,198,2.5,1528407780
35,169,3.0,1528414440
359,57,2.5,1528416600
166,222,4.0,1528425480
82,65,3.5,1528431780
368,24,5.0,1528433160
103,207,3.0,1528434300
465,203,4.0,1528436340
387,251,4.0,1528451280
13,60,2.0,1528452180
39,222,2.5,1528455720
168,294,2.5,1528456560
38,243,4.0,1528457580
23,159,3.5,1528461600
233,1,3.5,1528462260
444,24,5.0,1528464420
463,51,4.0,1528469040
473,170,3.5,1528469580
99,137,3.5,1528469760
423,184,3.0,1528471980
294,47,4.0,1528472400
420,156,2.0,1528475280
347,154,2.0,1528477620
196,10,2.5,1528478160
381,280,3.5,1528480740
57,276,3.0,1528485660
243,55,2.0,1528490160
277,127,3.0,1528493040
106,254,3.0,1528494780
15,125,3.0,1528495260
323,74,1.5,1528495680
260,231,4.0,1528498440
256,35,0.5,1528499820
235,17,2.0,1528500360
113,284,3.5,1528510320
359,217,4.5,1528511040
91,36,4.0,1528513800
98,289,1.0,1528515420
249,193,4.0,1528517220
264,245,2.0,1528518000
168,207,2.0,1528518000
72,47,3.5,1528519020
120,140,2.5,1528532700
273,138,4.5,1528537140
396,243,2.5,1528537440
214,149,3.0,1528537620
301,197,2.0,1528540080
334,249,3.0,1528543980
440,170,3.0,1528547520
40,239,2.5,1528548240
18,164,3.0,1528553820
138,172,4.5,1528557480
243,66,2.0,1528559460
297,145,4.0,1528567920
3,174,3.0,1528570620
353,63,2.5,1528576440
328,192,4.0,1528581600
411,48,1.0,1528594620
459,26,3.5,1528601160
412,256,4.5,1528611840
172,13,3.5,1528615860
65,48,3.0,1528617300
385,159,3.5,1528618380
154,183,2.5,1528619760
4,289,2.0,1528622520
448,288,3.5,1528622760
158,155,2.5,1528635120
171,13,3.5,1528643040
270,126,4.0,1528651140
270,198,4.5,1528651560
440,179,3.5,1528652280
99,150,2.5,1528667100
263,256,3.5,1528667520
55,52,3.0,1528667820
232,47,2.5,1528671240
223,94,4.0,1528675500
451,191,3.0,1528675920
223,261,2.5,1528677480
276,81,3.0,1528681260
370,208,2.0,1528682160
374,180,3.5,1528684200
28,94,3.5,1528686360
460,94,3.0,1528691220
424,3,3.5,1528698600
172,74,2.0,1528701720
193,183,2.5,1528702140
259,284,4.0,1528702920
208,138,3.5,1528705980
13,176,2.0,1528708380
109,269,3.0,1528712280
162,293,4.0,1528714560
425,245,3.0,1528720500
349,188,3.0,1528721040
71,249,3.5,1528725300
195,258,1.5,1528744320
169,299,4.0,1528746060
192,119,3.0,1528747920
8,250,3.0,1528748280
220,269,3.5,1528750200
31,18,3.5,1528750320
84,58,3.5,1528750860
131,203,3.5,1528756920
78,251,3.0,1528757520
112,134,4.0,1528759500
84,31,3.0,1528767180
422,237,3.0,1528774200
72,150,3.0,1528775580
147,173,4.5,1528785360
477,143,2.0,1528785960
224,154,2.5,1528793340
315,125,2.5,1528795740
422,229,4.0,1528796520
332,132,4.5,1528802820
113,31,4.5,1528804080
232,233,3.0,1528805040
472,238,3.5,1528810560
1,253,2.0,1528811160
228,239,2.0,1528823940
393,180,3.0,1528824780
348,45,1.5,1528826820
460,128,3.5,1528827480
475,55,3.0,1528830840
184,48,2.5,1528832460
109,175,3.0,1528834440
178,251,2.5,1528834620
44,132,4.0,1528835520
64,217,5.0,1528839000
492,73,3.5,1528843980
132,242,3.5,1528845000
186,188,4.0,1528845960
320,150,4.0,1528861560
329,272,3.0,1528862340
164,155,3.5,1528862880
314,252,3.0,1528864620
309,187,2.5,1528865820
133,152,4.5,1528876260
265,240,3.5,1528879260
340,193,3.5,1528890780
396,147,4.0,1528890780
139,173,4.5,1528891380
120,186,2.5,1528897140
177,186,3.5,1528907400
159,10,4.0,1528918560
409,275,2.0,1528918920
350,37,4.0,1528919700
120,207,1.5,1528925100
270,18,4.0,1528926240
302,250,1.5,1528927800
463,290,2.5,1528928580
230,150,4.0,1528936920
205,184,1.5,1528937520
225,64,4.0,1528937580
135,71,3.5,1528939260
485,226,2.0,1528943400
267,21,3.0,1528943880
320,28,4.0,1528945500
19,165,2.5,1528945620
38,281,4.0,1528948680
402,279,3.5,1528951560
49,264,5.0,1528958100
347,265,3.5,1528959840
383,77,2.5,1528959960
239,141,4.5,1528974780
49,59,4.0,1528975500
355,143,3.5,1528975980
316,65,3.5,1528977420
57,51,3.5,1528980840
63,196,3.5,1528981980
159,161,3.0,1528983480
275,255,2.0,1528990320
107,177,2.5,1528990980
189,157,3.5,1529001120
487,286,2.5,1529001540
404,68,2.5,1529004600
435,127,2.5,1529009040
41,82,3.5,1529013180
258,157,3.0,1529021400
400,58,4.0,1529022420
482,300,4.0,1529024280
281,197,3.5,1529028960
19,82,3.5,1529030280
237,101,2.5,1529030340
486,34,2.5,1529032740
491,175,3.0,1529039100
209,60,3.5,1529042220
287,172,5.0,1529042820
177,245,4.0,1529043060
430,31,3.5,1529048940
164,254,2.5,1529055000
377,243,4.5,1529056440
20,270,2.0,1529059980
337,279,3.0,1529072580
471,137,3.5,1529081820
86,26,4.0,1529082420
34,134,2.5,1529089980
486,299,2.0,1529096160
154,250,2.0,1529096400
56,5,2.5,1529098560
21,3,1.5,1529108340
256,244,2.0,1529116320
337,253,2.5,1529124420
191,196,3.5,1529128500
367,126,4.5,1529135100
276,231,2.5,1529141220
381,275,1.0,1529141580
252,150,2.0,1529145360
469,284,3.5,1529150520
174,217,4.5,1529155680
496,275,1.0,1529164620
473,240,3.5,1529171760
315,94,2.5,1529175660
425,1,3.5,1529177700
325,58,4.0,1529184240
233,12,4.0,1529184360
277,103,2.0,1529184600
217,294,4.0,1529185440
206,60,3.5,1529185680
234,51,3.0,1529197440
417,180,3.0,1529205480
256,24,2.5,1529205480
361,150,2.5,1529211960
285,278,3.5,1529215800
84,81,2.0,1529220360
62,1,3.5,1529220960
466,245,3.0,1529226420
263,208,1.5,1529226540
26,93,3.5,1529230980
490,175,3.5,1529232480
458,47,3.5,1529232840
305,240,2.5,1529235540
97,21,3.0,1529235900
237,5,2.5,1529237640
491,243,3.0,1529239320
212,65,2.5,1529240700
383,134,4.5,1529242560
25,294,2.5,1529246880
333,14,3.0,1529249460
60,231,3.5,1529260200
414,284,3.5,1529261580
414,294,3.5,1529261580
208,48,2.5,1529267280
266,81,3.5,1529268240
496,65,3.0,1529268660
4,58,4.5,1529268900
188,241,4.0,1529272500
337,14,3.5,1529273820
447,36,5.0,1529278680
194,35,3.5,1529280240
139,139,2.5,1529283960
483,82,4.0,1529287740
149,254,2.5,1529288760
73,276,3.0,1529295540
158,230,4.0,1529304720
79,175,2.5,1529320620
297,201,3.0,1529325600
424,275,2.0,1529330160
412,235,4.5,1529335740
292,284,4.0,1529337360
20,2,2.5,1529349060
201,172,5.0,1529361600
253,65,2.5,1529365080
183,289,3.0,1529373660
1,14,3.0,1529375040
340,188,4.0,1529387820
371,249,2.5,1529396100
70,250,2.5,1529400780
335,176,3.0,1529402400
330,48,3.5,1529402580
363,106,3.5,1529404020
136,50,3.0,1529405640
96,244,0.5,1529406540
382,46,4.0,1529407740
264,222,3.0,1529408040
204,256,4.5,1529416740
211,230,4.0,1529419200
258,282,4.0,1529421480
473,207,3.0,1529422140
52,240,3.5,1529429280
464,137,4.0,1529429880
413,282,4.5,1529433300
207,220,4.0,1529440560
394,51,2.5,1529440920
462,158,2.5,1529449260
296,159,4.0,1529451240
208,203,2.5,1529457240
206,214,4.0,1529458020
280,133,3.5,1529464680
389,82,4.0,1529466660
362,151,3.5,1529473860
276,275,1.5,1529474160
101,192,4.5,1529489700
34,63,3.0,1529502360
400,222,4.0,1529504940
99,180,2.0,1529505840
241,293,1.5,1529517360
268,177,0.5,1529525220
373,28,3.5,1529525520
55,133,2.5,1529527320
163,222,3.0,1529530080
136,72,3.5,1529534400
434,23,3.5,1529538720
221,202,4.5,1529544540
172,151,2.5,1529553240
391,58,3.5,1529560740
427,5,2.5,1529570280
231,121,2.5,1529575500
4,148,3.0,1529579520
493,187,2.5,1529582460
240,15,2.5,1529584620
9,243,3.5,1529588640
282,141,3.0,1529590740
165,81,3.5,1529599140
61,217,4.0,1529602740
500,257,3.5,1529608620
357,5,0.5,1529609220
94,134,4.0,1529614860
225,18,4.0,1529616180
113,231,3.0,1529623440
324,251,5.0,1529624400
338,103,3.0,1529626620
221,14,2.0,1529629920
220,251,4.0,1529644860
13,68,1.5,1529656200
365,280,2.5,1529670960
311,78,2.5,1529679540
98,99,3.5,1529680800
496,28,3.5,1529694480
408,119,3.0,1529698920
272,1,2.5,1529705820
338,250,4.0,1529708280
122,216,3.5,1529711160
340,13,5.0,1529711880
399,236,2.5,1529719080
254,214,4.0,1529726940
297,132,5.0,1529736540
336,27,3.0,1529736660
70,9,2.0,1529738040
330,211,4.5,1529744040
127,265,1.5,1529750040
350,94,3.5,1529762700
256,141,3.0,1529765580
397,223,2.5,1529766480
319,169,3.0,1529766900
383,43,5.0,1529767440
320,133,4.0,1529776200
150,156,2.5,1529777640
355,249,3.5,1529777820
253,37,3.0,1529777940
178,236,2.0,1529785440
408,60,3.0,1529790840
402,203,3.0,1529794500
361,110,3.0,1529805960
408,66,4.0,1529808420
486,281,4.0,1529811180
308,290,2.5,1529814480
355,243,5.0,1529818200
101,202,4.0,1529824080
319,89,3.5,1529825280
471,5,3.0,1529825760
221,129,3.0,1529829180
333,296,3.0,1529835360
175,243,3.5,1529837460
390,48,2.0,1529838000
73,263,4.5,1529841300
404,294,4.5,1529842020
326,279,2.0,1529845560
375,150,0.5,1529852820
355,235,4.0,1529855040
247,208,2.5,1529855820
249,235,3.5,1529863800
199,262,4.0,1529867760
16,94,5.0,1529876100
183,229,3.5,1529877540
401,48,2.0,1529878980
169,281,5.0,1529891880
307,130,3.5,1529892420
461,192,4.0,1529906700
30,156,4.0,1529921460
165,10,3.5,1529930460
315,219,2.5,1529930580
301,36,2.5,1529933580
164,289,2.5,1529935080
150,299,2.5,1529939340
139,194,3.0,1529939820
68,217,3.0,1529945160
166,29,2.5,1529946780
131,105,4.5,1529965980
40,178,4.0,1529966880
252,146,2.5,1529967120
500,63,4.0,1529967600
96,126,1.0,1529969220
500,245,3.5,1529973240
410,253,2.0,1529981700
37,121,3.0,1529986740
355,129,3.5,1529987700
37,175,3.0,1529995920
277,160,2.0,1529997120
163,243,3.5,1530003480
290,222,3.0,1530007260
288,103,3.5,1530007920
295,279,3.0,1530008040
286,169,4.0,1530013860
280,94,4.5,1530013980
373,183,2.5,1530016380
94,245,3.0,1530017280
180,40,4.0,1530026160
22,200,3.5,1530034680
482,120,4.0,1530035340
219,146,2.0,1530040740
14,267,3.0,1530041820
188,280,3.5,1530043620
399,188,3.5,1530046020
109,173,3.0,1530048960
106,185,3.0,1530050940
292,107,2.5,1530066300
317,170,2.5,1530070800
422,294,3.5,1530073200
118,210,3.0,1530079260
83,237,2.5,1530093900
310,115,3.0,1530096240
96,216,4.0,1530096480
464,51,4.5,1530097380
156,203,5.0,1530099060
413,38,2.5,1530100440
153,32,3.5,1530101940
428,137,2.5,1530106680
293,227,2.5,1530134220
271,197,4.5,1530135000
406,165,1.5,1530150840
264,250,3.5,1530154260
311,279,2.5,1530158160
15,35,2.5,1530159120
139,38,3.0,1530161160
209,157,2.5,1530164520
348,143,2.0,1530165540
104,207,3.0,1530169800
263,71,4.5,1530176280
483,262,4.5,1530186780
472,121,3.0,1530192360
301,240,1.5,1530192540
134,275,2.0,1530201420
343,203,3.0,1530204960
230,238,4.0,1530207420
289,104,3.5,1530209220
122,154,2.5,1530209940
265,162,3.0,1530210720
120,43,3.0,1530217440
233,157,4.0,1530236700
260,6,4.0,1530242820
257,21,3.5,1530247020
158,160,3.0,1530247200
466,240,2.5,1530250320
326,229,4.0,1530260940
409,170,3.5,1530264480
3,150,3.0,1530269880
237,154,3.0,1530272880
270,27,4.5,1530278100
127,189,3.0,1530285660
466,243,3.5,1530297240
377,241,5.0,1530297900
118,229,4.0,1530299400
229,83,2.5,1530307980
233,244,3.5,1530308640
450,137,3.5,1530310020
389,47,3.5,1530310680
137,176,3.5,1530319260
83,26,3.0,1530322320
409,152,3.0,1530326100
475,280,4.5,1530328680
365,3,1.5,1530332460
109,183,2.5,1530332580
399,231,2.0,1530332760
110,159,3.5,1530333420
97,3,2.5,1530336060
364,159,4.5,1530337260
284,175,3.5,1530338340
227,51,5.0,1530350100
382,253,3.0,1530350220
282,198,2.0,1530350400
457,34,4.0,1530353580
387,66,3.5,1530354000
110,60,2.5,1530354180
247,207,3.5,1530369540
213,153,4.0,1530373920
302,285,4.5,1530380820
488,36,5.0,1530384720
336,249,3.0,1530385260
435,35,2.5,1530390240
136,229,4.0,1530402180
15,289,2.5,1530403320
88,203,4.0,1530403860
315,71,2.0,1530405060
9,252,3.5,1530407100
18,156,3.5,1530411900
290,64,3.5,1530411960
388,210,2.5,1530412020
407,296,3.0,1530422400
350,189,2.5,1530429180
400,14,4.0,1530432600
396,258,2.0,1530436860
86,208,3.0,1530437580
381,242,4.0,1530439320
472,215,3.5,1530439440
275,299,2.5,1530448980
488,233,2.5,1530462300
231,71,4.0,1530463980
371,271,1.5,1530468900
170,290,2.0,1530469620
360,293,1.0,1530476760
359,264,4.5,1530479040
162,201,4.0,1530480420
185,26,5.0,1530481680
263,176,3.5,1530485940
288,48,4.0,1530486180
56,10,4.5,1530487320
1,18,2.0,1530489900
13,137,3.0,1530492780
109,148,2.0,1530493560
363,187,4.0,1530495780
204,217,5.0,1530496740
144,217,5.0,1530500700
442,48,2.5,1530501300
454,36,4.5,1530510720
144,290,1.5,1530513540
247,284,4.0,1530515940
297,112,4.5,1530516720
284,262,3.0,1530522540
64,206,3.5,1530528180
434,299,3.0,1530528840
279,101,2.5,1530529740
1,146,2.0,1530535980
221,146,3.0,1530538800
302,126,0.5,1530539280
359,145,2.5,1530543780
462,290,2.0,1530547560
190,250,3.0,1530554160
338,49,4.0,1530554940
377,226,4.5,1530554940
184,121,3.5,1530556800
450,14,3.5,1530559320
12,146,3.0,1530568740
64,1,3.0,1530571500
452,248,2.5,1530576240
455,141,4.0,1530582120
257,269,5.0,1530597060
458,57,2.5,1530597060
240,56,3.5,1530601560
439,17,3.5,1530607140
104,110,2.5,1530621720
404,146,3.0,1530623040
304,55,3.5,1530627060
66,40,3.5,1530627060
473,105,3.5,1530629820
249,138,4.0,1530632700
463,300,3.0,1530634260
82,193,4.0,1530634620
107,129,1.5,1530643560
112,211,3.0,1530648720
211,13,2.5,1530658440
105,192,4.0,1530665160
263,251,5.0,1530665580
441,94,3.0,1530666420
318,238,3.0,1530679440
297,185,4.0,1530680040
493,231,2.5,1530680340
129,124,4.0,1530682680
330,40,3.0,1530683640
90,209,4.0,1530684300
211,81,2.5,1530687780
473,238,3.5,1530690240
26,78,3.0,1530691860
205,275,1.0,1530697440
125,294,4.5,1530698040
184,250,3.5,1530700800
378,27,2.5,1530701640
35,94,3.0,1530710340
332,220,3.0,1530717000
385,18,3.5,1530718680
450,193,5.0,1530733800
58,23,3.5,1530736500
222,166,4.0,1530737220
443,64,3.5,1530742680
184,173,4.0,1530743760
279,127,2.5,1530745320
116,175,2.0,1530748260
176,14,3.5,1530750180
61,231,3.0,1530751200
170,269,2.5,1530756300
219,58,3.0,1530757980
149,141,3.5,1530760320
294,41,4.0,1530774660
355,141,4.5,1530782760
264,290,2.5,1530783960
338,219,3.5,1530788880
107,217,2.5,1530791040
206,155,3.5,1530795300
68,203,2.5,1530797820
396,172,3.0,1530798900
159,284,4.5,1530825120
59,176,4.5,1530839040
178,140,3.5,1530849480
413,48,3.5,1530849960
249,269,3.0,1530850740
315,85,4.0,1530852300
330,137,4.0,1530856080
360,250,1.5,1530856380
356,231,3.5,1530859200
216,264,4.0,1530859740
319,134,4.0,1530872580
446,173,4.5,1530876000
341,130,2.0,1530877080
258,248,2.0,1530877980
149,294,2.5,1530880860
102,182,4.0,1530881520
419,251,3.5,1530882660
267,34,2.0,1530884760
389,176,3.5,1530885120
182,94,4.0,1530885540
52,189,3.5,1530888780
409,66,3.0,1530889680
339,229,4.5,1530895440
310,94,3.0,1530895920
278,294,3.0,1530915420
25,154,2.0,1530915780
95,255,1.5,1530917760
469,65,2.5,1530921960
474,171,2.0,1530928680
67,31,3.5,1530944820
15,173,3.5,1530945360
195,171,1.0,1530946080
173,231,2.5,1530946320
477,253,1.5,1530947580
83,197,3.5,1530950940
43,169,4.5,1530952140
229,101,3.5,1530959760
318,185,3.0,1530966900
2,265,2.5,1530974340
195,28,3.5,1530979200
493,133,2.0,1530979260
117,259,1.5,1530982620
415,264,4.0,1530985860
22,154,2.5,1530988140
19,279,3.0,1530993420
88,3,2.5,1531001520
253,174,3.0,1531005660
465,132,5.0,1531007940
222,250,3.5,1531009380
46,64,3.5,1531013940
303,289,3.0,1531014720
461,57,2.0,1531016100
427,231,2.5,1531030020
409,70,3.5,1531030920
15,101,3.0,1531032240
254,293,2.5,1531037100
239,275,1.5,1531039740
366,40,3.0,1531044000
2,17,3.5,1531047900
76,106,3.0,1531050180
291,235,2.5,1531053060
453,64,3.5,1531055280
25,48,2.0,1531057980
161,289,2.5,1531059180
152,220,5.0,1531059900
450,21,4.0,1531061040
320,178,4.0,1531064700
236,198,2.0,1531071360
228,56,2.0,1531085040
50,219,3.5,1531087320
252,206,3.0,1531091040
294,262,3.5,1531097940
425,32,4.0,1531099500
129,60,2.0,1531100040
58,90,4.5,1531101120
321,137,4.0,1531108620
223,150,1.5,1531119540
402,51,3.5,1531130880
274,19,2.5,1531134060
143,178,3.5,1531138560
56,81,3.5,1531142760
186,294,4.0,1531144440
92,250,3.0,1531146060
320,10,3.0,1531149300
132,244,2.0,1531150260
76,52,3.0,1531153500
358,165,2.0,1531162020
133,105,3.5,1531165320
54,105,3.0,1531168260
337,134,3.0,1531171560
134,150,3.0,1531173900
402,265,3.5,1531176360
306,123,4.0,1531180620
487,1,2.0,1531188540
172,171,2.0,1531188600
402,126,2.5,1531192800
494,209,2.5,1531207080
403,150,2.5,1531207980
37,65,4.0,1531213980
237,134,3.5,1531219380
496,188,4.0,1531225500
299,176,2.5,1531225560
388,60,2.0,1531226400
259,203,4.5,1531226940
479,134,2.0,1531229160
306,18,2.5,1531235520
187,80,2.5,1531238400
306,63,2.0,1531240020
262,225,3.0,1531244640
185,64,4.5,1531245600
286,20,4.0,1531247820
333,66,3.0,1531252140
472,210,4.0,1531252740
13,219,2.5,1531255080
460,137,4.5,1531268100
297,73,3.5,1531269720
356,279,4.0,1531269960
382,281,5.0,1531272540
477,57,1.5,1531273500
253,146,2.0,1531276440
82,60,1.5,1531277340
9,80,0.5,1531284900
252,251,3.0,1531288440
309,82,3.0,1531299600
208,237,3.5,1531300800
342,177,2.5,1531313460
403,180,4.5,1531316880
75,299,3.0,1531325880
491,137,5.0,1531327860
29,154,2.5,1531329420
162,25,5.0,1531330260
495,279,4.0,1531334940
360,107,1.5,1531335480
362,134,3.0,1531336560
389,175,4.0,1531336920
490,134,4.0,1531338600
45,145,2.5,1531338960
452,220,4.0,1531339320
116,138,4.5,1531341000
461,106,3.0,1531341300
370,203,3.5,1531353480
229,173,5.0,1531356300
60,121,4.0,1531357260
260,282,4.5,1531360260
318,291,3.0,1531362840
488,117,3.0,1531370280
262,231,4.0,1531372320
222,200,1.5,1531388040
133,217,3.0,1531392900
487,65,3.0,1531396320
316,154,3.0,1531399800
91,64,4.0,1531399860
383,180,2.0,1531403700
156,279,5.0,1531406280
330,213,5.0,1531407660
182,137,4.5,1531415100
378,34,2.5,1531415220
402,72,0.5,1531419540
173,34,3.5,1531426500
110,15,4.0,1531427220
7,45,2.5,1531429320
6,79,3.5,1531432500
207,299,3.5,1531441200
145,167,4.5,1531456380
333,278,3.0,1531461600
259,289,3.0,1531462500
317,65,3.0,1531466040
204,138,4.0,1531478340
444,120,3.5,1531478820
88,145,3.0,1531480020
76,94,3.0,1531495740
161,159,4.5,1531506540
472,137,3.5,1531515900
73,129,5.0,1531516080
65,86,5.0,1531517520
442,3,3.0,1531519920
218,105,4.0,1531521240
474,243,3.0,1531528800
317,208,2.0,1531530300
163,127,4.0,1531533360
283,290,4.0,1531534080
227,64,4.5,1531537080
444,174,3.5,1531541520
313,3,2.0,1531543560
326,52,3.0,1531549500
475,262,4.5,1531557840
171,60,1.5,1531558740
444,30,4.5,1531559220
433,200,3.0,1531560660
73,289,3.5,1531561800
449,5,3.0,1531574520
63,294,3.5,1531575900
237,290,4.0,1531576560
324,64,5.0,1531585020
135,183,3.0,1531585320
244,37,3.0,1531586160
252,5,2.0,1531591320
490,225,2.0,1531598040
331,52,3.0,1531601100
349,110,1.5,1531605300
381,32,4.5,1531614180
288,171,2.0,1531617060
155,93,3.5,1531621980
67,183,2.0,1531622820
360,77,0.5,1531623960
33,18,3.0,1531624740
49,56,3.0,1531625640
318,38,2.5,1531631280
83,250,3.0,1531633920
3,65,4.0,1531635000
187,26,4.5,1531635480
497,272,3.5,1531639080
100,147,2.5,1531639620
266,220,4.5,1531642440
246,287,2.5,1531642800
311,132,3.0,1531647780
81,193,5.0,1531652160
95,15,1.5,1531652340
81,104,5.0,1531652640
299,240,3.0,1531653060
243,233,1.5,1531653540
114,134,3.0,1531655400
487,241,5.0,1531656120
423,113,4.0,1531657800
377,154,3.0,1531658640
190,13,4.0,1531663560
158,180,3.0,1531676640
89,66,4.0,1531678080
223,178,3.0,1531684140
480,93,2.5,1531690260
291,174,3.5,1531698780
313,106,5.0,1531699440
201,45,3.5,1531701000
284,7,4.0,1531715700
7,154,2.0,1531718280
487,10,3.5,1531718520
111,193,4.5,1531732920
76,13,3.5,1531735020
197,244,3.0,1531736880
235,118,2.0,1531747380
379,47,3.5,1531748580
32,48,2.5,1531755240
255,200,2.0,1531757280
199,289,3.5,1531759500
448,232,3.5,1531760460
341,103,4.0,1531765860
309,26,3.5,1531768440
378,134,3.5,1531772400
397,56,2.0,1531772640
263,40,4.0,1531774920
176,101,2.0,1531776000
475,294,4.0,1531783440
268,194,2.5,1531796940
208,14,3.5,1531798740
120,275,1.5,1531799220
500,243,4.0,1531806600
241,50,1.0,1531821480
320,47,3.5,1531823340
67,236,2.0,1531837620
32,218,4.0,1531844880
130,71,4.5,1531845900
162,215,5.0,1531852920
335,37,3.0,1531857240
158,175,3.0,1531861980
412,175,3.5,1531865820
219,280,2.0,1531870740
205,182,3.0,1531871820
311,250,2.5,1531872960
103,280,3.0,1531877460
196,284,3.0,1531891860
413,73,4.0,1531898940
420,175,3.5,1531902840
266,195,2.5,1531907940
51,52,2.5,1531918140
460,91,3.0,1531920180
295,1,3.5,1531920960
30,57,4.5,1531923900
451,47,2.0,1531924680
363,208,1.5,1531927020
494,13,4.5,1531947180
83,129,3.0,1531948740
6,264,2.5,1531951380
91,31,3.5,1531951980
440,35,2.0,1531961760
209,203,3.0,1531969980
482,13,4.5,1531979640
155,137,3.5,1531989960
490,150,2.0,1532008800
428,231,2.0,1532012160
495,233,3.5,1532015340
23,137,3.5,1532016360
309,17,3.0,1532023380
289,182,5.0,1532025120
237,256,4.0,1532027580
154,21,1.5,1532027580
437,255,4.5,1532034240
442,7,5.0,1532037180
330,231,3.5,1532037960
65,94,4.5,1532046900
350,44,3.0,1532050980
224,280,2.0,1532054280
371,263,3.5,1532059860
154,141,3.5,1532061720
438,269,3.0,1532063520
242,182,4.5,1532068320
311,270,3.0,1532069220
386,151,3.0,1532069640
263,221,3.0,1532074920
311,289,2.0,1532086500
492,163,2.0,1532087100
140,191,3.0,1532087880
49,288,3.5,1532094060
28,15,2.5,1532095320
491,47,3.0,1532096100
129,175,3.0,1532097480
55,258,3.0,1532104200
11,187,4.0,1532109420
388,228,3.0,1532111640
27,137,3.5,1532112060
474,273,1.5,1532112360
297,180,4.0,1532112480
472,131,1.5,1532115240
71,53,4.0,1532122560
328,219,3.5,1532137560
156,175,4.5,1532140200
269,137,4.0,1532140980
213,10,4.5,1532143500
97,48,2.5,1532154840
483,155,3.5,1532154900
105,36,5.0,1532155080
288,201,3.5,1532173200
363,2,2.5,1532173620
492,161,2.5,1532190060
86,151,3.0,1532196960
204,129,4.5,1532198220
483,58,4.0,1532200380
333,171,1.5,1532201820
146,42,3.0,1532202480
173,88,3.0,1532203500
215,237,4.5,1532205480
177,99,4.0,1532208120
482,93,3.5,1532216100
438,59,2.5,1532219820
351,154,3.0,1532224560
254,184,3.0,1532235000
176,284,3.5,1532240580
141,289,2.5,1532245440
309,156,2.0,1532245740
172,289,3.0,1532255280
480,15,2.5,1532258580
408,51,4.0,1532259960
186,60,2.5,1532261760
389,139,3.5,1532270700
373,147,4.0,1532277240
391,61,4.5,1532283240
471,296,2.5,1532284140
121,222,4.5,1532285400
48,82,3.0,1532287080
492,289,2.0,1532294520
191,157,3.0,1532298900
28,24,4.0,1532300700
453,297,3.5,1532308080
78,148,2.5,1532312520
361,130,3.0,1532315340
285,71,4.0,1532317140
128,63,3.0,1532317440
143,165,4.0,1532324640
407,144,3.5,1532337000
287,52,4.5,1532341260
275,65,3.0,1532342280
275,2,1.0,1532344380
245,107,3.0,1532347860
380,292,2.5,1532348760
88,14,3.5,1532352660
167,159,4.0,1532354760
450,252,4.0,1532356500
94,94,3.0,1532371560
482,175,4.5,1532381580
1,64,3.0,1532383800
152,269,4.0,1532387400
131,280,3.0,1532393040
379,175,4.0,1532398380
183,290,3.0,1532402340
136,101,4.0,1532405040
276,125,2.5,1532409240
347,4,4.5,1532410140
490,42,2.0,1532417220
228,134,2.5,1532417880
394,58,3.5,1532421120
271,98,2.5,1532423520
201,173,4.5,1532424240
140,233,3.0,1532427000
306,130,1.5,1532433900
316,243,3.5,1532442480
402,175,3.5,1532460540
136,85,3.5,1532464380
340,290,2.5,1532467020
131,64,4.0,1532473800
453,226,4.5,1532475720
311,184,2.5,1532476380
210,185,4.0,1532477520
138,32,3.5,1532480220
286,222,4.5,1532481900
178,238,4.0,1532485320
500,127,2.5,1532499420
417,70,3.5,1532507700
10,145,3.0,1532510340
39,103,2.5,1532510940
309,31,3.0,1532512500
350,217,4.5,1532517120
208,140,4.0,1532517360
274,246,2.5,1532518860
421,121,3.5,1532520660
61,264,3.0,1532524320
16,215,2.5,1532527440
287,165,4.0,1532535060
222,48,2.0,1532538060
79,60,1.5,1532538240
74,175,4.0,1532539440
76,257,3.0,1532541960
128,172,4.5,1532542260
288,125,3.5,1532552580
294,170,3.0,1532562600
470,165,2.0,1532567460
452,150,4.0,1532579760
405,28,3.5,1532586960
335,284,4.0,1532588160
126,256,4.0,1532588520
200,250,3.5,1532589540
65,179,4.0,1532593440
300,182,4.0,1532595300
441,240,3.0,1532596560
232,48,3.0,1532597580
94,253,2.0,1532605800
135,37,2.5,1532605800
110,242,3.0,1532608380
122,14,2.5,1532614080
15,14,3.5,1532619780
462,66,3.0,1532622720
158,5,1.0,1532627460
54,194,2.5,1532628240
148,173,3.5,1532628660
301,230,3.0,1532632680
92,217,5.0,1532633340
55,260,4.5,1532641980
104,240,4.5,1532642100
425,70,3.0,1532642760
96,207,0.5,1532643000
271,102,3.5,1532643960
104,174,4.0,1532652240
476,256,3.0,1532653440
389,250,3.5,1532655840
448,193,5.0,1532656560
324,217,5.0,1532659860
388,275,1.0,1532661180
217,107,3.0,1532662800
312,165,4.0,1532669760
278,280,2.5,1532672400
435,56,4.5,1532677800
220,262,4.0,1532687220
368,197,4.5,1532688000
500,198,3.0,1532688480
460,78,3.0,1532690880
160,269,3.0,1532699160
358,10,3.5,1532705880
92,63,3.5,1532712060
333,136,3.0,1532715360
68,121,3.5,1532717880
10,262,2.5,1532723100
353,174,2.5,1532726340
164,31,3.5,1532727300
189,248,2.0,1532729640
23,240,1.5,1532731020
378,251,3.0,1532738220
260,174,3.5,1532740860
75,14,3.0,1532742000
305,254,2.0,1532745000
271,231,3.0,1532753880
304,38,4.0,1532765340
353,207,0.5,1532771880
338,300,4.0,1532773020
415,64,3.0,1532780820
102,40,1.5,1532784660
106,182,3.5,1532787060
46,222,3.0,1532801100
36,73,1.5,1532805120
455,216,4.5,1532805720
396,197,3.5,1532806680
18,240,2.5,1532820240
133,107,3.0,1532824980
238,14,3.0,1532825820
306,285,5.0,1532826900
82,53,3.5,1532832660
363,134,3.5,1532835000
202,146,3.5,1532835960
393,55,3.5,1532836560
271,141,3.5,1532839140
215,3,3.0,1532840280
371,137,4.0,1532841060
320,144,3.5,1532841960
170,55,2.5,1532842440
403,248,2.5,1532842920
421,193,4.5,1532844960
374,137,4.0,1532848560
359,231,3.0,1532866680
471,250,5.0,1532874420
401,179,3.0,1532874420
334,44,2.5,1532878860
386,245,3.0,1532881380
300,115,1.0,1532892240
139,150,1.0,1532899500
168,299,3.0,1532901840
168,182,4.0,1532915460
110,17,3.0,1532920680
16,38,4.0,1532927640
376,55,1.5,1532931180
266,275,2.0,1532932080
123,182,3.5,1532941080
301,195,1.0,1532942700
385,251,3.5,1532943000
142,179,4.0,1532944800
378,225,1.5,1532947380
157,206,4.5,1532948220
446,197,5.0,1532948220
147,19,3.5,1532955840
23,148,2.5,1532956860
189,58,3.5,1532972880
84,153,3.5,1532978340
488,160,3.0,1532978640
12,173,4.0,1532984760
394,169,3.5,1532990280
474,24,3.0,1532991180
107,227,1.5,1532995260
436,24,2.5,1532995920
259,182,4.5,1532998860
180,219,2.5,1533001200
408,24,4.0,1533005100
69,223,4.0,1533005160
377,233,4.0,1533010680
278,176,3.0,1533011040
425,133,2.5,1533013080
205,47,2.0,1533018180
112,137,4.0,1533023700
188,239,3.0,1533026880
158,221,3.5,1533030420
213,207,3.5,1533035100
143,243,4.5,1533036480
251,14,4.0,1533036780
55,106,3.0,1533039480
71,94,4.0,1533041280
179,51,5.0,1533043260
134,12,3.0,1533043860
395,178,3.5,1533044400
386,13,4.0,1533045240
251,245,4.0,1533047640
352,150,1.0,1533048480
313,203,2.5,1533050580
150,240,2.5,1533050820
361,100,5.0,1533061860
22,251,3.5,1533062760
420,35,2.0,1533064080
438,176,3.0,1533071280
439,79,4.0,1533072000
162,206,5.0,1533076080
205,203,3.0,1533079920
105,5,2.0,1533080760
234,243,3.5,1533086160
168,174,4.0,1533093180
211,10,3.0,1533093300
384,35,2.5,1533098520
281,93,2.5,1533098580
438,174,1.0,1533104040
316,101,2.0,1533110880
494,35,3.0,1533113340
37,26,2.5,1533114780
53,136,4.5,1533116160
490,284,3.5,1533116700
303,24,4.0,1533118800
369,43,4.0,1533120420
304,106,3.5,1533121080
108,17,3.5,1533126960
118,83,3.5,1533127200
291,273,3.5,1533133560
40,243,4.5,1533141780
239,48,1.5,1533144060
309,73,2.5,1533149040
184,30,3.0,1533163680
100,95,1.5,1533171660
412,247,2.5,1533178080
438,134,3.5,1533184080
437,32,3.0,1533186480
336,47,3.5,1533192480
336,241,3.5,1533195120
414,127,3.0,1533195240
254,48,2.5,1533196740
98,294,3.5,1533197580
208,210,4.0,1533207540
360,151,2.5,1533209460
440,273,2.0,1533213000
383,73,4.5,1533214740
348,56,4.5,1533217140
34,24,3.5,1533217680
324,34,5.0,1533218280
151,193,3.0,1533218760
116,105,3.0,1533221940
154,194,2.0,1533228480
142,48,2.5,1533231480
176,197,3.5,1533249540
335,240,3.5,1533252180
390,180,3.0,1533253440
475,103,3.0,1533259140
344,288,1.0,1533262200
347,190,3.5,1533263700
415,263,5.0,1533267660
498,94,4.5,1533271440
142,156,2.5,1533272400
252,153,4.0,1533278760
496,294,3.5,1533310620
52,265,3.5,1533311100
436,281,3.0,1533312480
264,240,2.5,1533313260
207,207,2.0,1533315240
386,34,4.5,1533316680
320,43,4.5,1533318600
396,154,1.5,1533319680
145,252,3.0,1533319920
98,51,4.0,1533323640
214,82,3.5,1533329820
25,195,3.0,1533332040
395,274,5.0,1533333840
131,82,4.0,1533338460
255,104,3.5,1533343620
209,266,5.0,1533344100
148,284,4.0,1533344460
207,192,5.0,1533350820
290,251,2.0,1533354900
307,90,4.0,1533358440
499,300,4.0,1533364500
446,170,3.5,1533368280
457,110,3.0,1533371460
232,240,3.5,1533371580
96,240,3.0,1533375540
137,251,3.5,1533383760
288,127,4.0,1533387540
42,273,3.0,1533389640
266,13,4.0,1533392220
198,284,4.0,1533393420
484,197,4.5,1533398940
189,289,2.0,1533400140
382,36,4.5,1533405660
94,208,2.0,1533406620
498,13,5.0,1533414960
429,177,3.0,1533424500
6,54,3.0,1533424620
173,26,4.5,1533426360
460,244,3.5,1533427020
93,203,2.5,1533429060
28,121,3.0,1533429480
476,99,2.5,1533432660
453,47,3.5,1533435660
373,75,4.0,1533438060
476,265,2.5,1533441480
218,254,4.5,1533446700
277,101,2.5,1533446700
335,132,4.5,1533446940
295,42,3.0,1533448260
217,13,3.0,1533456780
262,14,3.0,1533463680
323,223,3.0,1533470100
112,15,2.0,1533474060
246,63,3.0,1533482040
247,137,4.5,1533483540
203,79,3.5,1533493680
125,60,4.5,1533494040
31,280,3.5,1533507960
38,41,3.5,1533510060
466,55,2.0,1533512040
39,151,3.0,1533512220
91,146,2.5,1533512880
236,249,1.5,1533516780
30,112,5.0,1533516840
6,165,2.5,1533519600
198,221,3.0,1533522780
32,175,2.5,1533527280
162,216,5.0,1533527580
416,34,4.0,1533530040
431,164,5.0,1533536400
334,299,2.0,1533538380
440,269,2.0,1533555720
385,73,5.0,1533559560
201,203,3.5,1533562260
152,236,3.0,1533562260
85,60,3.0,1533567120
76,48,2.5,1533578220
301,1,1.5,1533584700
360,51,2.5,1533586620
450,138,4.5,1533590520
389,120,4.0,1533593520
64,101,3.5,1533600600
350,194,3.5,1533607380
298,188,4.0,1533616020
26,216,5.0,1533617040
405,258,1.5,1533619020
113,107,2.5,1533621600
302,42,1.0,1533622320
151,45,3.0,1533622620
366,174,4.0,1533622980
430,261,4.0,1533623280
276,139,1.5,1533623880
255,182,3.0,1533623940
431,189,2.0,1533629220
348,283,2.0,1533633840
217,177,3.0,1533641400
401,3,1.5,1533643860
362,3,1.5,1533644760
96,235,3.0,1533646560
269,296,3.5,1533648480
170,171,0.5,1533660720
325,193,3.5,1533661080
340,281,4.0,1533663420
300,257,3.0,1533664440
266,294,4.0,1533664860
112,200,3.5,1533665340
122,280,2.0,1533693660
88,123,4.5,1533693660
299,245,3.0,1533694380
348,29,2.5,1533695640
169,151,3.0,1533695880
137,293,2.5,1533698760
142,107,4.0,1533699180
478,48,4.0,1533700260
1,254,3.0,1533702060
107,222,2.5,1533704700
87,294,4.5,1533707700
50,41,3.5,1533709080
141,105,2.0,1533711840
303,123,4.0,1533719160
427,154,2.0,1533729060
178,294,3.5,1533732600
360,200,1.5,1533732840
468,9,4.5,1533738960
361,210,4.0,1533745980
183,52,3.0,1533746700
185,267,5.0,1533749040
343,275,1.5,1533766620
236,35,1.5,1533771480
335,154,2.5,1533774840
311,220,3.0,1533776280
9,55,2.5,1533777480
271,185,3.5,1533777960
490,101,3.0,1533781080
427,240,2.5,1533782220
417,173,5.0,1533783240
235,267,2.0,1533788400
271,167,4.0,1533801060
376,209,3.5,1533801480
222,70,2.5,1533803580
215,94,4.5,1533831660
316,170,2.0,1533834540
369,229,4.5,1533840000
492,254,3.0,1533840900
355,146,2.5,1533841560
176,150,2.5,1533842400
109,60,2.5,1533846120
171,111,3.0,1533848580
486,24,3.0,1533848640
328,160,3.0,1533852300
340,235,5.0,1533854520
150,276,2.5,1533855120
444,146,3.0,1533858540
26,60,3.0,1533859740
396,187,2.5,1533860700
70,15,2.0,1533861720
286,147,3.0,1533873000
265,95,5.0,1533878640
158,18,2.5,1533879240
124,58,3.5,1533880140
397,174,2.5,1533883560
339,82,3.5,1533887040
326,154,1.5,1533893040
62,280,4.0,1533901620
305,60,2.0,1533904260
395,79,5.0,1533910800
32,15,2.5,1533911580
21,50,2.0,1533915900
153,220,4.0,1533917220
76,119,2.0,1533917760
416,215,4.5,1533922920
420,240,1.0,1533928380
294,173,4.5,1533933540
434,59,3.5,1533935520
35,200,2.0,1533937200
342,300,2.5,1533940380
3,262,4.5,1533950580
465,175,3.5,1533955620
429,245,4.0,1533957960
38,170,1.0,1533960720
456,240,2.0,1533966780
331,150,3.0,1533968700
236,250,3.5,1533969180
240,45,2.0,1533970620
97,221,3.0,1533975780
482,82,3.5,1533976920
19,109,3.0,1533983820
223,200,2.5,1533986640
297,82,3.5,1533988560
489,2,3.0,1533992280
59,156,3.5,1534001400
30,154,4.0,1534013100
365,109,2.0,1534013220
8,98,2.5,1534015020
73,42,4.5,1534016460
150,220,3.0,1534017420
274,1,1.5,1534019940
475,63,4.0,1534029180
12,68,2.5,1534031820
330,146,4.0,1534036680
377,258,4.0,1534038120
409,262,4.0,1534038540
264,176,2.5,1534040580
310,272,3.0,1534050780
454,210,3.5,1534064220
414,152,4.5,1534072020
229,66,3.5,1534072860
435,119,3.5,1534074000
489,255,4.5,1534076460
188,150,2.5,1534091040
259,197,3.5,1534091040
322,38,2.5,1534094760
395,171,2.0,1534097220
380,173,4.0,1534097460
418,231,2.0,1534099380
430,63,2.5,1534101480
420,63,2.5,1534108080
473,278,3.5,1534115580
130,42,2.5,1534116900
37,47,2.0,1534119720
486,217,3.5,1534124460
128,244,3.0,1534125300
42,38,2.5,1534135080
427,207,2.0,1534152360
176,138,4.0,1534157940
438,300,3.0,1534158060
451,235,3.0,1534158900
192,66,3.5,1534159440
474,150,2.0,1534160160
500,3,3.5,1534162080
452,105,4.5,1534162320
334,42,2.5,1534174740
82,58,4.0,1534176060
133,37,3.5,1534176060
92,231,4.5,1534177200
499,208,1.5,1534179660
394,133,2.5,1534182180
370,239,3.0,1534186980
132,83,3.5,1534197120
492,147,2.5,1534199040
13,98,2.5,1534203420
286,156,2.5,1534207740
195,157,1.5,1534208100
175,141,3.5,1534208520
220,174,3.5,1534211160
162,34,4.0,1534211460
52,230,4.5,1534219680
244,254,3.5,1534224720
27,94,3.0,1534231500
374,45,2.0,1534232760
5,177,3.0,1534241100
287,254,5.0,1534242480
121,198,4.5,1534245900
342,47,2.5,1534247040
181,17,3.0,1534247280
351,182,3.5,1534248600
195,255,3.5,1534250040
311,165,3.0,1534255740
230,262,4.0,1534260480
67,71,3.0,1534261920
45,245,2.0,1534263300
7,134,3.5,1534266120
63,60,2.5,1534266960
51,215,3.5,1534271940
318,36,5.0,1534279680
51,220,4.5,1534282200
109,94,2.5,1534286460
166,130,1.5,1534290720
105,154,2.5,1534290720
63,210,3.0,1534293300
352,251,3.5,1534295940
118,3,1.5,1534305540
36,148,3.0,1534313040
348,24,3.0,1534317180
307,293,3.0,1534325220
313,284,4.0,1534325940
341,82,3.5,1534332900
263,121,5.0,1534334280
277,194,1.5,1534335900
62,21,4.0,1534337040
376,107,3.5,1534338900
297,60,3.0,1534339500
498,197,5.0,1534345020
85,63,3.0,1534345680
478,138,5.0,1534348200
84,37,4.0,1534356660
268,296,3.5,1534364220
160,104,4.0,1534369380
317,141,3.5,1534375440
332,133,3.0,1534382340
380,210,2.5,1534382940
353,5,2.0,1534389540
369,63,4.0,1534395900
44,108,2.5,1534399500
69,251,3.5,1534402980
381,198,3.0,1534412280
407,143,3.0,1534414980
216,223,2.5,1534418100
104,73,4.5,1534419540
321,236,3.0,1534421160
419,193,5.0,1534422120
210,262,3.5,1534423560
246,227,3.5,1534425240
335,243,4.0,1534432620
144,79,3.5,1534435020
393,275,1.5,1534436340
375,101,2.0,1534440300
157,40,5.0,1534442760
466,94,4.5,1534445280
347,240,3.0,1534446720
36,209,2.5,1534447320
148,3,2.5,1534447800
378,203,2.5,1534452420
480,60,2.0,1534454100
140,231,2.0,1534457520
407,222,4.0,1534464420
310,162,2.5,1534465320
392,175,2.5,1534469340
134,292,4.5,1534469940
276,281,4.0,1534472160
108,170,1.5,1534497720
54,222,3.5,1534500960
212,29,1.5,1534501080
82,231,3.0,1534507860
342,174,3.5,1534510020
421,289,3.0,1534511340
177,255,3.5,1534512000
466,288,2.0,1534519860
39,245,3.0,1534520520
299,148,3.0,1534524780
118,182,3.5,1534526520
213,83,3.5,1534527660
321,64,3.5,1534529340
14,94,3.0,1534546020
344,70,2.0,1534548240
87,197,5.0,1534551720
360,253,1.0,1534559520
371,294,3.0,1534566900
201,94,4.5,1534568880
290,132,3.0,1534579320
115,82,3.5,1534583940
62,189,4.0,1534588860
248,203,4.0,1534589820
455,253,3.5,1534595220
367,51,5.0,1534596780
207,107,3.5,1534602420
429,123,4.5,1534607820
42,215,4.5,1534613220
145,150,2.0,1534614420
112,170,2.0,1534615260
205,243,4.0,1534617600
123,63,3.5,1534618800
98,269,3.5,1534618980
262,137,4.0,1534620540
449,267,3.5,1534624080
195,229,3.0,1534629720
302,55,2.0,1534640460
314,120,3.5,1534642560
226,214,4.5,1534646700
80,149,2.5,1534649520
471,21,4.0,1534667460
239,259,2.0,1534668180
366,30,4.0,1534668960
340,107,4.0,1534676100
120,15,2.5,1534678500
164,64,3.5,1534682100
200,78,2.5,1534686300
493,163,2.5,1534688820
439,81,2.5,1534690620
350,165,2.5,1534692540
84,73,3.5,1534696140
300,3,1.5,1534703340
74,165,3.5,1534704600
70,77,1.5,1534707660
359,243,4.5,1534709760
475,18,4.0,1534713480
206,240,4.0,1534717080
265,275,2.5,1534723260
227,228,4.5,1534724820
237,14,4.5,1534733100
367,200,2.0,1534739580
463,24,3.0,1534741140
92,154,2.0,1534751640
122,15,3.0,1534753260
104,13,4.5,1534753560
255,184,3.0,1534755900
64,134,4.5,1534757580
82,77,1.5,1534771500
472,284,4.0,1534773120
437,61,4.5,1534782180
125,275,2.5,1534782480
16,248,3.0,1534783740
440,294,3.0,1534784520
133,179,3.5,1534791480
216,45,2.5,1534796040
166,24,4.0,1534804500
337,82,3.0,1534806420
218,94,4.0,1534806420
247,56,5.0,1534807560
124,292,4.0,1534810500
472,81,3.5,1534817220
317,9,3.5,1534819020
365,165,2.5,1534825020
300,10,3.5,1534828440
498,81,2.0,1534829520
79,134,4.0,1534831920
133,216,4.0,1534834020
249,127,2.5,1534843560
156,255,4.5,1534844460
57,15,2.5,1534844820
309,70,2.0,1534850220
231,217,3.0,1534853700
292,141,4.0,1534856700
280,253,3.0,1534862340
76,40,3.0,1534864740
66,5,3.0,1534874880
471,184,4.0,1534874940
204,17,4.5,1534876680
384,121,4.0,1534884540
266,235,4.0,1534885560
36,60,2.0,1534893060
295,36,5.0,1534899060
326,36,3.5,1534902900
118,74,3.5,1534903380
25,254,0.5,1534912680
76,27,2.5,1534915980
259,270,2.0,1534926120
236,110,1.5,1534926960
471,262,3.0,1534930500
407,56,3.0,1534936920
355,17,2.5,1534938180
461,37,2.5,1534942320
233,175,4.0,1534950780
52,141,4.5,1534951980
491,249,2.5,1534956780
142,279,2.0,1534961040
42,24,3.0,1534962840
252,33,2.5,1534970940
210,7,4.0,1534975620
258,81,3.0,1534977720
428,182,3.0,1534982520
64,151,3.5,1534984380
372,137,4.5,1534990920
43,273,4.0,1535003100
48,169,3.5,1535003580
301,188,3.0,1535007960
134,185,3.5,1535014140
392,300,2.5,1535022060
68,15,2.5,1535032440
297,233,2.5,1535034840
279,176,1.5,1535035200
163,154,2.5,1535037720
109,134,3.0,1535046720
72,240,3.0,1535051760
195,156,1.5,1535054460
406,5,1.5,1535066400
293,281,3.5,1535073720
180,141,3.5,1535076780
328,143,5.0,1535080920
381,38,2.5,1535081760
326,60,1.0,1535091240
61,258,2.5,1535097300
93,82,3.5,1535098920
345,169,3.0,1535100480
73,198,3.0,1535102760
259,245,3.0,1535109660
238,44,3.5,1535125800
428,129,2.0,1535127480
265,262,4.5,1535130960
260,186,4.0,1535131260
305,283,2.5,1535134320
70,293,2.0,1535138520
496,198,2.0,1535139540
87,293,3.5,1535144820
303,65,4.0,1535149140
332,113,4.0,1535152860
77,287,4.0,1535157720
14,165,3.5,1535165340
477,296,3.0,1535166060
275,294,2.5,1535168880
239,29,3.5,1535170320
91,235,4.0,1535174280
326,180,1.5,1535175720
476,184,2.5,1535176680
320,123,5.0,1535176740
98,132,5.0,1535185320
387,258,4.0,1535191620
96,79,4.0,1535192040
254,99,4.0,1535193120
443,119,1.5,1535196600
345,291,2.0,1535197980
178,216,4.5,1535201220
376,300,3.0,1535211600
245,24,3.5,1535219160
319,248,2.0,1535219460
179,101,5.0,1535230260
312,175,3.0,1535238360
184,241,2.0,1535238540
305,179,2.0,1535240220
366,51,4.0,1535241840
119,148,1.5,1535244060
417,42,4.5,1535245800
73,252,4.0,1535247000
274,18,2.5,1535248140
244,203,2.5,1535263020
50,215,3.0,1535264580
70,290,2.0,1535265360
402,233,3.0,1535266200
336,68,2.5,1535270460
147,142,3.5,1535280840
476,251,3.5,1535282040
397,289,2.5,1535282400
220,3,2.0,1535283240
45,203,1.5,1535285820
414,148,3.0,1535297220
483,236,3.5,1535299440
145,243,4.5,1535300340
378,254,2.5,1535303280
113,83,3.0,1535307600
345,64,3.5,1535307660
49,168,4.5,1535310600
165,237,3.5,1535315340
402,134,4.0,1535317140
264,278,4.0,1535317440
328,44,3.0,1535326680
67,64,3.5,1535326800
264,5,2.5,1535327040
122,34,3.0,1535329500
215,72,3.0,1535330520
65,262,4.0,1535331360
28,289,1.5,1535334900
387,180,3.0,1535334960
223,80,0.5,1535341200
383,28,4.0,1535341200
141,176,3.0,1535341740
264,183,3.0,1535343660
477,220,2.5,1535347380
201,250,3.5,1535347620
409,78,3.5,1535351340
263,26,4.0,1535356140
8,121,2.5,1535356320
236,82,2.5,1535357520
411,121,4.0,1535363280
417,3,3.0,1535369040
129,80,1.5,1535369400
426,87,3.0,1535371380
343,148,3.5,1535376600
237,71,5.0,1535377680
147,240,3.0,1535384100
401,68,1.0,1535397660
478,245,3.0,1535399160
72,52,4.0,1535399280
65,58,2.0,1535409720
481,157,4.0,1535410620
336,211,3.0,1535411760
169,36,5.0,1535412180
272,273,2.0,1535413500
198,123,3.5,1535417040
366,180,3.5,1535427060
39,58,2.5,1535438880
376,197,4.0,1535447580
434,104,4.0,1535448600
457,194,4.0,1535453040
147,256,2.5,1535458440
411,94,4.0,1535466120
457,91,3.0,1535466180
180,101,3.5,1535472060
283,237,3.5,1535475960
487,237,3.0,1535476260
414,86,5.0,1535476500
56,120,4.0,1535478180
392,241,1.0,1535480640
174,288,3.5,1535483340
444,64,4.5,1535484540
192,146,3.5,1535499900
488,289,3.0,1535501700
209,134,4.5,1535506440
484,294,4.0,1535507280
30,223,5.0,1535512680
358,254,4.0,1535526480
181,175,3.0,1535534820
449,134,4.5,1535547540
394,245,2.5,1535551560
223,263,4.0,1535552220
342,290,2.5,1535552460
483,127,4.0,1535555700
77,58,3.5,1535557860
272,121,1.5,1535557980
91,84,3.0,1535559000
176,79,3.5,1535566260
16,71,5.0,1535568840
23,173,4.5,1535577420
122,66,3.0,1535585460
182,289,3.0,1535587020
182,245,4.0,1535589900
492,281,4.0,1535594760
232,85,5.0,1535598180
261,191,2.5,1535614560
481,60,3.0,1535627460
466,1,4.0,1535628180
35,245,2.0,1535633760
416,36,5.0,1535638740
188,165,4.5,1535639940
436,183,1.5,1535652480
36,139,2.0,1535653320
454,121,2.0,1535668680
243,134,4.5,1535673600
376,145,3.5,1535676060
247,26,4.5,1535683320
13,289,2.5,1535686980
102,268,3.0,1535690280
374,208,2.5,1535698980
415,40,3.0,1535714760
287,253,4.0,1535714880
443,256,3.5,1535728080
431,216,3.5,1535728320
136,183,3.0,1535731920
244,157,2.5,1535732100
361,207,2.5,1535732700
212,157,2.5,1535734920
132,71,4.5,1535743080
32,280,1.5,1535744760
29,254,1.5,1535746260
420,56,3.5,1535746380
313,15,3.5,1535755860
277,184,2.0,1535763120
138,76,5.0,1535764020
353,128,2.5,1535765520
121,216,4.5,1535771280
108,230,3.0,1535779740
222,28,3.0,1535780280
376,229,3.5,1535783160
51,1,3.5,1535787420
273,294,3.0,1535789400
68,253,2.0,1535790300
36,237,2.5,1535793780
290,120,3.0,1535802000
499,288,2.0,1535802480
405,175,4.0,1535804880
460,231,4.0,1535805960
362,299,3.0,1535806320
80,227,2.5,1535808960
463,289,2.5,1535810520
441,243,3.0,1535816340
378,294,3.5,1535820900
38,73,4.0,1535832120
297,251,4.0,1535834100
131,205,3.5,1535834520
228,36,4.0,1535837940
333,262,3.5,1535838360
67,117,2.5,1535843580
258,196,5.0,1535845260
281,198,2.5,1535845860
225,98,4.0,1535851200
408,38,2.5,1535853900
379,269,4.0,1535857200
471,15,3.0,1535860200
283,229,3.5,1535865840
39,186,2.5,1535866260
206,256,2.5,1535866740
227,281,5.0,1535870580
446,208,3.0,1535872860
457,253,3.0,1535878860
248,165,3.0,1535882100
267,18,2.5,1535883000
70,1,2.5,1535884860
364,222,3.0,1535887920
268,10,5.0,1535888640
121,245,5.0,1535890680
284,51,2.5,1535898840
52,13,5.0,1535900880
311,176,2.5,1535906280
278,145,3.5,1535913000
431,222,3.5,1535921460
129,29,3.5,1535926020
420,157,2.5,1535932920
359,121,5.0,1535940540
141,269,3.5,1535950800
338,120,4.0,1535954940
282,30,4.0,1535959440
472,182,4.5,1535969400
391,284,4.5,1535973060
485,123,3.5,1535974500
292,56,5.0,1535978940
224,17,3.0,1535999100
170,60,2.0,1536000540
457,18,3.0,1536001260
457,284,4.0,1536002640
403,64,4.5,1536004740
429,150,3.0,1536005040
351,91,1.5,1536006300
474,252,3.0,1536007200
495,243,5.0,1536014280
150,58,4.0,1536015600
209,184,4.0,1536021120
192,215,3.0,1536022320
43,280,3.5,1536023220
436,269,3.5,1536028260
478,204,4.0,1536046020
51,281,4.5,1536051180
95,217,3.0,1536053100
205,129,3.0,1536056820
417,147,5.0,1536058080
373,47,4.0,1536060720
107,152,2.5,1536069540
259,138,5.0,1536075900
241,172,3.5,1536076680
129,18,2.5,1536077160
253,67,2.5,1536079560
360,80,0.5,1536083520
278,96,4.5,1536086160
87,150,3.5,1536093660
424,176,3.0,1536096540
189,8,3.5,1536100260
268,24,3.0,1536100800
6,145,2.5,1536104640
60,262,3.0,1536104820
175,289,1.5,1536110280
458,40,3.0,1536112080
261,79,4.0,1536119100
40,95,4.5,1536122100
198,260,3.5,1536122160
236,254,3.0,1536124920
462,229,3.5,1536130380
205,153,3.0,1536133860
415,93,3.5,1536137460
221,47,3.5,1536156780
4,32,4.0,1536158220
342,280,2.5,1536162120
238,206,3.5,1536168660
228,300,3.0,1536170700
143,168,2.5,1536174960
299,195,3.5,1536176520
494,129,3.5,1536192300
37,279,2.0,1536198360
42,280,3.5,1536206580
33,170,3.5,1536208320
292,260,5.0,1536213780
118,9,3.5,1536218580
341,187,3.5,1536232680
449,14,4.5,1536234420
428,51,3.0,1536244740
112,208,3.5,1536244980
152,118,4.5,1536249720
465,150,2.0,1536251820
308,262,3.5,1536254640
350,107,3.0,1536259860
16,51,5.0,1536260460
285,75,3.5,1536269760
460,233,3.0,1536272460
287,229,5.0,1536279060
391,275,2.5,1536282900
67,66,2.5,1536286800
107,275,0.5,1536289140
207,36,4.5,1536296040
294,18,2.5,1536298020
277,157,3.0,1536298500
232,175,3.5,1536299160
437,202,4.0,1536300120
481,264,4.5,1536300300
376,30,2.5,1536303480
340,133,3.5,1536307860
130,3,1.0,1536309720
42,57,4.0,1536312240
402,93,3.0,1536318720
229,175,3.5,1536319140
46,215,4.0,1536322260
131,88,4.0,1536322800
270,155,4.0,1536328560
377,165,3.5,1536331980
373,235,4.0,1536333120
153,172,3.5,1536334680
343,294,2.5,1536334920
109,121,2.5,1536354360
167,276,3.5,1536356400
11,50,2.0,1536358200
61,18,2.5,1536358920
79,18,2.5,1536363060
469,93,4.0,1536363600
239,216,4.5,1536364260
354,30,3.5,1536366660
5,294,3.5,1536366960
484,106,4.0,1536367020
86,197,4.5,1536373860
233,15,3.5,1536375060
465,14,4.5,1536375600
226,47,3.5,1536386160
101,220,4.0,1536386700
149,284,3.0,1536386760
274,254,3.0,1536392280
212,275,0.5,1536392880
496,55,3.0,1536399600
345,28,4.0,1536404100
162,47,4.0,1536411060
368,65,4.5,1536415260
319,79,3.0,1536418500
183,29,3.5,1536423720
363,60,2.5,1536425220
365,187,2.5,1536425880
104,84,4.5,1536429060
6,180,2.0,1536431100
96,103,1.5,1536438600
166,137,3.5,1536439920
45,176,1.5,1536440340
252,231,3.0,1536441840
306,136,3.5,1536442980
162,101,4.5,1536449640
470,80,0.5,1536455460
2,24,4.0,1536464640
351,127,2.5,1536469200
50,201,2.5,1536473400
288,88,2.5,1536478920
1,262,3.5,1536480900
465,250,4.0,1536480900
19,68,2.5,1536485160
117,129,3.0,1536487980
14,92,3.5,1536488640
280,40,3.0,1536490260
350,244,3.0,1536502440
458,289,2.0,1536503520
328,73,4.5,1536503880
253,281,3.5,1536505380
202,165,4.0,1536505920
175,36,4.0,1536507780
306,245,3.0,1536508200
444,251,4.5,1536513660
24,101,3.0,1536515520
309,262,3.5,1536524460
62,19,4.5,1536525840
421,225,3.0,1536538440
404,226,3.5,1536542040
378,140,3.0,1536545460
381,59,4.0,1536545460
490,262,2.5,1536559500
282,223,3.0,1536564600
465,117,3.5,1536566220
475,95,3.5,1536566460
246,217,4.5,1536571380
334,9,3.0,1536571620
182,175,5.0,1536575640
150,275,1.5,1536580860
386,73,3.5,1536585900
181,294,3.5,1536591960
37,272,2.0,1536600300
270,258,5.0,1536600780
323,215,2.5,1536606000
319,21,3.5,1536608880
346,165,2.5,1536609660
496,189,3.5,1536610320
376,156,1.5,1536611700
206,210,3.5,1536617340
326,174,3.0,1536625260
95,296,2.5,1536625560
500,60,2.5,1536634800
122,108,3.5,1536638100
451,65,3.0,1536640800
196,145,3.5,1536660720
193,29,2.0,1536662280
185,213,3.5,1536665280
178,271,2.5,1536671340
286,254,2.0,1536677460
170,6,3.0,1536679020
479,275,1.0,1536681540
372,131,3.0,1536684060
65,266,4.5,1536686040
302,148,2.5,1536693120
18,262,3.5,1536720720
474,299,2.5,1536721140
110,73,3.0,1536721620
373,203,2.5,1536729300
58,72,3.5,1536729900
75,198,3.0,1536739860
187,294,4.0,1536744240
87,48,3.0,1536754680
134,183,2.5,1536758400
433,289,1.5,1536759720
323,203,2.5,1536760500
494,245,2.5,1536765840
410,100,4.0,1536769020
55,68,2.0,1536770040
319,170,2.5,1536770400
189,133,2.5,1536776340
186,289,3.0,1536777360
89,207,2.5,1536778140
118,30,2.5,1536781440
198,140,3.0,1536782880
454,6,4.0,1536787500
212,172,3.0,1536793500
205,251,3.5,1536805620
108,153,4.0,1536814320
420,174,4.0,1536826620
190,106,2.5,1536836820
212,18,1.5,1536845820
279,206,5.0,1536851580
379,251,3.5,1536856440
415,72,3.0,1536858180
111,210,3.5,1536860220
83,281,3.5,1536865200
255,123,3.0,1536865740
121,111,4.0,1536867060
346,77,2.0,1536883440
133,73,2.5,1536904380
128,81,3.5,1536905520
353,180,2.5,1536906360
130,134,3.0,1536909840
394,19,2.0,1536911520
3,23,3.5,1536914820
140,238,3.5,1536916980
201,105,3.0,1536921360
364,250,2.5,1536927180
227,50,4.0,1536928440
330,242,3.5,1536931320
386,106,4.0,1536936660
392,108,2.0,1536949920
395,227,4.5,1536950340
443,172,4.0,1536952980
287,71,4.0,1536954060
69,238,4.0,1536955800
275,121,3.0,1536961260
441,133,1.5,1536962940
212,251,2.0,1536963420
410,241,3.5,1536971340
273,43,3.0,1536974640
477,70,2.0,1536979320
216,66,3.0,1536979440
479,63,2.0,1536981180
30,203,4.5,1536984600
446,47,4.0,1536988560
364,146,2.5,1536989520
492,65,3.0,1536991980
61,179,3.0,1536994980
345,193,3.0,1536996240
355,57,4.0,1536996960
131,176,4.5,1536997800
336,19,4.0,1537000140
274,206,2.0,1537001340
471,222,4.0,1537002720
25,172,3.5,1537007100
287,197,4.0,1537012800
219,40,2.5,1537016400
240,171,2.0,1537028520
209,273,3.0,1537036320
230,126,3.0,1537059060
168,145,4.0,1537059840
496,207,1.5,1537061580
40,256,2.5,1537061940
462,231,3.0,1537072860
290,3,1.0,1537078440
95,121,3.0,1537081320
2,44,2.5,1537084980
118,156,2.0,1537087020
425,237,3.5,1537091160
193,231,1.5,1537096620
431,93,2.5,1537096980
438,132,3.0,1537100580
452,187,3.0,1537107420
424,205,4.0,1537109940
376,36,4.5,1537110660
193,53,3.0,1537113840
109,205,1.0,1537116300
173,163,4.0,1537119720
483,121,3.5,1537121040
207,24,4.5,1537124580
281,40,3.5,1537127160
457,268,4.0,1537127940
496,13,4.0,1537128780
22,250,4.5,1537129980
369,178,4.0,1537130760
52,198,3.5,1537134360
236,175,3.5,1537137180
134,156,2.5,1537140120
212,31,2.5,1537143060
108,245,3.0,1537146480
283,17,3.0,1537149600
47,133,4.0,1537158720
464,74,2.5,1537163100
412,15,5.0,1537163820
433,176,2.0,1537164420
303,79,3.5,1537164600
240,207,2.0,1537170360
212,189,2.5,1537176060
354,94,4.5,1537182600
380,36,4.5,1537187220
97,267,3.5,1537190520
239,211,3.0,1537191960
464,127,3.0,1537193460
232,3,3.0,1537206300
203,1,1.5,1537207800
257,28,4.5,1537208220
113,123,4.0,1537223340
11,120,3.0,1537224660
315,134,3.5,1537225140
493,127,3.0,1537227780
53,51,5.0,1537228500
350,119,3.0,1537229700
187,174,4.0,1537230420
446,101,4.5,1537231020
65,3,3.0,1537235160
215,129,4.5,1537235340
484,280,2.5,1537236600
384,250,3.0,1537239480
22,66,3.5,1537241820
313,79,4.0,1537243500
135,134,4.0,1537245000
264,48,2.5,1537246320
466,70,3.5,1537246740
445,173,3.5,1537247280
458,274,4.5,1537248600
248,254,2.5,1537252440
191,94,2.5,1537252860
280,48,3.0,1537256640
87,63,4.5,1537256820
261,172,3.5,1537265760
137,52,2.0,1537267020
7,55,2.5,1537270380
14,51,4.5,1537271520
336,94,4.0,1537279140
475,13,4.5,1537285620
234,294,4.0,1537294260
107,182,2.5,1537296720
438,262,3.0,1537302000
68,53,3.0,1537309620
41,258,3.5,1537320360
475,217,4.0,1537334400
56,173,4.0,1537336200
445,191,3.5,1537338900
67,129,2.5,1537339380
321,60,2.5,1537340400
79,245,1.5,1537341060
18,215,2.5,1537350480
397,18,2.5,1537350720
257,132,5.0,1537352880
63,156,2.0,1537356000
487,215,2.5,1537356720
76,170,1.5,1537359180
345,200,1.0,1537359420
91,279,3.0,1537362180
311,139,2.0,1537370940
470,268,3.0,1537371180
46,275,1.0,1537375200
466,166,4.5,1537376760
52,206,4.0,1537377480
401,176,2.0,1537381020
425,253,3.5,1537383840
100,198,3.0,1537389840
194,174,4.5,1537396740
442,226,5.0,1537401840
64,48,2.5,1537405440
37,270,3.5,1537415760
28,182,4.5,1537422780
41,157,3.0,1537426020
200,231,3.5,1537431480
484,159,3.5,1537437660
402,289,3.5,1537440840
154,229,4.5,1537441560
56,202,5.0,1537443480
390,195,2.5,1537455720
374,176,3.0,1537455780
121,94,4.5,1537475160
284,294,3.5,1537475940
84,51,3.0,1537478520
400,245,4.5,1537479000
114,71,5.0,1537481220
335,255,4.0,1537481820
249,207,0.5,1537486620
74,195,2.0,1537488900
109,4,3.5,1537489260
276,262,3.5,1537496880
295,205,2.0,1537503780
102,19,3.0,1537509840
347,226,3.5,1537510440
391,231,3.5,1537526880
270,134,5.0,1537526880
62,141,4.5,1537527180
213,30,3.5,1537533600
46,104,3.5,1537544400
442,138,4.0,1537553640
127,176,2.5,1537566480
296,64,3.5,1537566660
457,45,2.5,1537569480
351,238,3.5,1537571940
431,99,3.5,1537572900
377,210,4.5,1537573800
128,235,4.0,1537577280
154,291,1.0,1537578120
370,14,4.0,1537584300
387,82,3.5,1537585500
374,220,5.0,1537588080
494,262,3.0,1537597140
19,146,3.0,1537608420
449,243,3.5,1537609380
105,279,2.0,1537613040
310,262,3.0,1537621320
342,58,4.0,1537623300
121,157,4.0,1537630200
198,105,2.5,1537631760
448,284,3.5,1537639320
377,65,3.5,1537643040
219,148,2.5,1537644900
421,154,2.5,1537654740
199,70,3.5,1537657740
174,59,3.5,1537659300
97,60,2.0,1537661040
281,217,3.5,1537662960
251,235,4.0,1537664280
48,79,4.0,1537666320
351,77,2.0,1537672500
56,236,3.0,1537674120
175,221,3.5,1537681440
61,160,1.5,1537689360
397,3,2.0,1537697160
464,187,2.5,1537705740
125,109,4.5,1537707600
88,111,3.5,1537718760
253,176,3.0,1537724280
95,80,2.0,1537725900
134,47,2.5,1537738020
14,16,4.0,1537741920
246,28,5.0,1537742040
311,151,3.5,1537746060
149,240,2.5,1537749540
89,1,3.5,1537754520
410,294,3.0,1537757820
269,28,4.5,1537758240
272,178,3.0,1537759260
220,137,3.5,1537765440
294,64,4.0,1537766760
129,256,3.0,1537767360
308,250,4.0,1537769700
244,269,4.0,1537775640
290,296,2.0,1537776060
108,222,3.0,1537777860
348,112,3.5,1537779180
77,259,1.0,1537781460
135,60,2.5,1537784700
414,35,2.0,1537790520
128,150,2.5,1537790640
391,148,4.0,1537791600
217,226,3.5,1537792800
184,210,3.5,1537795920
176,154,2.0,1537796280
36,2,1.0,1537797840
246,290,2.5,1537807080
12,140,4.0,1537812000
195,105,2.5,1537814400
296,215,4.0,1537819740
28,249,2.5,1537836180
478,260,5.0,1537854360
159,220,4.0,1537861320
161,138,4.5,1537865580
32,35,1.5,1537886220
433,233,2.5,1537894860
325,137,3.5,1537907040
242,127,2.0,1537907400
294,129,2.5,1537909860
464,250,3.5,1537912380
419,64,4.5,1537912860
400,168,3.0,1537917120
469,275,1.0,1537925400
423,174,4.0,1537925640
353,222,3.0,1537926720
228,3,1.5,1537928040
123,138,4.0,1537931580
42,68,3.0,1537936380
466,59,3.5,1537937160
70,175,2.5,1537942920
424,32,5.0,1537951020
34,256,3.5,1537955640
210,203,4.0,1537955640
458,15,2.5,1537956900
13,29,3.5,1537957740
497,243,4.0,1537957920
402,174,4.0,1537959060
314,228,3.0,1537960140
81,64,4.5,1537962300
386,205,3.0,1537963860
65,294,4.0,1537973640
459,64,3.5,1537976640
317,1,4.0,1537977660
413,172,4.5,1537980240
413,148,3.0,1537981560
192,299,3.5,1537981560
360,183,1.0,1537987800
447,65,4.0,1537992360
80,294,3.0,1537996020
379,206,4.0,1538002740
279,94,4.0,1538003220
287,14,4.0,1538010480
451,31,3.5,1538025840
499,126,1.5,1538029980
36,82,1.5,1538030280
22,245,4.0,1538035320
185,245,4.0,1538035500
217,243,4.0,1538037900
297,289,2.5,1538046360
144,187,3.0,1538046420
90,94,3.5,1538046540
446,299,4.5,1538050380
105,58,3.5,1538052180
320,222,3.0,1538055840
131,299,4.0,1538057340
80,222,3.0,1538061600
370,74,3.0,1538072220
67,27,3.0,1538074320
264,28,3.0,1538079840
124,262,3.5,1538083740
337,138,3.5,1538087340
217,195,2.5,1538093220
451,215,1.5,1538097300
185,284,3.5,1538104920
250,206,3.5,1538106900
435,81,4.0,1538108640
277,289,2.0,1538113080
71,107,3.5,1538113080
469,185,3.0,1538114040
26,294,3.0,1538126580
103,37,4.5,1538133660
198,64,4.5,1538135520
304,88,3.0,1538135820
330,28,5.0,1538142300
67,107,2.0,1538142900
361,138,3.5,1538146260
354,253,3.0,1538147040
74,215,3.0,1538152080
224,70,3.0,1538152140
469,173,2.5,1538159940
227,289,3.5,1538164740
368,68,4.0,1538165700
119,282,4.5,1538168880
425,235,5.0,1538178120
210,64,3.5,1538198160
282,255,4.0,1538203740
417,93,3.5,1538213580
363,47,3.5,1538213820
58,174,3.5,1538214900
304,73,3.0,1538220060
281,236,2.0,1538221860
495,173,5.0,1538232000
440,68,2.0,1538232300
1,157,2.5,1538237580
480,267,3.5,1538246280
82,73,3.0,1538249580
120,4,3.5,1538252940
188,176,4.0,1538253540
310,253,2.0,1538255700
20,24,3.0,1538264220
67,14,3.0,1538269740
246,255,3.0,1538271780
343,195,2.0,1538277600
107,3,1.0,1538284980
119,81,3.0,1538287920
64,243,4.0,1538295420
113,79,3.5,1538297520
292,254,2.5,1538319180
28,13,3.0,1538319180
261,240,2.5,1538321040
213,275,1.0,1538327040
272,65,3.5,1538327760
324,40,5.0,1538327880
124,150,3.5,1538328540
412,206,5.0,1538333340
386,286,4.5,1538337960
447,292,3.5,1538343120
110,215,3.5,1538348340
214,240,3.0,1538351280
60,265,1.0,1538352180
247,141,5.0,1538353980
250,294,3.0,1538353980
209,95,3.5,1538357340
456,253,2.5,1538358180
99,24,3.5,1538360280
482,250,4.0,1538363940
90,251,3.5,1538368860
259,200,3.0,1538370360
430,117,3.0,1538380080
209,142,3.5,1538385120
205,126,2.5,1538387520
481,175,4.0,1538391300
203,93,2.0,1538392920
141,3,1.5,1538393040
482,71,5.0,1538398740
133,63,2.5,1538405880
214,276,1.5,1538411820
151,44,4.0,1538413860
182,256,4.5,1538416380
489,30,4.5,1538419860
333,170,2.5,1538419980
86,281,4.5,1538420340
68,77,2.0,1538423160
19,180,3.5,1538424480
479,127,2.0,1538428020
320,109,3.5,1538428320
441,36,3.5,1538431140
463,85,4.0,1538433060
60,250,4.5,1538442660
86,64,4.0,1538451480
229,150,3.0,1538454600
446,251,5.0,1538470620
165,156,3.0,1538476860
147,220,3.5,1538479440
288,255,4.5,1538489040
182,297,3.0,1538491080
414,176,2.5,1538495880
160,133,2.5,1538501100
99,106,3.0,1538504760
5,235,3.5,1538506980
100,222,2.5,1538515260
142,121,3.0,1538515560
180,215,3.0,1538518440
85,3,2.0,1538521500
164,82,3.5,1538523960
430,240,4.0,1538528880
39,14,3.0,1538533140
2,228,3.5,1538538180
26,250,4.0,1538542320
231,21,2.5,1538549640
110,250,4.5,1538550060
290,8,4.0,1538550660
294,187,4.0,1538573400
90,31,3.5,1538574660
346,121,3.0,1538575380
363,252,3.0,1538578920
78,192,3.0,1538580540
218,240,4.0,1538589120
174,5,3.0,1538591820
16,243,4.5,1538592480
80,72,2.0,1538598240
316,262,3.5,1538601660
130,141,3.0,1538602440
84,284,3.5,1538605560
87,105,4.5,1538608800
455,34,4.0,1538609880
110,29,2.5,1538632260
429,207,2.5,1538632500
283,60,2.5,1538635140
49,262,4.0,1538637060
486,119,3.0,1538639280
314,82,2.0,1538640300
371,223,3.5,1538641680
91,24,4.5,1538642340
30,150,4.0,1538642880
245,170,3.5,1538644740
341,207,2.5,1538649780
358,14,3.5,1538661660
399,237,3.0,1538669400
329,3,3.0,1538674500
346,243,2.5,1538677440
188,202,5.0,1538678580
91,221,3.0,1538679180
105,235,3.5,1538694180
44,145,3.0,1538698020
10,56,2.5,1538700240
287,134,5.0,1538700900
318,220,3.0,1538701140
184,3,3.0,1538703840
418,291,2.5,1538715060
327,262,2.5,1538717460
474,197,4.0,1538721480
6,172,2.0,1538724840
402,48,3.0,1538730660
223,36,4.0,1538731260
409,200,2.0,1538736240
244,192,3.5,1538737080
326,59,3.0,1538748780
69,215,4.0,1538749740
306,256,3.5,1538752860
268,21,4.0,1538759280
374,66,3.5,1538761500
161,36,5.0,1538770740
326,70,2.0,1538778480
248,255,3.5,1538780160
416,180,4.0,1538785980
94,237,4.5,1538797740
207,180,4.0,1538798580
466,64,3.5,1538804580
211,151,2.0,1538808600
373,175,3.5,1538818200
54,253,2.0,1538821560
214,284,4.0,1538824320
3,152,4.0,1538828580
112,231,3.0,1538830920
217,127,4.0,1538833260
318,171,2.5,1538834520
41,94,4.0,1538836860
283,94,3.5,1538837700
292,35,1.0,1538838720
460,240,3.0,1538840280
78,241,2.5,1538845980
79,81,3.0,1538848560
250,103,2.5,1538849280
491,120,3.0,1538849880
63,162,2.5,1538856120
358,172,3.5,1538865840
51,289,3.0,1538865960
168,202,3.5,1538874660
485,164,3.5,1538876280
324,50,4.0,1538882400
331,14,4.0,1538884560
417,48,3.0,1538887860
164,60,3.0,1538889060
139,79,2.5,1538901360
115,101,2.5,1538904240
169,38,4.0,1538913060
344,253,1.5,1538915280
360,64,2.0,1538920200
279,136,3.0,1538923260
292,255,4.0,1538936820
264,60,2.0,1538937300
162,165,4.5,1538938140
222,276,2.5,1538938200
327,159,3.5,1538938440
204,281,5.0,1538942460
6,138,3.5,1538947260
422,150,4.0,1538948160
247,256,4.5,1538950620
73,233,4.0,1538951520
109,246,3.5,1538959200
15,95,2.0,1538963280
469,141,3.0,1538967360
112,140,3.0,1538970420
347,100,3.5,1538974920
401,70,2.5,1538993700
35,105,2.5,1538998260
115,29,3.5,1539003840
189,72,2.0,1539006360
416,279,4.0,1539011700
286,107,3.5,1539012720
72,48,3.0,1539015720
395,52,4.0,1539015780
492,256,3.5,1539017760
424,137,4.5,1539022080
463,37,3.0,1539022380
61,129,2.0,1539022800
233,185,4.5,1539027360
394,107,2.5,1539034740
298,67,4.5,1539035520
485,212,3.0,1539036780
209,275,1.0,1539037020
244,85,3.5,1539043260
187,43,4.0,1539047580
141,222,2.5,1539048060
237,222,3.5,1539050700
365,13,2.5,1539051720
209,258,3.0,1539051840
53,127,3.5,1539071040
182,230,5.0,1539076320
352,51,3.5,1539077820
88,251,5.0,1539080880
115,299,2.5,1539086220
69,146,4.0,1539093660
254,14,4.0,1539094260
408,258,3.5,1539094380
311,24,2.5,1539095160
176,275,0.5,1539114240
196,233,1.5,1539115440
358,73,2.5,1539116460
196,237,3.0,1539119100
142,126,1.5,1539123660
180,64,3.5,1539124980
77,18,2.5,1539133860
452,281,5.0,1539145800
101,52,3.5,1539147660
316,5,2.0,1539148380
73,250,3.5,1539151380
222,117,2.5,1539164040
330,170,4.0,1539164040
182,24,5.0,1539164640
313,193,5.0,1539165660
487,168,2.5,1539179220
78,15,2.0,1539181860
87,235,3.5,1539185700
308,220,4.0,1539186060
249,88,2.0,1539186180
85,58,3.5,1539193680
339,185,2.0,1539200460
247,60,4.0,1539200580
275,238,3.0,1539201540
141,109,3.5,1539204780
357,207,0.5,1539205980
77,17,3.0,1539210420
343,233,1.0,1539211980
221,60,2.0,1539215220
390,97,3.5,1539221220
367,299,4.5,1539224340
245,119,3.5,1539231060
329,84,5.0,1539240900
51,157,4.0,1539241140
190,28,4.5,1539252000
426,47,3.0,1539254280
187,37,5.0,1539256320
323,36,3.5,1539268860
138,116,3.0,1539281580
256,175,3.5,1539281820
277,173,3.0,1539284700
155,70,2.0,1539285180
295,222,3.5,1539285360
18,137,4.5,1539291120
55,284,3.0,1539292560
233,284,4.5,1539299400
477,51,2.5,1539307020
481,290,2.5,1539312120
384,134,4.0,1539323400
405,52,3.5,1539326340
345,168,2.0,1539327780
39,275,0.5,1539329820
388,94,3.0,1539330540
223,293,1.5,1539337380
445,134,3.0,1539346080
314,60,1.0,1539348480
458,294,3.5,1539355080
38,215,3.5,1539362880
366,255,3.5,1539367740
354,150,2.5,1539372300
9,174,3.5,1539377520
355,156,2.5,1539382020
245,134,3.5,1539384840
104,243,5.0,1539385620
487,294,3.5,1539386880
196,176,2.5,1539388740
105,78,2.5,1539390180
348,208,2.0,1539393780
4,48,2.5,1539395220
489,48,2.5,1539402600
343,284,4.0,1539402660
202,123,5.0,1539409260
190,149,2.0,1539413340
323,80,0.5,1539418320
484,15,3.0,1539420960
241,157,2.0,1539421860
181,10,3.0,1539421980
334,64,2.5,1539430140
230,52,4.0,1539433320
46,106,2.5,1539436560
37,93,3.5,1539442800
192,171,2.0,1539444360
320,200,3.0,1539444540
107,47,2.0,1539446100
242,137,3.5,1539447960
211,60,2.5,1539451680
184,231,2.5,1539456240
101,216,5.0,1539456600
26,52,4.0,1539461340
80,17,4.0,1539478560
299,157,4.0,1539481500
213,231,4.0,1539482700
74,154,2.5,1539487680
492,21,4.0,1539488040
335,159,3.0,1539490680
308,172,5.0,1539505320
151,300,4.0,1539515460
204,14,4.0,1539516240
182,198,3.5,1539522480
489,47,4.5,1539526140
461,251,3.0,1539529500
275,240,3.0,1539530820
310,168,2.5,1539535560
320,153,3.5,1539535560
467,206,3.5,1539539580
265,156,3.0,1539541860
320,155,3.5,1539543600
186,138,4.0,1539547860
319,185,3.0,1539552360
45,64,3.5,1539553920
485,193,4.0,1539554700
137,244,3.0,1539562980
238,63,3.0,1539564060
221,230,2.5,1539564120
250,149,2.0,1539565740
194,193,5.0,1539570780
170,123,3.5,1539577740
112,71,4.5,1539583500
65,64,4.0,1539584640
466,203,4.0,1539587460
79,262,4.0,1539588240
483,250,5.0,1539592800
387,279,4.0,1539600600
354,142,4.0,1539610620
11,31,3.5,1539612000
163,14,3.5,1539614940
463,56,3.0,1539616320
121,5,3.5,1539623400
3,278,3.5,1539628020
182,127,4.0,1539639300
61,262,4.0,1539639540
254,175,3.5,1539643440
114,57,3.5,1539644100
354,160,2.0,1539651000
163,251,4.0,1539651060
61,67,3.0,1539653280
122,182,4.0,1539659940
11,191,3.0,1539661320
231,174,3.5,1539666600
461,29,2.5,1539666660
262,134,3.5,1539679620
283,222,3.0,1539683400
386,160,2.5,1539690240
69,269,5.0,1539691980
260,197,3.5,1539692460
413,281,3.5,1539692760
106,256,3.5,1539692760
291,141,4.0,1539692880
488,107,4.0,1539700380
318,43,3.5,1539705900
270,81,4.5,1539711480
61,5,1.5,1539717300
54,139,2.0,1539721800
207,65,4.5,1539726780
95,201,1.0,1539734220
73,275,3.0,1539737880
189,201,1.5,1539741420
213,5,3.0,1539742440
123,137,3.5,1539742860
62,253,3.5,1539756540
21,233,3.0,1539759060
135,129,4.0,1539761640
455,64,4.0,1539765120
97,96,4.0,1539766680
362,210,4.0,1539767940
90,64,4.0,1539768480
261,154,2.5,1539786000
479,300,3.5,1539786660
435,289,2.5,1539793560
180,281,4.5,1539802920
301,123,3.0,1539808140
44,275,0.5,1539813780
162,109,3.5,1539814500
227,53,4.0,1539818460
297,66,2.0,1539818640
23,154,2.0,1539820080
54,54,3.5,1539836040
183,282,4.0,1539840600
129,96,5.0,1539847260
329,299,3.0,1539853500
198,3,2.5,1539855660
469,48,2.5,1539862740
474,146,3.0,1539867420
297,77,1.5,1539867660
44,6,4.0,1539870420
167,169,4.5,1539878880
264,101,3.0,1539880680
260,210,4.0,1539883560
168,150,2.5,1539895080
460,4,4.0,1539896100
43,37,3.5,1539904320
300,105,4.0,1539913020
3,137,4.0,1539918960
483,289,4.0,1539923520
397,129,3.0,1539933180
134,111,3.0,1539933720
350,212,4.5,1539934380
232,154,2.5,1539939180
65,121,4.0,1539939420
153,228,3.5,1539940080
198,28,3.0,1539942600
306,294,3.5,1539947940
307,288,3.5,1539948900
95,89,2.5,1539951720
144,27,2.5,1539958920
260,220,4.5,1539960540
256,278,2.5,1539961140
62,40,3.5,1539962040
294,172,3.5,1539966780
33,30,4.5,1539969120
157,171,3.0,1539973320
449,182,4.0,1539974100
41,245,4.5,1539975960
26,282,5.0,1539982500
162,35,3.5,1539983520
208,187,4.0,1539988380
181,250,3.0,1539996660
80,139,3.5,1540000440
169,290,4.0,1540003440
267,177,2.5,1540005000
44,137,3.0,1540005240
86,193,5.0,1540005480
405,256,4.0,1540007700
52,164,5.0,1540011840
445,135,2.0,1540013880
127,137,3.5,1540014840
477,14,3.0,1540015920
498,175,4.0,1540018380
459,291,3.0,1540020120
322,186,3.0,1540020840
372,221,2.5,1540029960
211,120,2.5,1540031400
440,208,2.0,1540032060
173,104,4.0,1540033680
317,72,2.0,1540052640
354,261,2.5,1540054800
225,72,2.5,1540058580
87,34,5.0,1540059480
286,57,2.5,1540061040
62,38,4.5,1540064280
499,173,4.0,1540071240
107,173,3.0,1540072140
493,24,3.5,1540077240
367,17,5.0,1540079100
328,77,3.0,1540085520
463,256,3.5,1540095000
243,201,2.5,1540112700
186,169,3.0,1540119180
240,23,2.5,1540124880
183,250,4.0,1540130820
88,200,3.5,1540131060
344,244,2.0,1540132980
64,172,4.5,1540134840
53,210,3.0,1540136100
188,262,3.5,1540136580
20,72,2.5,1540143600
354,262,2.5,1540149780
296,55,2.5,1540158600
304,58,3.0,1540159380
318,64,4.0,1540164960
258,105,3.0,1540168200
390,243,3.5,1540170240
387,285,4.0,1540174140
480,184,2.5,1540176900
308,60,3.5,1540179900
496,90,3.0,1540180740
435,275,0.5,1540184820
454,231,3.0,1540185840
436,187,2.5,1540187940
415,281,5.0,1540190400
359,79,5.0,1540197900
224,281,4.5,1540198560
169,106,3.5,1540208940
4,189,3.5,1540210500
423,231,3.5,1540211760
429,121,3.5,1540219500
245,118,3.5,1540220640
465,269,3.5,1540221240
247,24,5.0,1540222380
273,250,3.5,1540225200
237,138,5.0,1540229460
85,77,2.5,1540230720
95,150,1.0,1540231800
390,257,3.0,1540235880
96,59,3.5,1540236420
448,47,3.0,1540236900
233,13,5.0,1540238700
267,197,3.5,1540242180
219,65,3.5,1540248540
253,268,3.0,1540256880
469,24,3.5,1540259100
25,35,2.5,1540260120
199,222,3.5,1540261680
147,200,3.5,1540262040
252,220,2.5,1540263660
279,182,4.0,1540266480
23,197,4.0,1540269420
96,68,2.5,1540271820
71,51,5.0,1540278540
212,288,2.0,1540279320
267,263,4.5,1540284840
411,281,4.5,1540287060
401,59,2.5,1540288440
465,71,3.5,1540288560
241,175,2.0,1540294320
340,18,3.5,1540298820
401,249,3.0,1540307580
478,251,4.0,1540307880
27,105,4.0,1540309320
426,231,3.5,1540314960
467,200,2.5,1540316640
366,208,2.0,1540317240
384,240,3.5,1540332060
49,250,4.5,1540336440
277,64,3.5,1540336500
494,88,2.0,1540337460
220,256,3.0,1540347300
282,284,3.0,1540354200
305,28,3.5,1540355820
53,198,3.5,1540357200
161,226,2.0,1540361160
467,138,4.5,1540361940
94,251,5.0,1540370460
299,127,3.0,1540373760
235,127,1.5,1540376280
218,231,4.0,1540380720
4,43,4.5,1540381860
211,150,2.0,1540382580
97,195,2.5,1540392120
278,262,4.5,1540392900
189,56,3.0,1540398000
299,239,2.5,1540400280
412,264,4.5,1540401180
313,32,3.5,1540403760
382,154,3.0,1540404660
267,235,3.5,1540404660
450,203,3.5,1540407720
354,100,3.0,1540408860
153,189,1.5,1540408920
236,63,2.5,1540411860
196,138,3.0,1540414980
371,208,1.5,1540418700
293,21,2.0,1540420380
1,58,3.5,1540422120
226,231,3.0,1540424760
339,107,3.5,1540438680
59,63,3.5,1540447740
364,254,3.5,1540448460
243,282,3.0,1540449360
160,18,3.5,1540453260
238,296,4.0,1540453920
102,133,3.0,1540453980
116,141,4.0,1540456560
234,169,3.5,1540457340
199,44,3.0,1540464840
340,137,3.5,1540464960
482,150,2.5,1540467660
111,132,5.0,1540472160
222,73,3.0,1540474920
43,48,2.5,1540477320
78,56,4.0,1540482600
420,158,3.5,1540485180
275,173,4.0,1540485240
157,156,4.5,1540485540
281,122,3.5,1540485720
244,300,3.0,1540486020
159,260,4.0,1540487580
149,220,3.5,1540489560
408,136,3.0,1540500300
310,222,4.0,1540504260
424,51,4.5,1540504440
446,150,4.0,1540509180
264,14,3.0,1540522980
424,105,3.5,1540529340
234,13,4.5,1540535760
11,231,2.5,1540535820
93,210,3.5,1540538100
18,65,3.0,1540542780
402,235,4.5,1540546080
243,248,1.5,1540550100
397,153,3.0,1540552860
209,145,4.5,1540560120
142,134,4.0,1540561260
225,197,5.0,1540562100
289,200,1.5,1540572660
127,150,1.0,1540577400
427,244,3.0,1540579920
314,78,2.0,1540580400
206,230,5.0,1540580700
365,251,2.5,1540585020
354,223,3.5,1540587000
221,77,1.5,1540594080
280,135,2.0,1540599120
200,182,4.0,1540600740
82,18,2.0,1540607700
156,222,5.0,1540608660
368,159,5.0,1540614900
497,251,3.5,1540620720
42,243,4.0,1540621560
193,300,3.5,1540632180
398,47,2.0,1540632960
306,134,4.0,1540637580
272,101,1.5,1540640520
448,141,3.5,1540641600
350,51,4.0,1540647720
32,173,3.5,1540651440
147,26,4.0,1540651800
290,172,3.0,1540653180
305,227,2.5,1540654200
72,15,2.5,1540654740
363,112,4.5,1540660620
114,94,3.5,1540665900
279,255,3.0,1540666380
16,82,3.5,1540673160
292,23,3.0,1540681260
261,163,3.0,1540681500
300,173,4.0,1540685340
433,184,2.5,1540687860
32,231,2.0,1540689660
495,63,4.5,1540698720
48,30,3.5,1540700820
334,27,2.0,1540704300
392,188,3.0,1540705620
490,107,3.0,1540707900
223,280,1.5,1540709640
304,154,2.5,1540709700
352,30,5.0,1540713780
85,14,3.5,1540719120
264,30,3.5,1540719660
363,37,3.5,1540719720
281,138,2.5,1540736580
312,251,3.5,1540736580
393,222,3.5,1540737840
45,73,3.0,1540737900
238,240,2.5,1540755120
35,170,2.0,1540756440
228,142,4.0,1540758300
394,94,4.0,1540759200
188,64,4.5,1540763100
246,277,2.5,1540767300
381,14,5.0,1540768680
231,106,3.5,1540770900
321,184,2.5,1540772880
261,10,3.5,1540781580
90,138,3.5,1540783020
203,169,3.5,1540783200
116,290,2.5,1540786920
70,73,2.5,1540789380
210,165,2.5,1540790580
187,235,5.0,1540791180
229,58,4.5,1540791360
456,250,4.5,1540796820
4,134,3.5,1540796820
426,123,5.0,1540797060
390,57,3.0,1540800060
149,228,3.0,1540805760
433,38,3.0,1540806660
386,39,3.0,1540815900
44,30,3.5,1540816560
122,222,2.5,1540822680
251,289,3.0,1540836780
50,290,3.0,1540840020
382,133,1.5,1540843980
341,5,3.5,1540846680
24,47,3.0,1540852200
449,299,3.0,1540852800
248,162,4.0,1540866300
57,36,4.0,1540866720
81,137,4.0,1540870020
471,141,4.0,1540887120
411,220,4.5,1540889220
353,239,3.0,1540894320
370,1,3.0,1540898880
23,30,4.0,1540900380
58,220,5.0,1540900740
326,163,2.0,1540905480
62,254,4.5,1540908540
489,251,4.5,1540911120
14,118,3.5,1540917780
454,173,4.5,1540922760
33,254,4.0,1540924500
408,134,3.5,1540935000
283,134,4.5,1540937100
455,105,4.0,1540950960
105,188,3.5,1540955340
434,134,3.5,1540960560
74,134,3.0,1540963020
100,251,3.5,1540964160
35,193,3.5,1540964160
204,153,4.5,1540967700
494,64,3.5,1540968480
426,17,3.5,1540973400
23,103,3.0,1540981440
174,107,4.0,1540986300
157,45,3.0,1540989180
169,250,3.5,1540992120
167,212,4.5,1540996080
116,137,3.0,1541002140
349,21,3.0,1541006400
406,290,2.0,1541012580
126,267,3.5,1541024700
2,150,3.0,1541025780
49,129,5.0,1541028960
245,198,2.0,1541038980
137,221,3.5,1541045220
233,294,4.0,1541046480
387,288,3.0,1541053440
54,78,2.5,1541054100
120,236,1.0,1541055000
140,47,2.0,1541062440
110,94,4.5,1541071740
168,40,3.0,1541073540
334,142,3.5,1541076060
56,253,2.5,1541080200
79,251,3.5,1541086440
499,187,3.0,1541086680
463,64,3.0,1541088060
5,88,2.0,1541089500
151,288,3.5,1541097480
8,73,2.5,1541105700
390,214,4.0,1541110620
128,89,4.5,1541111820
410,213,3.5,1541119860
334,82,2.5,1541122500
204,82,3.0,1541122740
6,174,2.5,1541131380
434,182,4.5,1541132040
49,79,3.0,1541133540
326,141,4.0,1541134320
488,221,3.0,1541134320
222,289,2.5,1541134860
419,210,4.5,1541141040
384,60,1.5,1541142420
57,197,4.5,1541146320
213,251,4.5,1541151360
347,5,2.0,1541152440
92,269,4.0,1541152920
26,14,3.0,1541158680
448,24,4.0,1541160780
60,253,3.0,1541161980
405,250,2.0,1541162520
132,269,4.0,1541167860
144,230,4.0,1541180040
51,253,1.5,1541180280
149,73,3.0,1541183520
8,299,2.5,1541184420
42,221,3.0,1541186520
464,105,2.5,1541191080
89,290,4.5,1541192640
412,180,3.5,1541195700
411,28,4.0,1541195760
176,146,3.0,1541200020
51,230,4.5,1541203620
447,294,4.5,1541206920
146,56,3.0,1541209320
269,207,1.5,1541213040
305,78,2.5,1541221200
191,279,2.5,1541233620
256,203,2.5,1541236380
353,3,2.0,1541237880
356,154,3.0,1541240160
181,57,2.5,1541245260
443,226,3.5,1541245320
300,81,2.5,1541250420
130,52,2.5,1541254740
446,45,3.5,1541264760
161,217,5.0,1541274300
447,254,3.0,1541281800
342,73,3.0,1541282700
224,36,4.5,1541284140
456,179,3.0,1541292360
346,175,3.5,1541299500
221,101,0.5,1541301060
310,52,3.0,1541304900
361,243,4.5,1541305140
331,296,4.0,1541305320
236,288,2.0,1541305860
271,154,2.0,1541306340
331,89,4.5,1541310240
313,182,4.0,1541315640
438,187,2.5,1541318280
351,250,4.0,1541319840
202,252,5.0,1541319900
274,252,3.0,1541324340
83,60,2.0,1541329200
30,81,5.0,1541334900
186,229,4.5,1541339760
65,141,4.5,1541342040
29,35,0.5,1541343480
206,40,3.5,1541345700
58,216,4.5,1541346540
119,70,2.0,1541347140
18,66,2.5,1541349840
453,94,3.0,1541356260
294,132,4.5,1541367240
119,65,3.0,1541379660
46,173,4.0,1541380260
209,35,2.5,1541380320
203,279,3.5,1541384340
364,109,3.5,1541385000
185,105,4.0,1541386320
218,175,3.0,1541386920
121,28,5.0,1541388840
251,173,4.0,1541391000
77,30,3.0,1541397480
292,59,4.0,1541402100
227,188,4.0,1541408640
3,196,5.0,1541409060
359,275,1.5,1541410860
84,13,4.0,1541416200
425,94,4.0,1541428440
116,196,4.0,1541430420
134,68,4.0,1541435580
432,31,3.5,1541437620
222,78,2.0,1541440500
83,294,2.5,1541440860
360,73,1.0,1541446800
426,246,3.5,1541447520
431,160,2.0,1541448540
87,65,4.0,1541451360
187,122,4.5,1541464200
85,222,3.0,1541468460
210,146,3.0,1541468880
13,217,3.0,1541473800
53,145,4.0,1541478360
399,157,2.5,1541478660
343,197,3.5,1541481240
443,36,4.0,1541482920
439,240,3.5,1541488020
11,64,4.5,1541494320
483,220,3.5,1541495580
46,13,4.5,1541497140
458,164,3.5,1541499480
236,294,4.0,1541501280
60,32,4.5,1541504640
359,101,3.5,1541505720
23,27,2.5,1541506800
262,123,4.5,1541508420
300,294,3.5,1541513040
494,235,3.5,1541514780
1,208,2.0,1541518620
18,272,2.5,1541519580
225,254,3.5,1541525520
416,26,5.0,1541541840
492,105,3.5,1541548620
221,37,3.0,1541557980
41,45,3.0,1541558880
413,125,3.5,1541560980
390,72,1.5,1541563920
120,137,2.5,1541570760
447,207,3.5,1541600460
274,243,3.5,1541602620
373,112,5.0,1541603520
305,51,2.5,1541604420
429,54,4.5,1541605200
162,200,4.5,1541611680
313,277,2.5,1541618340
7,176,3.0,1541620560
499,231,2.5,1541622360
211,197,3.5,1541622960
179,147,5.0,1541629560
335,235,3.5,1541630340
75,156,3.0,1541631540
307,294,3.5,1541632320
475,174,4.0,1541639160
410,245,3.0,1541653320
46,137,3.0,1541657160
226,1,4.5,1541663280
213,222,3.5,1541664720
314,124,3.0,1541666100
125,17,4.5,1541667180
490,174,4.0,1541671980
467,170,2.0,1541679540
494,30,3.5,1541682720
24,178,3.5,1541691360
183,223,3.5,1541692380
17,34,3.5,1541694120
349,255,2.5,1541695920
495,262,5.0,1541703840
198,240,3.0,1541705220
350,47,3.0,1541707680
46,235,3.5,1541715180
123,105,3.0,1541727120
382,120,3.5,1541727780
460,193,4.0,1541732340
80,48,2.5,1541742780
132,236,1.5,1541748180
500,107,3.5,1541754900
87,149,3.5,1541755020
251,216,4.5,1541755740
451,134,2.5,1541758680
209,3,2.0,1541758920
218,250,4.5,1541776860
189,45,2.0,1541785080
344,176,2.5,1541788980
255,156,1.5,1541789640
309,66,3.0,1541790240
235,141,3.0,1541792820
460,60,3.5,1541793240
140,294,4.0,1541795940
418,201,2.0,1541800860
325,215,2.5,1541801040
197,118,3.5,1541802780
422,132,5.0,1541814000
425,27,4.0,1541822100
13,254,3.0,1541824800
472,279,3.0,1541828040
6,205,2.0,1541830140
407,78,3.0,1541840760
320,2,2.5,1541843760
289,170,3.5,1541852640
152,64,4.0,1541853360
340,174,3.0,1541854500
90,70,3.0,1541854920
103,94,3.0,1541858280
106,180,3.5,1541870340
466,122,5.0,1541879220
326,256,2.5,1541890020
156,143,4.5,1541890500
108,290,2.0,1541901300
77,164,4.0,1541908200
8,262,2.5,1541909280
371,123,4.5,1541910840
47,131,2.0,1541912820
417,243,4.0,1541915220
365,34,1.5,1541916360
483,12,4.0,1541916900
500,150,2.5,1541917560
141,226,4.0,1541918640
85,8,2.0,1541921280
400,268,3.0,1541924100
297,64,4.0,1541925480
72,45,3.0,1541926680
227,14,4.5,1541927940
463,65,3.0,1541928540
171,235,4.0,1541943000
58,272,3.0,1541943240
409,197,4.5,1541945040
183,78,3.5,1541945460
196,240,2.0,1541949240
8,15,1.5,1541954100
105,240,2.5,1541967000
72,290,4.5,1541968980
359,29,3.5,1541974500
457,205,3.5,1541976180
170,15,3.0,1541977140
460,40,3.5,1541977860
488,63,3.5,1541988720
2,143,3.0,1541992080
415,222,3.0,1542011940
313,281,5.0,1542015180
256,299,2.0,1542018060
126,281,5.0,1542020460
294,199,3.0,1542025380
448,216,4.5,1542027420
73,18,3.5,1542051480
431,150,2.5,1542053640
200,262,3.5,1542060660
65,103,3.5,1542067800
382,79,4.5,1542071400
297,207,2.0,1542073920
57,290,2.0,1542076560
42,3,2.0,1542078660
466,97,4.0,1542078780
183,175,3.0,1542080460
319,217,4.0,1542082380
154,245,3.0,1542086040
312,129,2.5,1542092100
449,180,3.5,1542099000
208,127,3.0,1542101940
401,65,3.5,1542103620
144,250,4.0,1542111420
354,56,3.5,1542111480
28,273,3.0,1542115320
211,282,4.0,1542122100
304,24,4.5,1542122820
246,294,3.5,1542126300
131,37,4.0,1542130620
472,14,3.5,1542131640
14,300,3.0,1542131820
358,24,4.0,1542143280
22,13,4.0,1542148860
327,119,3.0,1542149760
41,31,4.5,1542152580
211,31,2.0,1542152580
91,226,3.5,1542160860
475,229,4.0,1542163200
59,208,3.0,1542163980
314,250,4.0,1542164040
337,290,2.5,1542166080
22,129,4.5,1542171780
88,174,4.0,1542173100
233,63,3.0,1542174180
92,67,4.0,1542182520
346,276,2.0,1542184620
162,36,5.0,1542185160
494,6,4.5,1542187800
63,34,4.0,1542187860
388,220,3.0,1542190080
256,94,2.0,1542197640
224,231,4.0,1542197760
258,253,3.0,1542199500
311,245,3.0,1542204360
79,220,3.0,1542208980
19,10,3.0,1542211140
31,235,4.0,1542211260
280,1,2.5,1542214800
1,34,3.0,1542221280
471,43,3.5,1542221940
27,30,4.0,1542222720
255,204,4.0,1542232260
162,37,4.5,1542239820
42,251,3.5,1542241140
310,248,2.0,1542242580
461,281,5.0,1542243660
323,100,2.5,1542248460
38,138,4.5,1542255360
130,96,3.5,1542256200
387,220,2.5,1542257340
280,99,3.5,1542258000
107,90,2.5,1542260700
374,23,4.5,1542262200
33,146,3.0,1542263460
361,101,4.5,1542265200
118,47,2.0,1542282600
258,175,3.0,1542283920
466,128,4.5,1542287160
170,101,0.5,1542289560
188,219,4.5,1542297420
222,174,3.0,1542301260
282,279,2.5,1542304680
83,193,3.0,1542304680
459,267,3.5,1542309360
348,299,1.5,1542310140
93,269,4.0,1542311640
8,294,3.5,1542313440
169,269,4.5,1542315540
133,240,3.0,1542318480
84,262,3.0,1542318720
52,112,4.5,1542327360
436,42,1.5,1542334920
294,200,3.5,1542338280
77,201,2.0,1542339360
39,51,4.0,1542349320
465,70,4.5,1542355140
119,137,3.0,1542356700
409,225,3.0,1542359700
12,36,4.5,1542362400
435,57,3.0,1542364440
339,282,4.0,1542371040
7,284,3.5,1542371760
302,267,2.5,1542372480
323,243,2.5,1542374460
139,141,3.5,1542377160
310,280,1.5,1542389460
425,77,3.0,1542396060
266,203,2.5,1542399840
165,226,3.0,1542414300
262,178,3.5,1542415440
304,141,4.0,1542431400
82,40,3.5,1542436560
40,177,1.5,1542438360
52,35,2.5,1542442260
247,79,3.5,1542450420
405,48,2.0,1542450840
244,96,3.5,1542455220
441,53,3.5,1542455640
422,64,4.0,1542456540
11,28,3.5,1542460800
126,170,1.5,1542462720
71,52,4.0,1542468240
142,2,2.5,1542473280
441,221,3.0,1542481500
330,36,5.0,1542485880
391,235,4.5,1542491820
258,8,3.0,1542494520
340,231,3.0,1542495720
458,271,2.5,1542497940
342,51,4.0,1542499020
312,36,4.0,1542502140
50,137,4.5,1542514320
465,256,3.5,1542518880
285,275,0.5,1542523140
469,32,4.5,1542524820
55,82,3.0,1542526320
199,212,4.0,1542531540
443,207,2.5,1542533220
75,170,2.5,1542539520
203,265,2.5,1542541920
188,141,4.5,1542542520
315,294,3.0,1542545520
228,98,3.0,1542552900
213,27,3.5,1542553860
242,230,4.0,1542554280
22,121,4.0,1542563700
241,215,1.5,1542568560
2,68,3.5,1542569520
313,250,3.5,1542578940
223,184,3.0,1542580860
303,18,3.5,1542582000
175,78,2.5,1542582000
372,154,3.0,1542582420
437,51,4.0,1542586380
446,159,4.5,1542590340
328,38,4.0,1542591660
372,243,3.5,1542593280
258,67,3.0,1542596760
131,70,3.0,1542601020
342,30,4.0,1542602880
472,154,3.5,1542603900
9,150,4.5,1542604680
208,141,4.0,1542604740
75,78,2.0,1542612600
347,245,1.5,1542615900
490,78,3.5,1542620280
214,64,3.0,1542621180
39,233,1.5,1542621960
72,94,4.5,1542622560
358,289,2.5,1542624480
269,94,3.0,1542624840
76,55,2.0,1542626400
370,205,2.5,1542630060
386,183,4.0,1542632040
415,65,4.5,1542634200
172,157,2.5,1542636300
420,262,2.5,1542640620
21,133,1.5,1542642960
106,128,3.0,1542656400
305,150,2.0,1542660540
493,36,3.5,1542660720
206,208,3.0,1542661140
259,15,2.0,1542670500
16,173,4.0,1542672480
343,196,4.0,1542674280
241,281,4.0,1542685920
326,153,3.5,1542686640
6,256,2.0,1542692880
5,231,3.0,1542698220
223,45,2.0,1542711420
267,168,2.5,1542711480
437,47,3.0,1542711900
274,41,3.5,1542714180
387,182,5.0,1542714420
81,262,4.5,1542716580
101,245,3.5,1542721440
421,262,4.0,1542725100
33,149,3.5,1542725640
247,66,5.0,1542726840
221,13,3.5,1542727860
432,171,1.0,1542732480
378,154,2.0,1542733680
242,167,3.0,1542736320
162,255,5.0,1542741120
72,120,4.5,1542744240
49,108,4.0,1542747060
407,137,3.5,1542753180
434,294,3.0,1542754860
36,170,1.5,1542756060
189,238,3.5,1542759000
422,24,4.0,1542759540
2,137,3.5,1542768720
92,255,4.0,1542774000
70,219,4.0,1542775980
148,51,4.0,1542779280
442,223,4.5,1542781020
368,64,4.0,1542786420
293,154,2.0,1542788580
120,231,2.5,1542790080
16,104,4.5,1542797160
10,168,2.5,1542798000
356,201,3.5,1542803160
8,278,3.0,1542803400
332,15,2.0,1542804840
8,265,2.5,1542808800
163,101,2.5,1542809700
311,161,3.0,1542811980
336,184,4.0,1542812700
262,222,4.0,1542813300
266,197,4.0,1542817380
372,275,1.0,1542828240
288,98,4.5,1542830640
317,154,3.0,1542841320
142,258,2.5,1542846360
281,7,2.5,1542847020
351,101,3.0,1542848280
415,253,3.5,1542848520
121,260,4.5,1542849000
482,141,4.5,1542854040
70,86,3.0,1542854040
64,258,4.0,1542855120
7,52,3.0,1542855840
142,236,2.0,1542863040
475,221,4.5,1542871860
275,197,3.0,1542873480
445,176,2.5,1542877020
324,276,5.0,1542878400
111,189,3.0,1542881160
167,24,4.5,1542886740
345,201,2.0,1542895200
447,88,3.0,1542901020
81,289,3.5,1542906120
288,244,4.0,1542906600
147,101,3.5,1542910620
360,138,2.5,1542919140
414,36,4.5,1542922320
353,52,2.5,1542927060
444,129,3.5,1542931320
207,28,4.0,1542934680
308,70,3.0,1542942360
231,254,2.5,1542945300
163,74,2.5,1542948240
385,31,3.0,1542954840
220,165,4.0,1542958800
82,121,4.5,1542960240
200,241,4.0,1542961140
157,275,2.0,1542964860
327,5,2.0,1542979620
136,275,2.0,1542987180
461,73,4.0,1542989280
128,221,2.5,1542995340
204,251,4.5,1542995460
184,253,2.0,1543001640
122,106,3.5,1543012140
450,222,4.5,1543018860
48,15,2.5,1543019700
175,136,3.5,1543020420
260,235,4.5,1543023120
309,217,3.0,1543027860
115,222,3.0,1543036920
273,47,2.5,1543038000
369,18,3.0,1543039620
472,167,4.0,1543044720
135,174,2.5,1543045560
275,275,1.0,1543045740
435,70,2.5,1543049280
476,38,2.0,1543052580
220,162,3.0,1543062480
116,251,3.0,1543071900
253,5,1.0,1543074300
122,47,3.0,1543082160
392,137,3.0,1543083720
240,300,4.5,1543093080
376,142,2.5,1543097340
248,170,1.5,1543100580
2,215,2.5,1543104120
434,79,3.5,1543105440
116,82,2.5,1543107360
22,231,3.0,1543117440
376,172,3.5,1543119240
244,142,3.5,1543127160
399,94,2.5,1543133280
497,192,4.5,1543136700
188,137,4.5,1543139460
110,272,2.0,1543145940
489,3,2.5,1543146960
74,240,3.5,1543150560
40,104,4.0,1543153200
129,245,2.0,1543154220
447,2,3.0,1543156440
174,146,4.5,1543156740
438,15,1.5,1543165800
219,275,0.5,1543171200
240,222,3.0,1543181820
93,206,3.5,1543187400
103,59,4.0,1543191120
355,275,2.0,1543191780
270,106,5.0,1543201200
246,196,3.5,1543201320
498,66,3.5,1543205340
170,226,3.0,1543205400
263,174,3.5,1543211820
238,226,3.5,1543212540
238,284,4.5,1543212720
435,243,3.5,1543215180
339,70,3.0,1543229460
289,3,3.0,1543232280
19,93,3.5,1543235700
309,79,2.5,1543240800
218,153,4.0,1543241880
87,245,4.0,1543243260
100,159,2.5,1543244160
65,256,4.0,1543246380
284,1,2.5,1543248900
204,171,2.5,1543257720
314,240,3.5,1543262700
478,207,3.5,1543263360
226,37,4.0,1543276260
55,207,1.5,1543279920
275,269,3.5,1543284840
174,15,4.5,1543286520
325,174,3.0,1543287420
307,138,4.0,1543298220
43,71,4.5,1543306560
462,110,2.0,1543309680
156,132,5.0,1543313160
442,245,3.5,1543315380
406,176,3.0,1543317900
372,43,4.0,1543323540
258,88,2.5,1543324200
447,231,2.5,1543324560
31,244,4.0,1543324620
5,273,2.0,1543326180
443,231,3.0,1543328820
94,151,3.5,1543337040
460,217,3.5,1543344000
311,235,3.0,1543369920
261,88,2.5,1543383180
339,151,4.0,1543385160
405,289,2.0,1543386780
146,200,3.0,1543390080
212,203,2.0,1543393620
374,111,3.5,1543393980
414,94,3.5,1543394940
458,68,2.0,1543395540
29,170,1.5,1543404840
485,249,1.5,1543407300
319,198,2.5,1543408140
250,93,2.0,1543408620
193,80,2.0,1543416120
351,275,1.0,1543416360
429,68,2.5,1543425660
334,68,2.0,1543447020
27,93,3.5,1543456500
451,269,2.5,1543459260
205,192,3.5,1543468380
320,170,2.5,1543469880
199,168,4.5,1543473720
116,186,3.0,1543474200
431,279,2.5,1543481280
123,235,2.5,1543482600
85,18,2.5,1543486320
106,159,4.5,1543487580
179,48,4.0,1543489860
12,141,3.5,1543490640
369,279,3.0,1543495860
275,40,3.0,1543502880
171,105,3.0,1543504620
86,10,3.0,1543510260
280,182,4.0,1543513020
471,92,4.5,1543516560
117,207,1.5,1543519080
111,134,3.5,1543529820
77,105,4.0,1543533960
354,257,3.0,1543537080
134,34,5.0,1543540740
493,93,2.5,1543540860
468,273,3.0,1543563900
108,160,2.0,1543568280
479,282,2.5,1543568760
398,258,3.0,1543572420
74,121,4.0,1543573080
179,59,5.0,1543575060
489,272,4.0,1543577520
415,177,2.0,1543579620
458,146,2.5,1543580100
156,245,3.5,1543591920
202,174,4.5,1543596060
440,73,3.0,1543597920
370,88,2.0,1543598040
326,294,3.0,1543598760
388,267,3.5,1543599420
80,56,3.0,1543604340
259,217,3.5,1543605120
23,26,3.0,1543606200
442,105,4.5,1543607520
475,194,2.5,1543607940
94,171,2.5,1543628280
27,229,5.0,1543630380
481,121,4.5,1543630620
184,109,2.5,1543631520
221,229,3.0,1543636320
183,237,4.5,1543639560
351,82,2.5,1543640100
87,51,3.5,1543640640
231,51,4.5,1543643100
293,35,1.0,1543646160
363,240,3.5,1543652880
27,250,4.0,1543655220
458,245,1.5,1543658880
51,134,4.0,1543668000
46,201,3.0,1543669380
462,172,4.5,1543674900
350,31,3.5,1543678800
211,269,3.0,1543681860
364,294,3.0,1543681920
79,293,2.5,1543684020
298,240,4.5,1543684260
381,172,5.0,1543687080
361,48,3.0,1543688940
204,58,4.5,1543701960
328,53,4.0,1543705020
116,78,2.0,1543709520
75,243,3.5,1543710660
250,88,3.0,1543716480
154,156,1.5,1543716720
149,173,3.5,1543726140
318,293,2.5,1543734660
216,251,4.0,1543738140
66,35,3.0,1543743900
73,253,4.0,1543744140
410,52,4.0,1543745700
488,147,3.0,1543748100
402,253,2.0,1543752120
385,290,2.0,1543755540
229,146,3.5,1543757700
192,178,3.5,1543760400
69,42,3.0,1543761300
75,51,3.0,1543762140
334,96,3.5,1543768980
414,280,3.5,1543770120
206,123,4.0,1543771140
379,294,3.5,1543773060
348,95,2.0,1543774920
285,179,3.5,1543776360
306,236,2.5,1543780380
473,95,3.5,1543782420
446,35,2.5,1543805520
406,18,0.5,1543810740
63,38,3.5,1543812540
50,210,3.5,1543814520
386,174,4.0,1543814940
184,26,3.5,1543816320
79,162,3.0,1543819920
351,118,3.0,1543827000
265,99,4.0,1543828500
56,56,2.5,1543830120
91,47,2.5,1543832940
170,73,2.0,1543835280
119,93,2.5,1543838340
82,10,3.5,1543846500
23,168,3.0,1543855500
247,51,5.0,1543863120
463,249,3.0,1543871640
417,6,4.5,1543873020
374,244,4.0,1543874100
413,217,4.0,1543874700
138,195,3.0,1543876440
38,10,4.0,1543882080
329,290,3.5,1543884000
303,51,5.0,1543892160
109,229,4.0,1543894320
38,34,4.0,1543909560
234,58,4.0,1543909920
246,31,4.0,1543911600
202,164,5.0,1543922820
317,92,4.5,1543924380
228,294,4.5,1543934460
431,289,2.5,1543934580
290,293,2.0,1543936080
130,243,2.5,1543940100
130,267,2.5,1543940640
466,151,3.0,1543940700
248,192,3.5,1543943760
357,269,2.0,1543946100
205,201,2.5,1543947540
444,165,3.0,1543949520
40,289,2.5,1543951260
175,110,2.0,1543961100
270,250,4.5,1543964280
466,88,2.5,1543969140
430,197,4.0,1543970100
168,107,3.5,1543976100
419,94,3.5,1543976700
317,91,1.5,1543977420
457,269,4.0,1543980540
449,35,2.5,1543982640
154,290,2.5,1543985280
8,183,1.5,1543988220
71,42,3.0,1543990020
200,269,4.5,1543994940
194,243,4.0,1544000700
65,195,1.5,1544005680
387,280,3.0,1544006340
63,238,3.0,1544015100
190,31,4.0,1544019780
354,17,3.5,1544021760
265,289,2.5,1544024400
278,4,3.5,1544037240
284,6,3.0,1544044380
272,184,2.5,1544046480
255,51,4.0,1544049000
195,269,3.5,1544049960
212,279,2.5,1544052120
273,13,4.0,1544053560
454,35,2.5,1544055660
390,235,3.0,1544065440
321,24,4.0,1544068620
427,137,2.5,1544068620
267,14,3.5,1544069580
303,244,2.5,1544069760
230,231,2.5,1544076000
134,172,5.0,1544082060
431,230,4.0,1544085660
262,64,5.0,1544093580
152,74,3.5,1544093760
251,154,2.5,1544100420
373,141,4.0,1544114220
296,268,3.0,1544115780
284,255,3.5,1544116200
381,154,2.5,1544116500
446,183,4.5,1544117040
499,269,4.0,1544117760
395,146,3.5,1544121240
244,170,2.5,1544136180
18,214,4.0,1544137500
212,105,4.0,1544144280
165,173,3.5,1544149200
413,123,4.0,1544152140
163,146,3.0,1544153040
474,15,2.0,1544154780
203,150,2.5,1544157900
204,141,4.0,1544166000
398,70,3.5,1544173800
399,134,4.0,1544177520
13,245,4.0,1544181480
227,59,5.0,1544191860
101,26,4.5,1544197320
299,108,2.5,1544199420
463,58,3.0,1544201220
114,137,4.5,1544202660
120,255,1.5,1544202720
221,63,2.5,1544210940
223,289,2.0,1544211540
362,171,1.5,1544213700
313,1,3.0,1544214120
189,279,3.0,1544222880
270,263,5.0,1544223000
279,256,2.5,1544226480
117,21,3.0,1544227440
215,185,4.5,1544227800
374,251,3.0,1544232780
135,240,2.5,1544234100
196,254,2.5,1544236680
83,24,3.0,1544236740
192,121,4.0,1544241660
478,5,3.0,1544264220
303,164,4.0,1544266800
115,93,3.5,1544269800
117,153,3.5,1544270940
276,185,3.0,1544272620
287,121,4.0,1544276520
252,240,3.5,1544284080
481,220,3.5,1544288340
95,95,2.5,1544290680
3,269,3.5,1544293440
164,172,5.0,1544300760
462,150,2.5,1544310960
69,60,3.0,1544317020
158,139,2.5,1544322900
119,241,2.5,1544326320
340,26,3.5,1544328840
31,51,3.0,1544351580
190,47,2.5,1544352180
47,160,1.5,1544356320
425,21,4.0,1544358480
284,245,3.5,1544358900
238,8,3.5,1544366760
352,1,3.0,1544373600
437,5,2.0,1544373660
249,178,3.5,1544380260
90,133,2.5,1544380920
394,137,3.0,1544396280
10,172,3.0,1544399460
231,14,4.0,1544400240
214,254,1.5,1544403240
334,28,3.5,1544406120
14,154,2.0,1544413380
401,262,3.5,1544422740
70,207,1.0,1544425440
477,262,2.5,1544433420
165,24,3.5,1544451840
86,101,3.5,1544456820
487,78,3.0,1544463420
145,71,4.5,1544464620
22,59,2.5,1544464800
436,28,4.0,1544465580
371,71,5.0,1544471520
309,275,2.0,1544477040
403,194,3.0,1544482980
174,187,4.5,1544485500
47,94,3.5,1544485680
177,289,3.0,1544486700
406,21,3.0,1544490000
362,170,2.5,1544494260
74,106,2.5,1544501520
462,28,4.5,1544503620
297,34,3.5,1544509560
371,99,3.0,1544513580
71,126,3.5,1544516940
191,134,2.5,1544519340
290,139,1.5,1544530860
468,262,4.0,1544533680
329,174,2.5,1544534880
347,63,3.5,1544536980
326,137,3.5,1544541720
335,138,4.0,1544543100
253,277,3.0,1544544120
260,165,2.5,1544549220
103,82,3.5,1544551140
446,103,4.5,1544552880
137,282,4.0,1544553120
396,14,3.5,1544562000
212,226,3.0,1544562360
262,71,4.0,1544562960
36,217,2.0,1544565720
18,206,3.5,1544569560
70,231,3.5,1544571060
241,243,3.0,1544571120
119,115,3.0,1544571300
286,105,3.5,1544574360
165,200,2.5,1544575680
75,105,3.5,1544577600
124,24,4.0,1544577780
324,171,2.5,1544580660
301,294,2.5,1544583660
225,138,4.0,1544590560
77,184,2.5,1544591400
148,72,2.5,1544608320
23,245,3.0,1544609880
268,14,3.5,1544610240
213,107,4.5,1544610960
490,47,3.5,1544612760
284,253,1.5,1544621700
88,253,3.0,1544622960
16,187,4.5,1544624340
311,48,2.5,1544626140
194,149,3.5,1544627760
338,243,4.0,1544630460
326,275,1.0,1544631480
44,48,2.0,1544636820
279,200,1.0,1544637360
93,55,2.0,1544643840
385,40,4.0,1544646300
421,251,4.0,1544649480
126,173,4.0,1544650920
497,146,2.5,1544658360
474,60,2.0,1544659440
398,185,3.0,1544663040
340,201,3.5,1544664840
482,60,2.5,1544665020
334,107,3.5,1544666040
105,14,3.5,1544667600
180,134,5.0,1544667840
436,230,3.5,1544673180
411,267,4.0,1544679780
331,299,4.0,1544682720
70,162,1.5,1544691660
482,73,4.0,1544696400
382,294,4.0,1544701260
40,64,3.5,1544701320
199,197,4.5,1544702040
402,153,4.0,1544706420
172,156,3.5,1544706720
309,198,2.0,1544711400
168,18,2.5,1544712240
382,63,3.0,1544714520
145,294,3.5,1544714760
238,237,3.5,1544717760
132,105,4.0,1544719260
313,269,4.5,1544730420
230,138,4.5,1544731500
158,24,3.5,1544733660
308,175,3.0,1544734620
200,172,4.5,1544735100
392,182,3.5,1544744820
410,242,2.0,1544747400
113,77,1.5,1544748540
306,156,2.0,1544756220
28,213,4.0,1544756580
433,18,2.0,1544763240
274,279,2.5,1544765520
315,193,3.5,1544771400
278,42,2.5,1544772300
143,121,5.0,1544775840
310,175,3.0,1544779080
339,127,3.5,1544784960
353,279,2.5,1544785980
372,256,3.0,1544788260
385,220,3.5,1544788560
254,95,3.0,1544792700
23,221,2.5,1544793720
21,176,3.5,1544797200
185,270,4.0,1544797620
452,137,5.0,1544799060
98,127,3.0,1544799420
262,150,3.0,1544799840
267,27,2.0,1544800800
167,245,2.0,1544802360
153,178,3.5,1544803200
194,138,5.0,1544806140
456,221,3.5,1544807280
297,177,2.5,1544811960
122,173,3.5,1544825040
371,197,4.0,1544828220
300,279,3.5,1544830380
34,156,1.0,1544831400
63,63,3.0,1544836560
46,165,3.0,1544839800
308,49,4.5,1544845440
244,207,1.5,1544852280
142,222,2.0,1544858760
243,10,3.0,1544859720
364,210,4.0,1544865240
354,208,3.0,1544867160
262,65,5.0,1544869440
349,184,3.5,1544871240
463,275,1.5,1544872860
397,240,2.5,1544879820
183,243,4.5,1544880720
149,249,3.0,1544890020
168,21,3.5,1544896260
347,162,2.5,1544911080
398,106,3.5,1544913900
365,6,2.5,1544916600
380,65,3.5,1544920440
84,83,4.5,1544927580
86,138,3.5,1544929260
264,94,4.0,1544932200
179,36,5.0,1544935500
406,64,3.5,1544939880
82,49,3.5,1544940120
115,129,4.0,1544941920
109,30,2.5,1544953680
393,172,5.0,1544954760
18,152,4.0,1544962680
292,263,4.5,1544964540
110,299,3.5,1544966100
402,245,3.0,1544970360
63,251,3.5,1544972520
412,3,3.0,1544973420
91,169,3.0,1544974500
478,255,4.0,1544975220
455,17,3.5,1544977560
462,261,3.0,1544978220
415,172,4.5,1544981520
375,172,4.0,1544988180
212,32,2.0,1544991780
188,18,3.5,1545001140
291,10,4.0,1545003660
332,136,2.5,1545014100
162,65,5.0,1545020760
481,115,4.0,1545023100
194,289,3.5,1545023460
372,260,4.5,1545029280
497,244,3.5,1545030060
3,197,4.5,1545034920
176,94,3.0,1545035040
239,177,3.0,1545035460
306,129,2.5,1545036840
241,35,2.0,1545045120
477,96,3.0,1545047760
380,220,2.5,1545064860
115,154,2.5,1545065700
129,290,1.5,1545066180
19,235,2.5,1545075360
158,13,4.0,1545079500
50,55,3.5,1545081000
466,207,3.0,1545082320
153,85,4.0,1545085740
477,154,2.0,1545092520
184,240,3.5,1545101160
172,242,3.5,1545106500
465,284,3.5,1545108840
458,255,2.5,1545109920
450,35,2.5,1545111720
354,225,2.5,1545112380
323,59,2.5,1545117180
285,227,3.5,1545118620
72,171,2.5,1545130620
328,154,2.5,1545130920
484,269,4.5,1545131100
450,255,3.5,1545133500
70,255,3.0,1545136020
444,203,3.0,1545137280
96,241,2.0,1545138480
460,292,3.5,1545142440
220,289,2.0,1545143580
482,275,1.5,1545144300
411,43,4.0,1545146520
212,176,2.5,1545153720
261,258,3.0,1545156120
82,175,3.0,1545158820
430,279,2.5,1545164220
298,203,3.0,1545184080
484,240,3.0,1545185940
290,250,3.0,1545196440
209,63,3.0,1545197040
405,276,3.0,1545198360
289,141,5.0,1545203160
452,83,3.0,1545206460
315,146,2.0,1545210060
167,51,4.0,1545211500
346,214,3.0,1545222900
280,251,5.0,1545224280
412,252,4.0,1545224280
220,72,2.5,1545231660
372,251,3.5,1545235320
127,94,3.5,1545237120
83,217,4.0,1545238140
485,13,2.5,1545238500
456,198,3.0,1545241620
389,151,3.0,1545244200
440,231,3.0,1545246780
227,134,4.0,1545248460
389,161,3.5,1545254580
3,36,4.0,1545254700
481,197,4.0,1545256080
358,266,2.5,1545257640
180,63,2.5,1545261600
203,176,2.5,1545262380
449,250,4.5,1545263460
434,34,3.5,1545266460
127,105,3.5,1545275940
320,174,4.5,1545280200
318,195,2.5,1545286440
211,177,2.5,1545299520
241,278,2.0,1545299640
73,172,5.0,1545312540
165,179,3.5,1545314520
456,260,4.0,1545316680
177,15,3.0,1545318780
91,195,2.0,1545322500
351,279,3.5,1545323040
378,5,3.0,1545324540
230,73,2.5,1545326400
404,65,4.0,1545327360
152,175,3.5,1545327780
402,217,4.0,1545338220
120,294,1.5,1545341700
363,173,3.5,1545344100
217,293,4.0,1545349740
190,30,4.0,1545356220
90,254,3.5,1545356520
401,255,3.5,1545359340
43,193,5.0,1545365460
470,291,2.5,1545371820
289,73,5.0,1545372000
224,157,3.0,1545385500
115,60,1.5,1545388980
417,94,3.5,1545393660
445,222,2.5,1545394620
25,233,3.0,1545399480
155,160,3.0,1545400560
368,269,5.0,1545400680
217,35,1.0,1545401820
86,166,5.0,1545406500
74,183,3.5,1545413760
168,35,2.0,1545415200
108,284,4.0,1545416820
122,156,2.5,1545418080
181,176,2.5,1545423900
434,180,4.0,1545425400
134,79,5.0,1545428940
435,45,2.5,1545433380
117,93,3.0,1545446160
293,266,2.0,1545457500
315,268,3.5,1545459000
63,229,4.5,1545460440
345,275,1.0,1545463680
339,48,3.5,1545465420
67,173,4.0,1545468600
349,153,3.5,1545469140
87,24,4.5,1545473940
226,205,3.0,1545476640
15,133,3.0,1545476940
280,127,3.5,1545484980
99,231,2.5,1545493020
500,208,3.5,1545493080
234,64,4.0,1545497940
422,288,2.5,1545498480
253,243,3.5,1545503520
442,52,4.5,1545509220
447,106,4.0,1545509760
155,244,2.5,1545514560
12,251,3.0,1545516960
347,14,3.5,1545525420
246,66,3.0,1545527640
190,276,2.0,1545531120
173,28,5.0,1545535560
148,79,4.5,1545536760
175,88,2.5,1545539460
432,6,3.0,1545542520
112,101,3.5,1545544860
20,15,3.0,1545547740
394,68,3.0,1545550440
399,269,3.0,1545551040
47,143,2.5,1545560940
351,24,2.0,1545573900
279,65,4.5,1545574980
233,220,4.0,1545577560
472,80,2.5,1545580320
246,156,2.0,1545610140
389,79,4.5,1545613200
63,253,2.5,1545615300
163,78,3.5,1545620100
177,139,3.0,1545626040
482,252,5.0,1545626820
324,200,5.0,1545626820
261,289,2.0,1545627600
210,193,4.5,1545637080
103,179,5.0,1545640080
91,101,4.0,1545642480
225,141,5.0,1545645180
454,292,3.0,1545646320
158,128,4.0,1545649260
165,289,1.5,1545650640
274,137,3.5,1545655020
98,52,3.0,1545659040
319,180,2.5,1545663000
445,264,3.5,1545664380
70,12,3.0,1545671880
80,13,4.5,1545683760
101,231,4.0,1545693540
430,64,3.0,1545696000
446,137,5.0,1545700500
370,13,4.0,1545701700
144,289,2.5,1545705540
291,37,3.0,1545705840
494,294,3.0,1545710040
135,92,2.5,1545718200
99,200,1.5,1545719700
425,154,3.0,1545719880
472,243,3.5,1545721020
76,300,3.5,1545722940
310,229,4.5,1545737640
480,45,1.5,1545742200
153,105,4.5,1545743640
125,225,3.0,1545743940
391,146,4.0,1545745200
161,45,3.0,1545753540
499,284,3.5,1545760140
258,134,3.5,1545760620
444,205,4.0,1545762780
100,56,3.5,1545766200
329,150,4.0,1545768120
112,72,1.0,1545773460
193,51,3.0,1545781140
295,6,4.0,1545791400
149,156,2.0,1545793200
261,169,3.0,1545797880
440,202,4.0,1545800760
230,99,2.5,1545806160
77,43,3.0,1545809460
420,24,3.5,1545811140
84,256,4.0,1545813600
396,267,2.5,1545822120
482,151,4.0,1545823080
60,233,3.0,1545829440
196,52,2.0,1545837480
209,127,4.0,1545844380
355,41,4.0,1545849480
8,296,3.0,1545858660
342,231,2.0,1545861120
108,243,3.5,1545865620
299,18,3.0,1545867780
155,77,1.5,1545874500
164,240,3.5,1545875940
295,217,4.5,1545877980
383,162,4.0,1545880200
438,29,3.0,1545880380
10,291,1.5,1545883140
131,245,3.5,1545886020
126,245,2.0,1545886620
111,43,3.0,1545890040
68,244,1.5,1545891720
500,138,3.5,1545895500
360,101,0.5,1545897000
82,186,3.0,1545906420
335,81,3.5,1545912180
333,134,4.0,1545918600
273,126,3.0,1545922680
384,294,3.0,1545923160
448,185,3.5,1545930840
370,214,4.0,1545935820
292,300,3.5,1545939480
489,5,2.0,1545942360
400,20,3.5,1545943260
491,2,1.5,1545950760
62,193,5.0,1545970260
466,280,3.0,1545970500
350,182,4.0,1545972600
289,294,3.0,1545976080
388,2,1.5,1545989940
250,70,2.5,1545993600
410,250,3.5,1545995040
479,279,3.0,1545995160
220,236,3.0,1546012500
142,231,2.5,1546019640
6,293,1.5,1546022160
335,64,3.5,1546028820
148,275,1.5,1546031220
89,159,4.5,1546033020
228,64,3.0,1546039320
499,70,2.0,1546044300
296,244,2.5,1546050480
262,96,4.5,1546058040
139,121,3.0,1546061280
485,141,2.5,1546062900
482,220,2.5,1546067820
302,269,2.5,1546068900
444,89,5.0,1546069080
244,183,3.0,1546075860
500,291,3.0,1546078560
304,76,5.0,1546083120
141,83,2.0,1546088400
324,155,4.5,1546089840
95,250,4.0,1546091580
419,296,5.0,1546099080
494,27,3.0,1546104600
239,273,2.5,1546108740
285,240,3.5,1546111440
430,138,3.5,1546113480
138,231,3.0,1546114200
27,176,3.0,1546118460
437,24,3.5,1546122420
371,15,2.0,1546125120
121,58,4.5,1546125240
121,60,2.5,1546128660
190,238,3.5,1546132440
368,251,4.5,1546133880
128,175,4.0,1546143000
174,55,3.5,1546152180
451,250,3.0,1546152420
359,230,4.0,1546156500
139,67,3.0,1546156860
180,239,1.5,1546157640
117,64,3.0,1546167300
24,4,2.5,1546173240
87,170,3.0,1546174440
420,207,2.0,1546174920
48,254,3.5,1546178700
102,279,2.5,1546183080
225,73,4.0,1546188480
209,137,4.0,1546189440
